name_en,name_ar,aliases,category,calories_per_100g,protein_grams_per_100g,carbohydrate_grams_per_100g,fat_grams_per_100g,created_by_user_id,source,external_source_id,source_version,is_active,archived_at
"Alcoholic Beverage, wine, table, red, Barbera",,,BEVERAGES,85.0,0.07,2.79,0.0,,USDA_FDC_SR_LEGACY,14101,2018-04,True,
"Alcoholic Beverage, wine, table, red, Burgundy",,,BEVERAGES,86.0,0.07,3.69,0.0,,USDA_FDC_SR_LEGACY,14152,2018-04,True,
"Alcoholic Beverage, wine, table, red, Cabernet Franc",,,BEVERAGES,83.0,0.07,2.45,0.0,,USDA_FDC_SR_LEGACY,14098,2018-04,True,
"Alcoholic Beverage, wine, table, red, Cabernet Sauvignon",,,BEVERAGES,83.0,0.07,2.6,0.0,,USDA_FDC_SR_LEGACY,14097,2018-04,True,
"Alcoholic Beverage, wine, table, red, Carignane",,,BEVERAGES,74.0,0.07,2.4,0.0,,USDA_FDC_SR_LEGACY,14109,2018-04,True,
"Alcoholic Beverage, wine, table, red, Claret",,,BEVERAGES,83.0,0.07,3.01,0.0,,USDA_FDC_SR_LEGACY,14105,2018-04,True,
"Alcoholic Beverage, wine, table, red, Gamay",,,BEVERAGES,78.0,0.07,2.38,0.0,,USDA_FDC_SR_LEGACY,14158,2018-04,True,
"Alcoholic Beverage, wine, table, red, Lemberger",,,BEVERAGES,80.0,0.07,2.46,0.0,,USDA_FDC_SR_LEGACY,14107,2018-04,True,
"Alcoholic Beverage, wine, table, red, Merlot",,,BEVERAGES,83.0,0.07,2.51,0.0,,USDA_FDC_SR_LEGACY,14602,2018-04,True,
"Alcoholic Beverage, wine, table, red, Mouvedre",,,BEVERAGES,88.0,0.07,2.64,0.0,,USDA_FDC_SR_LEGACY,14159,2018-04,True,
"Alcoholic Beverage, wine, table, red, Petite Sirah",,,BEVERAGES,85.0,0.07,2.68,0.0,,USDA_FDC_SR_LEGACY,14103,2018-04,True,
"Alcoholic Beverage, wine, table, red, Pinot Noir",,,BEVERAGES,82.0,0.07,2.31,0.0,,USDA_FDC_SR_LEGACY,14099,2018-04,True,
"Alcoholic Beverage, wine, table, red, Sangiovese",,,BEVERAGES,86.0,0.07,2.62,0.0,,USDA_FDC_SR_LEGACY,14108,2018-04,True,
"Alcoholic Beverage, wine, table, red, Syrah",,,BEVERAGES,83.0,0.07,2.58,0.0,,USDA_FDC_SR_LEGACY,14100,2018-04,True,
"Alcoholic Beverage, wine, table, red, Zinfandel",,,BEVERAGES,88.0,0.07,2.86,0.0,,USDA_FDC_SR_LEGACY,14102,2018-04,True,
"Alcoholic beverage, beer, light",,,BEVERAGES,29.0,0.24,1.64,0.0,,USDA_FDC_SR_LEGACY,14006,2018-04,True,
"Alcoholic beverage, beer, light, BUD LIGHT",,,BEVERAGES,29.0,0.25,1.3,0.0,,USDA_FDC_SR_LEGACY,14007,2018-04,True,
"Alcoholic beverage, beer, light, BUDWEISER SELECT",,,BEVERAGES,28.0,0.2,0.87,0.0,,USDA_FDC_SR_LEGACY,14005,2018-04,True,
"Alcoholic beverage, beer, light, higher alcohol",,,BEVERAGES,46.0,0.25,0.77,0.0,,USDA_FDC_SR_LEGACY,14248,2018-04,True,
"Alcoholic beverage, beer, light, low carb",,,BEVERAGES,27.0,0.17,0.73,0.0,,USDA_FDC_SR_LEGACY,14013,2018-04,True,
"Alcoholic beverage, beer, regular, BUDWEISER",,,BEVERAGES,41.0,0.36,2.97,0.0,,USDA_FDC_SR_LEGACY,14004,2018-04,True,
"Alcoholic beverage, beer, regular, all",,,BEVERAGES,43.0,0.46,3.55,0.0,,USDA_FDC_SR_LEGACY,14003,2018-04,True,
"Alcoholic beverage, creme de menthe, 72 proof",,,BEVERAGES,371.0,0.0,41.6,0.3,,USDA_FDC_SR_LEGACY,14034,2018-04,True,
"Alcoholic beverage, daiquiri, canned",,,BEVERAGES,125.0,0.0,15.7,0.0,,USDA_FDC_SR_LEGACY,14009,2018-04,True,
"Alcoholic beverage, daiquiri, prepared-from-recipe",,,BEVERAGES,186.0,0.06,6.94,0.06,,USDA_FDC_SR_LEGACY,14010,2018-04,True,
"Alcoholic beverage, distilled, all (gin, rum, vodka, whiskey) 100 proof",,,BEVERAGES,295.0,0.0,0.0,0.0,,USDA_FDC_SR_LEGACY,14533,2018-04,True,
"Alcoholic beverage, distilled, all (gin, rum, vodka, whiskey) 80 proof",,,BEVERAGES,231.0,0.0,0.0,0.0,,USDA_FDC_SR_LEGACY,14037,2018-04,True,
"Alcoholic beverage, distilled, all (gin, rum, vodka, whiskey) 86 proof",,,BEVERAGES,250.0,0.0,0.1,0.0,,USDA_FDC_SR_LEGACY,14550,2018-04,True,
"Alcoholic beverage, distilled, all (gin, rum, vodka, whiskey) 90 proof",,,BEVERAGES,263.0,0.0,0.0,0.0,,USDA_FDC_SR_LEGACY,14551,2018-04,True,
"Alcoholic beverage, distilled, all (gin, rum, vodka, whiskey) 94 proof",,,BEVERAGES,275.0,0.0,0.0,0.0,,USDA_FDC_SR_LEGACY,14532,2018-04,True,
"Alcoholic beverage, distilled, rum, 80 proof",,,BEVERAGES,231.0,0.0,0.0,0.0,,USDA_FDC_SR_LEGACY,14050,2018-04,True,
"Alcoholic beverage, distilled, vodka, 80 proof",,,BEVERAGES,231.0,0.0,0.0,0.0,,USDA_FDC_SR_LEGACY,14051,2018-04,True,
"Alcoholic beverage, distilled, whiskey, 86 proof",,,BEVERAGES,250.0,0.0,0.1,0.0,,USDA_FDC_SR_LEGACY,14052,2018-04,True,
"Alcoholic beverage, liqueur, coffee with cream, 34 proof",,,BEVERAGES,327.0,2.8,20.9,15.7,,USDA_FDC_SR_LEGACY,14415,2018-04,True,
"Alcoholic beverage, liqueur, coffee, 53 proof",,,BEVERAGES,336.0,0.1,46.8,0.3,,USDA_FDC_SR_LEGACY,14414,2018-04,True,
"Alcoholic beverage, liqueur, coffee, 63 proof",,,BEVERAGES,308.0,0.1,32.2,0.3,,USDA_FDC_SR_LEGACY,14534,2018-04,True,
"Alcoholic beverage, malt beer, hard lemonade",,,BEVERAGES,68.0,0.0,10.07,0.0,,USDA_FDC_SR_LEGACY,14239,2018-04,True,
"Alcoholic beverage, pina colada, canned",,,BEVERAGES,237.0,0.6,27.6,7.6,,USDA_FDC_SR_LEGACY,14015,2018-04,True,
"Alcoholic beverage, pina colada, prepared-from-recipe",,,BEVERAGES,174.0,0.42,22.66,1.88,,USDA_FDC_SR_LEGACY,14017,2018-04,True,
"Alcoholic beverage, rice (sake)",,,BEVERAGES,134.0,0.5,5.0,0.0,,USDA_FDC_SR_LEGACY,43479,2018-04,True,
"Alcoholic beverage, tequila sunrise, canned",,,BEVERAGES,110.0,0.3,11.3,0.1,,USDA_FDC_SR_LEGACY,14019,2018-04,True,
"Alcoholic beverage, whiskey sour",,,BEVERAGES,149.0,0.0,13.17,0.03,,USDA_FDC_SR_LEGACY,14531,2018-04,True,
"Alcoholic beverage, whiskey sour, canned",,,BEVERAGES,119.0,0.0,13.4,0.0,,USDA_FDC_SR_LEGACY,14027,2018-04,True,
"Alcoholic beverage, whiskey sour, prepared from item 14028",,,BEVERAGES,153.0,0.06,12.82,0.06,,USDA_FDC_SR_LEGACY,14029,2018-04,True,
"Alcoholic beverage, whiskey sour, prepared with water, whiskey and powder mix",,,BEVERAGES,164.0,0.1,15.85,0.02,,USDA_FDC_SR_LEGACY,14025,2018-04,True,
"Alcoholic beverage, wine, cooking",,,BEVERAGES,50.0,0.5,6.3,0.0,,USDA_FDC_SR_LEGACY,43154,2018-04,True,
"Alcoholic beverage, wine, dessert, dry",,,BEVERAGES,152.0,0.2,11.67,0.0,,USDA_FDC_SR_LEGACY,14536,2018-04,True,
"Alcoholic beverage, wine, dessert, sweet",,,BEVERAGES,160.0,0.2,13.69,0.0,,USDA_FDC_SR_LEGACY,14057,2018-04,True,
"Alcoholic beverage, wine, light",,,BEVERAGES,49.0,0.07,1.17,0.0,,USDA_FDC_SR_LEGACY,43155,2018-04,True,
"Alcoholic beverage, wine, table, all",,,BEVERAGES,83.0,0.07,2.72,0.0,,USDA_FDC_SR_LEGACY,14084,2018-04,True,
"Alcoholic beverage, wine, table, red",,,BEVERAGES,85.0,0.07,2.61,0.0,,USDA_FDC_SR_LEGACY,14096,2018-04,True,
"Alcoholic beverage, wine, table, white",,,BEVERAGES,82.0,0.07,2.6,0.0,,USDA_FDC_SR_LEGACY,14106,2018-04,True,
"Alcoholic beverage, wine, table, white, Chardonnay",,,BEVERAGES,84.0,0.07,2.16,0.0,,USDA_FDC_SR_LEGACY,14160,2018-04,True,
"Alcoholic beverage, wine, table, white, Chenin Blanc",,,BEVERAGES,80.0,0.07,3.31,0.0,,USDA_FDC_SR_LEGACY,14116,2018-04,True,
"Alcoholic beverage, wine, table, white, Fume Blanc",,,BEVERAGES,82.0,0.07,2.27,0.0,,USDA_FDC_SR_LEGACY,14117,2018-04,True,
"Alcoholic beverage, wine, table, white, Gewurztraminer",,,BEVERAGES,81.0,0.07,2.6,0.0,,USDA_FDC_SR_LEGACY,14124,2018-04,True,
"Alcoholic beverage, wine, table, white, Muller Thurgau",,,BEVERAGES,76.0,0.07,3.48,0.0,,USDA_FDC_SR_LEGACY,14120,2018-04,True,
"Alcoholic beverage, wine, table, white, Muscat",,,BEVERAGES,82.0,0.07,5.23,0.0,,USDA_FDC_SR_LEGACY,14140,2018-04,True,
"Alcoholic beverage, wine, table, white, Pinot Blanc",,,BEVERAGES,81.0,0.07,1.94,0.0,,USDA_FDC_SR_LEGACY,14138,2018-04,True,
"Alcoholic beverage, wine, table, white, Pinot Gris (Grigio)",,,BEVERAGES,83.0,0.07,2.06,0.0,,USDA_FDC_SR_LEGACY,14113,2018-04,True,
"Alcoholic beverage, wine, table, white, Riesling",,,BEVERAGES,80.0,0.07,3.74,0.0,,USDA_FDC_SR_LEGACY,14132,2018-04,True,
"Alcoholic beverage, wine, table, white, Sauvignon Blanc",,,BEVERAGES,81.0,0.07,2.05,0.0,,USDA_FDC_SR_LEGACY,14134,2018-04,True,
"Alcoholic beverage, wine, table, white, Semillon",,,BEVERAGES,82.0,0.07,3.12,0.0,,USDA_FDC_SR_LEGACY,14126,2018-04,True,
"Alcoholic beverage, wine, table, white, late harvest",,,BEVERAGES,112.0,0.07,13.39,0.0,,USDA_FDC_SR_LEGACY,14135,2018-04,True,
"Alcoholic beverage, wine, table, white, late harvest, Gewurztraminer",,,BEVERAGES,108.0,0.07,11.39,0.0,,USDA_FDC_SR_LEGACY,14125,2018-04,True,
"Alcoholic beverages, beer, higher alcohol",,,BEVERAGES,58.0,0.9,0.27,0.0,,USDA_FDC_SR_LEGACY,14251,2018-04,True,
"Alcoholic beverages, wine, rose",,,BEVERAGES,83.0,0.36,3.8,0.0,,USDA_FDC_SR_LEGACY,14253,2018-04,True,
"Almond milk, unsweetened, plain, refrigerated",,,BEVERAGES,19.33,0.66,0.67,1.56,,USDA_FDC_FOUNDATION,100276,2026-04-30,True,
"Almond milk, unsweetened, plain, shelf stable",,,BEVERAGES,14.56,0.55,0.34,1.22,,USDA_FDC_FOUNDATION,14091,2026-04-30,True,
"Beverages, ABBOTT, EAS soy protein powder",,,BEVERAGES,405.0,47.62,43.94,3.57,,USDA_FDC_SR_LEGACY,14035,2018-04,True,
"Beverages, ABBOTT, EAS whey protein powder",,,BEVERAGES,385.0,66.67,17.95,5.13,,USDA_FDC_SR_LEGACY,14033,2018-04,True,
"Beverages, ABBOTT, ENSURE PLUS, ready-to-drink",,,BEVERAGES,141.0,5.16,19.88,4.52,,USDA_FDC_SR_LEGACY,43528,2018-04,True,
"Beverages, ABBOTT, ENSURE, Nutritional Shake, Ready-to-Drink",,,BEVERAGES,105.0,3.8,16.88,2.53,,USDA_FDC_SR_LEGACY,14062,2018-04,True,
"Beverages, AMBER, hard cider",,,BEVERAGES,56.0,0.0,5.92,0.0,,USDA_FDC_SR_LEGACY,14250,2018-04,True,
"Beverages, ARIZONA, tea, ready-to-drink, lemon",,,BEVERAGES,39.0,0.0,9.77,0.0,,USDA_FDC_SR_LEGACY,14475,2018-04,True,
"Beverages, Acai berry drink, fortified",,,BEVERAGES,62.0,0.83,12.83,0.83,,USDA_FDC_SR_LEGACY,14056,2018-04,True,
"Beverages, Apple juice drink, light, fortified with vitamin C",,,BEVERAGES,22.0,0.0,5.1,0.1,,USDA_FDC_SR_LEGACY,14162,2018-04,True,
"Beverages, COCA-COLA, POWERADE, lemon-lime flavored, ready-to-drink",,,BEVERAGES,32.0,0.0,7.84,0.05,,USDA_FDC_SR_LEGACY,14461,2018-04,True,
"Beverages, CYTOSPORT, Muscle Milk, ready-to-drink",,,BEVERAGES,52.0,5.87,2.28,2.17,,USDA_FDC_SR_LEGACY,14036,2018-04,True,
"Beverages, Carob-flavor beverage mix, powder",,,BEVERAGES,372.0,1.8,93.3,0.2,,USDA_FDC_SR_LEGACY,14168,2018-04,True,
"Beverages, Carob-flavor beverage mix, powder, prepared with whole milk",,,BEVERAGES,75.0,3.16,8.68,3.11,,USDA_FDC_SR_LEGACY,14169,2018-04,True,
"Beverages, Chocolate-flavored drink, whey and milk based",,,BEVERAGES,49.0,0.64,10.68,0.4,,USDA_FDC_SR_LEGACY,43369,2018-04,True,
"Beverages, Clam and tomato juice, canned",,,BEVERAGES,48.0,0.6,10.95,0.2,,USDA_FDC_SR_LEGACY,14187,2018-04,True,
"Beverages, Cocktail mix, non-alcoholic, concentrated, frozen",,,BEVERAGES,287.0,0.08,71.6,0.01,,USDA_FDC_SR_LEGACY,44203,2018-04,True,
"Beverages, Cocoa mix, NESTLE, Hot Cocoa Mix Rich Chocolate With Marshmallows",,,BEVERAGES,400.0,2.8,75.0,15.0,,USDA_FDC_SR_LEGACY,14195,2018-04,True,
"Beverages, Cocoa mix, low calorie, powder, with added calcium, phosphorus, aspartame, without added sodium or vitamin A",,,BEVERAGES,359.0,25.1,58.0,3.0,,USDA_FDC_SR_LEGACY,14538,2018-04,True,
"Beverages, Cocoa mix, no sugar added, powder",,,BEVERAGES,377.0,15.49,71.93,3.0,,USDA_FDC_SR_LEGACY,14196,2018-04,True,
"Beverages, Cocoa mix, powder",,,BEVERAGES,398.0,6.67,83.73,4.0,,USDA_FDC_SR_LEGACY,14192,2018-04,True,
"Beverages, Cocoa mix, powder, prepared with water",,,BEVERAGES,55.0,0.92,11.54,0.55,,USDA_FDC_SR_LEGACY,14194,2018-04,True,
"Beverages, Coconut water, ready-to-drink, unsweetened",,,BEVERAGES,18.0,0.22,4.24,0.0,,USDA_FDC_SR_LEGACY,14090,2018-04,True,
"Beverages, Cranberry juice cocktail",,,BEVERAGES,52.0,0.0,12.25,0.34,,USDA_FDC_SR_LEGACY,14284,2018-04,True,
"Beverages, DANNON, water, bottled, non-carbonated, with Fluoride",,,BEVERAGES,0.0,0.0,0.03,0.0,,USDA_FDC_SR_LEGACY,14440,2018-04,True,
"Beverages, Dairy drink mix, chocolate, reduced calorie, with low-calorie sweeteners, powder",,,BEVERAGES,329.0,25.0,51.4,2.6,,USDA_FDC_SR_LEGACY,14422,2018-04,True,
"Beverages, Eggnog-flavor mix, powder, prepared with whole milk",,,BEVERAGES,95.0,2.93,14.2,3.02,,USDA_FDC_SR_LEGACY,14245,2018-04,True,
"Beverages, Energy Drink with carbonated water and high fructose corn syrup",,,BEVERAGES,62.0,0.42,15.0,0.0,,USDA_FDC_SR_LEGACY,14060,2018-04,True,
"Beverages, Energy Drink, Monster, fortified with vitamins C, B2, B3, B6, B12",,,BEVERAGES,47.0,0.47,11.28,0.0,,USDA_FDC_SR_LEGACY,14627,2018-04,True,
"Beverages, Energy Drink, sugar free",,,BEVERAGES,4.0,0.42,0.42,0.0,,USDA_FDC_SR_LEGACY,14061,2018-04,True,
"Beverages, Energy drink, AMP",,,BEVERAGES,46.0,0.25,12.08,0.08,,USDA_FDC_SR_LEGACY,14625,2018-04,True,
"Beverages, Energy drink, AMP, sugar free",,,BEVERAGES,2.0,0.0,1.03,0.0,,USDA_FDC_SR_LEGACY,14628,2018-04,True,
"Beverages, Energy drink, Citrus",,,BEVERAGES,45.0,0.0,11.27,0.0,,USDA_FDC_SR_LEGACY,14021,2018-04,True,
"Beverages, Energy drink, FULL THROTTLE",,,BEVERAGES,46.0,0.25,12.08,0.08,,USDA_FDC_SR_LEGACY,14626,2018-04,True,
"Beverages, Energy drink, RED BULL",,,BEVERAGES,43.0,0.46,10.23,0.0,,USDA_FDC_SR_LEGACY,14154,2018-04,True,
"Beverages, Energy drink, RED BULL, sugar free, with added caffeine, niacin, pantothenic acid, vitamins B6 and B12",,,BEVERAGES,5.0,0.25,0.7,0.08,,USDA_FDC_SR_LEGACY,14156,2018-04,True,
"Beverages, Energy drink, ROCKSTAR",,,BEVERAGES,58.0,0.34,12.7,0.22,,USDA_FDC_SR_LEGACY,14629,2018-04,True,
"Beverages, Energy drink, ROCKSTAR, sugar free",,,BEVERAGES,4.0,0.25,0.7,0.08,,USDA_FDC_SR_LEGACY,14630,2018-04,True,
"Beverages, Energy drink, VAULT Zero, sugar-free, citrus flavor",,,BEVERAGES,1.0,0.25,0.7,0.08,,USDA_FDC_SR_LEGACY,14641,2018-04,True,
"Beverages, Energy drink, VAULT, citrus flavor",,,BEVERAGES,49.0,0.0,12.99,0.0,,USDA_FDC_SR_LEGACY,14640,2018-04,True,
"Beverages, FUZE, orange mango, fortified with vitamins A, C, E, B6",,,BEVERAGES,38.0,0.68,9.2,0.06,,USDA_FDC_SR_LEGACY,14048,2018-04,True,
"Beverages, Fruit flavored drink containing less than 3% fruit juice, with high vitamin C",,,BEVERAGES,27.0,0.0,6.67,0.0,,USDA_FDC_SR_LEGACY,14646,2018-04,True,
"Beverages, Fruit flavored drink, less than 3% juice, not fortified with vitamin C",,,BEVERAGES,64.0,0.0,16.03,0.0,,USDA_FDC_SR_LEGACY,14645,2018-04,True,
"Beverages, Fruit flavored drink, reduced sugar, greater than 3% fruit juice, high vitamin C, added calcium",,,BEVERAGES,29.0,0.0,6.67,0.37,,USDA_FDC_SR_LEGACY,14647,2018-04,True,
"Beverages, Fruit punch drink, frozen concentrate",,,BEVERAGES,162.0,0.2,41.4,0.0,,USDA_FDC_SR_LEGACY,14268,2018-04,True,
"Beverages, Fruit punch drink, frozen concentrate, prepared with water",,,BEVERAGES,46.0,0.06,11.66,0.0,,USDA_FDC_SR_LEGACY,14269,2018-04,True,
"Beverages, Fruit punch drink, with added nutrients, canned",,,BEVERAGES,47.0,0.0,11.94,0.0,,USDA_FDC_SR_LEGACY,14267,2018-04,True,
"Beverages, GEROLSTEINER BRUNNEN GmbH & Co. KG (Gerolsteiner), naturally sparkling, mineral bottled water",,,BEVERAGES,0.0,0.0,0.0,0.0,,USDA_FDC_SR_LEGACY,14082,2018-04,True,
"Beverages, GEROLSTEINER BRUNNEN GmbH & Co. KG,Gerolsteiner naturally sparkling mineral water,",,,BEVERAGES,0.0,0.0,0.0,0.0,,USDA_FDC_SR_LEGACY,14075,2018-04,True,
"Beverages, Horchata, as served in restaurant",,,BEVERAGES,54.0,0.48,11.52,0.71,,USDA_FDC_SR_LEGACY,14638,2018-04,True,
"Beverages, KRAFT, coffee, instant, French Vanilla Cafe",,,BEVERAGES,481.0,2.5,74.6,19.2,,USDA_FDC_SR_LEGACY,14231,2018-04,True,
"Beverages, Kiwi Strawberry Juice Drink",,,BEVERAGES,47.0,0.0,12.26,0.0,,USDA_FDC_SR_LEGACY,14161,2018-04,True,
"Beverages, LIPTON BRISK, tea, black, ready-to-drink, lemon",,,BEVERAGES,35.0,0.0,8.81,0.0,,USDA_FDC_SR_LEGACY,14476,2018-04,True,
"Beverages, Lemonade fruit juice drink light, fortified with vitamin E and C",,,BEVERAGES,21.0,0.0,5.0,0.0,,USDA_FDC_SR_LEGACY,14174,2018-04,True,
"Beverages, Lemonade, powder",,,BEVERAGES,376.0,0.0,97.57,1.05,,USDA_FDC_SR_LEGACY,14287,2018-04,True,
"Beverages, MINUTE MAID, Lemonada, Limeade",,,BEVERAGES,50.0,0.0,13.75,0.0,,USDA_FDC_SR_LEGACY,14095,2018-04,True,
"Beverages, MONSTER energy drink, low carb",,,BEVERAGES,5.0,0.0,1.38,0.0,,USDA_FDC_SR_LEGACY,14022,2018-04,True,
"Beverages, MOTTS, Apple juice light, fortified with vitamin C",,,BEVERAGES,22.0,0.0,5.1,0.1,,USDA_FDC_SR_LEGACY,14286,2018-04,True,
"Beverages, Malt liquor beverage",,,BEVERAGES,40.0,0.35,0.0,0.0,,USDA_FDC_SR_LEGACY,14252,2018-04,True,
"Beverages, Malted drink mix, chocolate, powder, prepared with whole milk",,,BEVERAGES,85.0,3.37,11.2,3.29,,USDA_FDC_SR_LEGACY,14318,2018-04,True,
"Beverages, Malted drink mix, chocolate, with added nutrients, powder, prepared with whole milk",,,BEVERAGES,87.0,3.29,11.19,3.26,,USDA_FDC_SR_LEGACY,14316,2018-04,True,
"Beverages, Malted drink mix, natural, powder, dairy based.",,,BEVERAGES,428.0,14.29,71.21,9.52,,USDA_FDC_SR_LEGACY,14311,2018-04,True,
"Beverages, Malted drink mix, natural, powder, prepared with whole milk",,,BEVERAGES,88.0,3.86,10.23,3.62,,USDA_FDC_SR_LEGACY,14312,2018-04,True,
"Beverages, Malted drink mix, natural, with added nutrients, powder, prepared with whole milk",,,BEVERAGES,86.0,3.67,10.67,3.21,,USDA_FDC_SR_LEGACY,14310,2018-04,True,
"Beverages, Meal supplement drink, canned, peanut flavor",,,BEVERAGES,101.0,3.5,14.74,3.07,,USDA_FDC_SR_LEGACY,14632,2018-04,True,
"Beverages, Mixed vegetable and fruit juice drink, with added nutrients",,,BEVERAGES,29.0,0.04,7.47,0.01,,USDA_FDC_SR_LEGACY,14119,2018-04,True,
"Beverages, NESTEA, tea, black, ready-to-drink, lemon",,,BEVERAGES,36.0,0.0,9.09,0.0,,USDA_FDC_SR_LEGACY,14137,2018-04,True,
"Beverages, NESTLE, Boost plus, nutritional drink, ready-to-drink",,,BEVERAGES,138.0,5.38,17.29,5.38,,USDA_FDC_SR_LEGACY,14041,2018-04,True,
"Beverages, OCEAN SPRAY, Cran Cherry",,,BEVERAGES,46.0,0.19,12.76,0.0,,USDA_FDC_SR_LEGACY,14256,2018-04,True,
"Beverages, OCEAN SPRAY, Cran Grape",,,BEVERAGES,54.0,0.21,13.16,0.0,,USDA_FDC_SR_LEGACY,14217,2018-04,True,
"Beverages, OCEAN SPRAY, Cran Lemonade",,,BEVERAGES,45.0,0.07,11.12,0.0,,USDA_FDC_SR_LEGACY,14234,2018-04,True,
"Beverages, OCEAN SPRAY, Cran Pomegranate",,,BEVERAGES,47.0,0.07,12.56,0.01,,USDA_FDC_SR_LEGACY,14255,2018-04,True,
"Beverages, OCEAN SPRAY, Cran Raspberry Juice Drink",,,BEVERAGES,49.0,0.28,11.96,0.0,,USDA_FDC_SR_LEGACY,14233,2018-04,True,
"Beverages, OCEAN SPRAY, Cran-Energy, Cranberry Energy Juice Drink",,,BEVERAGES,15.0,0.0,3.75,0.0,,USDA_FDC_SR_LEGACY,14038,2018-04,True,
"Beverages, OCEAN SPRAY, Cranberry-Apple Juice Drink, bottled",,,BEVERAGES,56.0,0.29,13.68,0.0,,USDA_FDC_SR_LEGACY,14220,2018-04,True,
"Beverages, OCEAN SPRAY, Diet Cran Cherry",,,BEVERAGES,4.0,0.21,0.7,0.0,,USDA_FDC_SR_LEGACY,14235,2018-04,True,
"Beverages, OCEAN SPRAY, Diet Cranberry Juice",,,BEVERAGES,4.0,0.07,0.8,0.0,,USDA_FDC_SR_LEGACY,14221,2018-04,True,
"Beverages, OCEAN SPRAY, Light Cranberry",,,BEVERAGES,19.0,0.22,4.72,0.01,,USDA_FDC_SR_LEGACY,14257,2018-04,True,
"Beverages, OCEAN SPRAY, Light Cranberry and Raspberry Flavored Juice",,,BEVERAGES,26.0,0.73,5.77,0.0,,USDA_FDC_SR_LEGACY,14226,2018-04,True,
"Beverages, OCEAN SPRAY, Light Cranberry, Concord Grape",,,BEVERAGES,23.0,0.36,5.78,0.02,,USDA_FDC_SR_LEGACY,14259,2018-04,True,
"Beverages, OCEAN SPRAY, Ruby Red cranberry",,,BEVERAGES,45.0,0.07,11.58,0.01,,USDA_FDC_SR_LEGACY,14285,2018-04,True,
"Beverages, OCEAN SPRAY, White Cranberry Peach",,,BEVERAGES,45.0,0.13,11.88,0.01,,USDA_FDC_SR_LEGACY,14258,2018-04,True,
"Beverages, OCEAN SPRAY, White Cranberry Strawberry Flavored Juice Drink",,,BEVERAGES,49.0,0.22,11.98,0.01,,USDA_FDC_SR_LEGACY,14227,2018-04,True,
"Beverages, OVALTINE, Classic Malt powder",,,BEVERAGES,372.0,0.0,93.33,0.0,,USDA_FDC_SR_LEGACY,14309,2018-04,True,
"Beverages, OVALTINE, chocolate malt powder",,,BEVERAGES,372.0,0.0,92.96,0.0,,USDA_FDC_SR_LEGACY,14315,2018-04,True,
"Beverages, Orange drink, breakfast type, with juice and pulp, frozen concentrate",,,BEVERAGES,153.0,0.4,39.0,0.0,,USDA_FDC_SR_LEGACY,14426,2018-04,True,
"Beverages, Orange drink, breakfast type, with juice and pulp, frozen concentrate, prepared with water",,,BEVERAGES,45.0,0.12,11.32,0.0,,USDA_FDC_SR_LEGACY,14427,2018-04,True,
"Beverages, Orange juice drink",,,BEVERAGES,54.0,0.2,13.41,0.0,,USDA_FDC_SR_LEGACY,42270,2018-04,True,
"Beverages, Orange juice, light, No pulp",,,BEVERAGES,21.0,0.21,5.42,0.0,,USDA_FDC_SR_LEGACY,14064,2018-04,True,
"Beverages, Orange-flavor drink, breakfast type, low calorie, powder",,,BEVERAGES,217.0,3.6,85.9,0.0,,USDA_FDC_SR_LEGACY,14409,2018-04,True,
"Beverages, Orange-flavor drink, breakfast type, with pulp, frozen concentrate, prepared with water",,,BEVERAGES,49.0,0.03,12.21,0.14,,USDA_FDC_SR_LEGACY,14425,2018-04,True,
"Beverages, Orange-flavor drink, breakfast type, with pulp, frozen concentrate.",,,BEVERAGES,172.0,0.1,42.9,0.5,,USDA_FDC_SR_LEGACY,14424,2018-04,True,
"Beverages, PEPSICO QUAKER, Gatorade G2, low calorie",,,BEVERAGES,8.0,0.05,1.94,0.01,,USDA_FDC_SR_LEGACY,14644,2018-04,True,
"Beverages, PEPSICO QUAKER, Gatorade, G performance O 2, ready-to-drink.",,,BEVERAGES,26.0,0.0,6.43,0.0,,USDA_FDC_SR_LEGACY,14460,2018-04,True,
"Beverages, POWERADE, Zero, Mixed Berry",,,BEVERAGES,0.0,0.0,0.14,0.0,,USDA_FDC_SR_LEGACY,14167,2018-04,True,
"Beverages, Powerade Zero Ion4, calorie-free, assorted flavors",,,BEVERAGES,0.0,0.0,0.0,0.0,,USDA_FDC_SR_LEGACY,14599,2018-04,True,
"Beverages, Propel Zero, fruit-flavored, non-carbonated",,,BEVERAGES,5.0,0.0,1.14,0.0,,USDA_FDC_SR_LEGACY,14462,2018-04,True,
"Beverages, Protein powder soy based",,,BEVERAGES,388.0,55.56,28.89,5.56,,USDA_FDC_SR_LEGACY,14067,2018-04,True,
"Beverages, Protein powder whey based",,,BEVERAGES,352.0,78.13,6.25,1.56,,USDA_FDC_SR_LEGACY,14066,2018-04,True,
"Beverages, SLIMFAST, Meal replacement, High Protein Shake, Ready-To-Drink, 3-2-1 plan",,,BEVERAGES,61.0,6.59,0.85,3.38,,USDA_FDC_SR_LEGACY,14044,2018-04,True,
"Beverages, SNAPPLE, tea, black and green, ready to drink, lemon, diet",,,BEVERAGES,2.0,0.1,0.1,0.0,,USDA_FDC_SR_LEGACY,14294,2018-04,True,
"Beverages, SNAPPLE, tea, black and green, ready to drink, peach, diet",,,BEVERAGES,2.0,0.1,0.1,0.0,,USDA_FDC_SR_LEGACY,14291,2018-04,True,
"Beverages, Strawberry-flavor beverage mix, powder, prepared with whole milk",,,BEVERAGES,88.0,3.0,12.3,3.1,,USDA_FDC_SR_LEGACY,14351,2018-04,True,
"Beverages, THE COCA-COLA COMPANY, NOS Zero, energy drink, sugar-free with guarana, fortified with vitamins B6 and B12",,,BEVERAGES,4.0,0.0,1.03,0.0,,USDA_FDC_SR_LEGACY,14026,2018-04,True,
"Beverages, THE COCA-COLA COMPANY, NOS energy drink, Original, grape, loaded cherry, charged citrus, fortified with vitamins B6 and B12",,,BEVERAGES,44.0,0.0,11.25,0.0,,USDA_FDC_SR_LEGACY,14030,2018-04,True,
"Beverages, The COCA-COLA company, DASANI, water, bottled, non-carbonated",,,BEVERAGES,0.0,0.0,0.0,0.0,,USDA_FDC_SR_LEGACY,14434,2018-04,True,
"Beverages, The COCA-COLA company, Glaceau Vitamin Water, Revive Fruit Punch, fortified",,,BEVERAGES,0.0,0.0,0.0,0.0,,USDA_FDC_SR_LEGACY,14093,2018-04,True,
"Beverages, The COCA-COLA company, Hi-C Flashin' Fruit Punch",,,BEVERAGES,45.0,0.0,12.5,0.0,,USDA_FDC_SR_LEGACY,14065,2018-04,True,
"Beverages, The COCA-COLA company, Minute Maid, Lemonade",,,BEVERAGES,46.0,0.0,12.08,0.0,,USDA_FDC_SR_LEGACY,14189,2018-04,True,
"Beverages, Tropical Punch, ready-to-drink",,,BEVERAGES,10.0,0.0,2.5,0.0,,USDA_FDC_SR_LEGACY,14276,2018-04,True,
"Beverages, UNILEVER, SLIMFAST Shake Mix, high protein, whey powder, 3-2-1 Plan,",,,BEVERAGES,433.0,27.87,50.0,13.46,,USDA_FDC_SR_LEGACY,14055,2018-04,True,
"Beverages, UNILEVER, SLIMFAST Shake Mix, powder, 3-2-1 Plan",,,BEVERAGES,448.0,8.13,73.92,13.34,,USDA_FDC_SR_LEGACY,14047,2018-04,True,
"Beverages, UNILEVER, SLIMFAST, meal replacement, regular, ready-to-drink, 3-2-1 Plan",,,BEVERAGES,57.0,3.32,7.74,1.93,,USDA_FDC_SR_LEGACY,14045,2018-04,True,
"Beverages, V8 SPLASH Juice Drinks, Berry Blend",,,BEVERAGES,29.0,0.0,7.41,0.0,,USDA_FDC_SR_LEGACY,14611,2018-04,True,
"Beverages, V8 SPLASH Juice Drinks, Diet Berry Blend",,,BEVERAGES,4.0,0.0,1.23,0.0,,USDA_FDC_SR_LEGACY,14607,2018-04,True,
"Beverages, V8 SPLASH Juice Drinks, Diet Fruit Medley",,,BEVERAGES,4.0,0.0,1.26,0.0,,USDA_FDC_SR_LEGACY,14608,2018-04,True,
"Beverages, V8 SPLASH Juice Drinks, Diet Strawberry Kiwi",,,BEVERAGES,4.0,0.0,1.26,0.0,,USDA_FDC_SR_LEGACY,14609,2018-04,True,
"Beverages, V8 SPLASH Juice Drinks, Diet Tropical Blend",,,BEVERAGES,4.0,0.0,1.26,0.0,,USDA_FDC_SR_LEGACY,14610,2018-04,True,
"Beverages, V8 SPLASH Juice Drinks, Fruit Medley",,,BEVERAGES,33.0,0.0,7.82,0.0,,USDA_FDC_SR_LEGACY,14612,2018-04,True,
"Beverages, V8 SPLASH Juice Drinks, Guava Passion Fruit",,,BEVERAGES,33.0,0.0,7.82,0.0,,USDA_FDC_SR_LEGACY,14613,2018-04,True,
"Beverages, V8 SPLASH Juice Drinks, Mango Peach",,,BEVERAGES,33.0,0.0,8.23,0.0,,USDA_FDC_SR_LEGACY,14614,2018-04,True,
"Beverages, V8 SPLASH Juice Drinks, Orange Pineapple",,,BEVERAGES,29.0,0.0,7.41,0.0,,USDA_FDC_SR_LEGACY,14615,2018-04,True,
"Beverages, V8 SPLASH Juice Drinks, Orchard Blend",,,BEVERAGES,33.0,0.0,7.82,0.0,,USDA_FDC_SR_LEGACY,14616,2018-04,True,
"Beverages, V8 SPLASH Juice Drinks, Strawberry Banana",,,BEVERAGES,29.0,0.0,7.41,0.0,,USDA_FDC_SR_LEGACY,14617,2018-04,True,
"Beverages, V8 SPLASH Juice Drinks, Strawberry Kiwi",,,BEVERAGES,29.0,0.0,7.41,0.0,,USDA_FDC_SR_LEGACY,14618,2018-04,True,
"Beverages, V8 SPLASH Juice Drinks, Tropical Blend",,,BEVERAGES,29.0,0.0,7.41,0.0,,USDA_FDC_SR_LEGACY,14619,2018-04,True,
"Beverages, V8 SPLASH Smoothies, Peach Mango",,,BEVERAGES,37.0,1.22,7.76,0.0,,USDA_FDC_SR_LEGACY,14086,2018-04,True,
"Beverages, V8 SPLASH Smoothies, Strawberry Banana",,,BEVERAGES,37.0,1.22,8.16,0.0,,USDA_FDC_SR_LEGACY,14087,2018-04,True,
"Beverages, V8 SPLASH Smoothies, Tropical Colada",,,BEVERAGES,41.0,1.22,8.54,0.0,,USDA_FDC_SR_LEGACY,14088,2018-04,True,
"Beverages, V8 V- FUSION Juices, Acai Berry",,,BEVERAGES,45.0,0.0,10.98,0.0,,USDA_FDC_SR_LEGACY,14623,2018-04,True,
"Beverages, V8 V-FUSION Juices, Peach Mango",,,BEVERAGES,49.0,0.41,11.38,0.0,,USDA_FDC_SR_LEGACY,14620,2018-04,True,
"Beverages, V8 V-FUSION Juices, Strawberry Banana",,,BEVERAGES,49.0,0.41,11.79,0.0,,USDA_FDC_SR_LEGACY,14621,2018-04,True,
"Beverages, V8 V-FUSION Juices, Tropical",,,BEVERAGES,49.0,0.41,11.38,0.0,,USDA_FDC_SR_LEGACY,14622,2018-04,True,
"Beverages, Vegetable and fruit juice drink, reduced calorie, with low-calorie sweetener, added vitamin C",,,BEVERAGES,4.0,0.0,1.1,0.0,,USDA_FDC_SR_LEGACY,14633,2018-04,True,
"Beverages, WENDY'S, tea, ready-to-drink, unsweetened",,,BEVERAGES,1.0,0.22,0.0,0.0,,USDA_FDC_SR_LEGACY,14601,2018-04,True,
"Beverages, Water with added vitamins and minerals, bottles, sweetened, assorted fruit flavors",,,BEVERAGES,22.0,0.0,5.49,0.0,,USDA_FDC_SR_LEGACY,14605,2018-04,True,
"Beverages, Whey protein powder isolate",,,BEVERAGES,359.0,58.14,29.07,1.16,,USDA_FDC_SR_LEGACY,14058,2018-04,True,
"Beverages, Whiskey sour mix, bottled",,,BEVERAGES,87.0,0.1,21.4,0.1,,USDA_FDC_SR_LEGACY,14028,2018-04,True,
"Beverages, Whiskey sour mix, powder",,,BEVERAGES,383.0,0.6,97.3,0.1,,USDA_FDC_SR_LEGACY,14024,2018-04,True,
"Beverages, Wine, non-alcoholic",,,BEVERAGES,6.0,0.5,1.1,0.0,,USDA_FDC_SR_LEGACY,14553,2018-04,True,
"Beverages, ZEVIA, cola",,,BEVERAGES,0.0,0.0,1.13,0.0,,USDA_FDC_SR_LEGACY,14073,2018-04,True,
"Beverages, ZEVIA, cola, caffeine free",,,BEVERAGES,0.0,0.0,1.13,0.0,,USDA_FDC_SR_LEGACY,14074,2018-04,True,
"Beverages, almond milk, chocolate, ready-to-drink",,,BEVERAGES,50.0,0.63,9.38,1.25,,USDA_FDC_SR_LEGACY,14054,2018-04,True,
"Beverages, almond milk, sweetened, vanilla flavor, ready-to-drink",,,BEVERAGES,38.0,0.42,6.59,1.04,,USDA_FDC_SR_LEGACY,14016,2018-04,True,
"Beverages, almond milk, unsweetened, shelf stable",,,BEVERAGES,15.0,0.4,1.31,0.96,,USDA_FDC_SR_LEGACY,14091,2018-04,True,
"Beverages, aloe vera juice drink, fortified with Vitamin C",,,BEVERAGES,15.0,0.0,3.75,0.0,,USDA_FDC_SR_LEGACY,14216,2018-04,True,
"Beverages, carbonated, SPRITE, lemon-lime, without caffeine",,,BEVERAGES,40.0,0.05,10.14,0.02,,USDA_FDC_SR_LEGACY,14145,2018-04,True,
"Beverages, carbonated, club soda",,,BEVERAGES,0.0,0.0,0.0,0.0,,USDA_FDC_SR_LEGACY,14121,2018-04,True,
"Beverages, carbonated, cola, fast-food cola",,,BEVERAGES,37.0,0.07,9.56,0.02,,USDA_FDC_SR_LEGACY,14400,2018-04,True,
"Beverages, carbonated, cola, regular",,,BEVERAGES,42.0,0.0,10.36,0.25,,USDA_FDC_SR_LEGACY,14148,2018-04,True,
"Beverages, carbonated, cola, without caffeine",,,BEVERAGES,41.0,0.0,10.58,0.0,,USDA_FDC_SR_LEGACY,14147,2018-04,True,
"Beverages, carbonated, ginger ale",,,BEVERAGES,34.0,0.0,8.76,0.0,,USDA_FDC_SR_LEGACY,14136,2018-04,True,
"Beverages, carbonated, grape soda",,,BEVERAGES,43.0,0.0,11.2,0.0,,USDA_FDC_SR_LEGACY,14142,2018-04,True,
"Beverages, carbonated, lemon-lime soda, no caffeine",,,BEVERAGES,41.0,0.09,10.42,0.0,,USDA_FDC_SR_LEGACY,14144,2018-04,True,
"Beverages, carbonated, limeade, high caffeine",,,BEVERAGES,17.0,0.0,4.11,0.11,,USDA_FDC_SR_LEGACY,14165,2018-04,True,
"Beverages, carbonated, low calorie, cola or pepper-type, with aspartame, contains caffeine",,,BEVERAGES,2.0,0.11,0.29,0.03,,USDA_FDC_SR_LEGACY,14416,2018-04,True,
"Beverages, carbonated, low calorie, cola or pepper-type, with aspartame, without caffeine",,,BEVERAGES,1.0,0.12,0.12,0.0,,USDA_FDC_SR_LEGACY,14146,2018-04,True,
"Beverages, carbonated, low calorie, cola or pepper-types, with sodium saccharin, contains caffeine",,,BEVERAGES,0.0,0.0,0.1,0.0,,USDA_FDC_SR_LEGACY,14166,2018-04,True,
"Beverages, carbonated, low calorie, other than cola or pepper, with aspartame, contains caffeine",,,BEVERAGES,0.0,0.1,0.0,0.0,,USDA_FDC_SR_LEGACY,14151,2018-04,True,
"Beverages, carbonated, low calorie, other than cola or pepper, without caffeine",,,BEVERAGES,0.0,0.1,0.0,0.0,,USDA_FDC_SR_LEGACY,14143,2018-04,True,
"Beverages, carbonated, orange",,,BEVERAGES,48.0,0.0,12.3,0.0,,USDA_FDC_SR_LEGACY,14150,2018-04,True,
"Beverages, carbonated, pepper-type, contains caffeine",,,BEVERAGES,41.0,0.0,10.4,0.1,,USDA_FDC_SR_LEGACY,14153,2018-04,True,
"Beverages, carbonated, reduced sugar, cola, contains caffeine and sweeteners",,,BEVERAGES,20.0,0.0,5.16,0.0,,USDA_FDC_SR_LEGACY,14149,2018-04,True,
"Beverages, carbonated, root beer",,,BEVERAGES,41.0,0.0,10.6,0.0,,USDA_FDC_SR_LEGACY,14157,2018-04,True,
"Beverages, carbonated, tonic water",,,BEVERAGES,34.0,0.0,8.8,0.0,,USDA_FDC_SR_LEGACY,14155,2018-04,True,
"Beverages, chocolate almond milk, unsweetened, shelf-stable, fortified with vitamin D2 and E",,,BEVERAGES,21.0,0.83,1.25,1.46,,USDA_FDC_SR_LEGACY,14092,2018-04,True,
"Beverages, chocolate drink, milk and soy based, ready to drink, fortified",,,BEVERAGES,101.0,4.22,17.3,1.69,,USDA_FDC_SR_LEGACY,14163,2018-04,True,
"Beverages, chocolate malt powder, prepared with 1% milk, fortified",,,BEVERAGES,57.0,3.32,8.81,0.97,,USDA_FDC_SR_LEGACY,14164,2018-04,True,
"Beverages, chocolate malt, powder, prepared with fat free milk",,,BEVERAGES,49.0,3.25,8.64,0.17,,USDA_FDC_SR_LEGACY,14083,2018-04,True,
"Beverages, chocolate powder, no sugar added",,,BEVERAGES,350.0,9.09,68.31,4.5,,USDA_FDC_SR_LEGACY,14063,2018-04,True,
"Beverages, chocolate syrup",,,BEVERAGES,279.0,2.1,65.1,1.13,,USDA_FDC_SR_LEGACY,14181,2018-04,True,
"Beverages, chocolate syrup, prepared with whole milk",,,BEVERAGES,90.0,3.07,12.78,2.96,,USDA_FDC_SR_LEGACY,14182,2018-04,True,
"Beverages, chocolate-flavor beverage mix for milk, powder, with added nutrients",,,BEVERAGES,400.0,4.55,90.28,2.27,,USDA_FDC_SR_LEGACY,14557,2018-04,True,
"Beverages, chocolate-flavor beverage mix for milk, powder, with added nutrients, prepared with whole milk",,,BEVERAGES,89.0,3.27,11.87,3.17,,USDA_FDC_SR_LEGACY,14558,2018-04,True,
"Beverages, chocolate-flavor beverage mix, powder, prepared with whole milk",,,BEVERAGES,85.0,3.23,11.96,3.24,,USDA_FDC_SR_LEGACY,14177,2018-04,True,
"Beverages, citrus fruit juice drink, frozen concentrate",,,BEVERAGES,162.0,1.2,40.2,0.1,,USDA_FDC_SR_LEGACY,14262,2018-04,True,
"Beverages, citrus fruit juice drink, frozen concentrate, prepared with water",,,BEVERAGES,46.0,0.34,11.42,0.03,,USDA_FDC_SR_LEGACY,14263,2018-04,True,
"Beverages, cocoa mix, with aspartame, powder, prepared with water",,,BEVERAGES,29.0,1.21,5.61,0.23,,USDA_FDC_SR_LEGACY,14390,2018-04,True,
"Beverages, coconut milk, sweetened, fortified with calcium, vitamins A, B12, D2",,,BEVERAGES,31.0,0.21,2.92,2.08,,USDA_FDC_SR_LEGACY,14171,2018-04,True,
"Beverages, coffee and cocoa, instant, decaffeinated, with whitener and low calorie sweetener",,,BEVERAGES,440.0,9.0,71.4,13.21,,USDA_FDC_SR_LEGACY,14204,2018-04,True,
"Beverages, coffee substitute, cereal grain beverage, powder",,,BEVERAGES,360.0,6.01,78.42,2.52,,USDA_FDC_SR_LEGACY,14236,2018-04,True,
"Beverages, coffee substitute, cereal grain beverage, powder, prepared with whole milk",,,BEVERAGES,65.0,3.3,5.6,3.3,,USDA_FDC_SR_LEGACY,14421,2018-04,True,
"Beverages, coffee substitute, cereal grain beverage, prepared with water",,,BEVERAGES,6.0,0.1,1.3,0.04,,USDA_FDC_SR_LEGACY,14237,2018-04,True,
"Beverages, coffee, brewed, breakfast blend",,,BEVERAGES,2.0,0.3,0.17,0.0,,USDA_FDC_SR_LEGACY,14180,2018-04,True,
"Beverages, coffee, brewed, espresso, restaurant-prepared",,,BEVERAGES,9.0,0.12,1.67,0.18,,USDA_FDC_SR_LEGACY,14210,2018-04,True,
"Beverages, coffee, brewed, espresso, restaurant-prepared, decaffeinated",,,BEVERAGES,9.0,0.1,1.69,0.18,,USDA_FDC_SR_LEGACY,14202,2018-04,True,
"Beverages, coffee, brewed, prepared with tap water",,,BEVERAGES,1.0,0.12,0.0,0.02,,USDA_FDC_SR_LEGACY,14209,2018-04,True,
"Beverages, coffee, brewed, prepared with tap water, decaffeinated",,,BEVERAGES,0.0,0.1,0.0,0.0,,USDA_FDC_SR_LEGACY,14201,2018-04,True,
"Beverages, coffee, instant, chicory",,,BEVERAGES,3.0,0.09,0.75,0.0,,USDA_FDC_SR_LEGACY,14223,2018-04,True,
"Beverages, coffee, instant, decaffeinated, powder",,,BEVERAGES,351.0,11.6,76.0,0.2,,USDA_FDC_SR_LEGACY,14218,2018-04,True,
"Beverages, coffee, instant, decaffeinated, prepared with water",,,BEVERAGES,2.0,0.12,0.43,0.0,,USDA_FDC_SR_LEGACY,14219,2018-04,True,
"Beverages, coffee, instant, mocha, sweetened",,,BEVERAGES,460.0,5.29,74.04,15.87,,USDA_FDC_SR_LEGACY,14224,2018-04,True,
"Beverages, coffee, instant, regular, half the caffeine",,,BEVERAGES,352.0,14.42,73.18,0.5,,USDA_FDC_SR_LEGACY,14203,2018-04,True,
"Beverages, coffee, instant, regular, powder",,,BEVERAGES,353.0,12.2,75.4,0.5,,USDA_FDC_SR_LEGACY,14214,2018-04,True,
"Beverages, coffee, instant, regular, prepared with water",,,BEVERAGES,2.0,0.1,0.34,0.0,,USDA_FDC_SR_LEGACY,14215,2018-04,True,
"Beverages, coffee, instant, vanilla, sweetened, decaffeinated, with non dairy creamer",,,BEVERAGES,465.0,0.0,86.28,13.33,,USDA_FDC_SR_LEGACY,14270,2018-04,True,
"Beverages, coffee, instant, with chicory",,,BEVERAGES,355.0,9.3,78.9,0.2,,USDA_FDC_SR_LEGACY,14222,2018-04,True,
"Beverages, coffee, instant, with whitener, reduced calorie",,,BEVERAGES,509.0,1.96,59.94,29.1,,USDA_FDC_SR_LEGACY,43401,2018-04,True,
"Beverages, coffee, ready to drink, iced, mocha, milk based",,,BEVERAGES,60.0,1.48,11.42,0.98,,USDA_FDC_SR_LEGACY,14183,2018-04,True,
"Beverages, coffee, ready to drink, milk based, sweetened",,,BEVERAGES,71.0,1.98,12.6,1.38,,USDA_FDC_SR_LEGACY,14179,2018-04,True,
"Beverages, coffee, ready to drink, vanilla, light, milk based, sweetened",,,BEVERAGES,36.0,2.14,4.27,1.07,,USDA_FDC_SR_LEGACY,14173,2018-04,True,
"Beverages, cranberry-apple juice drink, bottled",,,BEVERAGES,63.0,0.0,15.85,0.11,,USDA_FDC_SR_LEGACY,14238,2018-04,True,
"Beverages, cranberry-apple juice drink, low calorie, with vitamin C added",,,BEVERAGES,19.0,0.1,4.7,0.0,,USDA_FDC_SR_LEGACY,43404,2018-04,True,
"Beverages, cranberry-apricot juice drink, bottled",,,BEVERAGES,64.0,0.2,16.2,0.0,,USDA_FDC_SR_LEGACY,14240,2018-04,True,
"Beverages, cranberry-grape juice drink, bottled",,,BEVERAGES,56.0,0.2,14.0,0.1,,USDA_FDC_SR_LEGACY,14241,2018-04,True,
"Beverages, dairy drink mix, chocolate, reduced calorie, with aspartame, powder, prepared with water and ice",,,BEVERAGES,29.0,2.19,4.51,0.23,,USDA_FDC_SR_LEGACY,14423,2018-04,True,
"Beverages, drink mix, QUAKER OATS, GATORADE, orange flavor, powder",,,BEVERAGES,388.0,0.0,94.11,1.23,,USDA_FDC_SR_LEGACY,14450,2018-04,True,
"Beverages, fruit juice drink, greater than 3% fruit juice, high vitamin C and added thiamin",,,BEVERAGES,54.0,0.13,13.16,0.0,,USDA_FDC_SR_LEGACY,14648,2018-04,True,
"Beverages, fruit juice drink, greater than 3% juice, high vitamin C",,,BEVERAGES,46.0,0.13,11.35,0.11,,USDA_FDC_SR_LEGACY,14651,2018-04,True,
"Beverages, fruit juice drink, reduced sugar, with vitamin E added",,,BEVERAGES,39.0,0.0,10.0,0.07,,USDA_FDC_SR_LEGACY,14636,2018-04,True,
"Beverages, fruit punch drink, without added nutrients, canned",,,BEVERAGES,48.0,0.0,11.97,0.0,,USDA_FDC_SR_LEGACY,14264,2018-04,True,
"Beverages, fruit punch juice drink, frozen concentrate",,,BEVERAGES,175.0,0.3,43.1,0.7,,USDA_FDC_SR_LEGACY,14405,2018-04,True,
"Beverages, fruit punch juice drink, frozen concentrate, prepared with water",,,BEVERAGES,42.0,0.07,11.4,0.17,,USDA_FDC_SR_LEGACY,14406,2018-04,True,
"Beverages, fruit punch-flavor drink, powder, without added sodium, prepared with water",,,BEVERAGES,37.0,0.0,9.47,0.01,,USDA_FDC_SR_LEGACY,14541,2018-04,True,
"Beverages, fruit-flavored drink, dry powdered mix, low calorie, with aspartame",,,BEVERAGES,218.0,0.45,87.38,0.04,,USDA_FDC_SR_LEGACY,42055,2018-04,True,
"Beverages, fruit-flavored drink, powder, with high vitamin C with other added vitamins, low calorie",,,BEVERAGES,227.0,0.25,91.0,0.16,,USDA_FDC_SR_LEGACY,43345,2018-04,True,
"Beverages, grape drink, canned",,,BEVERAGES,61.0,0.0,15.72,0.0,,USDA_FDC_SR_LEGACY,14277,2018-04,True,
"Beverages, grape juice drink, canned",,,BEVERAGES,57.0,0.0,14.55,0.0,,USDA_FDC_SR_LEGACY,14282,2018-04,True,
"Beverages, lemonade, frozen concentrate, pink, prepared with water",,,BEVERAGES,43.0,0.05,10.81,0.15,,USDA_FDC_SR_LEGACY,14543,2018-04,True,
"Beverages, lemonade-flavor drink, powder",,,BEVERAGES,380.0,0.0,97.9,1.01,,USDA_FDC_SR_LEGACY,14296,2018-04,True,
"Beverages, lemonade-flavor drink, powder, prepared with water",,,BEVERAGES,27.0,0.0,6.9,0.07,,USDA_FDC_SR_LEGACY,14297,2018-04,True,
"Beverages, malted drink mix, chocolate, powder",,,BEVERAGES,411.0,5.1,86.94,4.76,,USDA_FDC_SR_LEGACY,14317,2018-04,True,
"Beverages, milk beverage, reduced fat, flavored and sweetened, Ready-to-drink, added calcium, vitamin A and vitamin D",,,BEVERAGES,77.0,3.05,12.08,1.83,,USDA_FDC_SR_LEGACY,14634,2018-04,True,
"Beverages, nutritional shake mix, high protein, powder",,,BEVERAGES,392.0,53.57,20.38,10.71,,USDA_FDC_SR_LEGACY,14654,2018-04,True,
"Beverages, orange and apricot juice drink, canned",,,BEVERAGES,51.0,0.3,12.7,0.1,,USDA_FDC_SR_LEGACY,14327,2018-04,True,
"Beverages, orange breakfast drink, ready-to-drink, with added nutrients",,,BEVERAGES,53.0,0.0,13.2,0.0,,USDA_FDC_SR_LEGACY,14436,2018-04,True,
"Beverages, orange drink, canned, with added vitamin C",,,BEVERAGES,49.0,0.0,12.34,0.07,,USDA_FDC_SR_LEGACY,14323,2018-04,True,
"Beverages, orange-flavor drink, breakfast type, powder",,,BEVERAGES,386.0,0.0,98.94,0.0,,USDA_FDC_SR_LEGACY,14407,2018-04,True,
"Beverages, orange-flavor drink, breakfast type, powder, prepared with water",,,BEVERAGES,49.0,0.0,12.65,0.0,,USDA_FDC_SR_LEGACY,14408,2018-04,True,
"Beverages, pineapple and grapefruit juice drink, canned",,,BEVERAGES,47.0,0.2,11.6,0.1,,USDA_FDC_SR_LEGACY,14334,2018-04,True,
"Beverages, pineapple and orange juice drink, canned",,,BEVERAGES,50.0,1.3,11.8,0.0,,USDA_FDC_SR_LEGACY,14341,2018-04,True,
"Beverages, rice milk, unsweetened",,,BEVERAGES,47.0,0.28,9.17,0.97,,USDA_FDC_SR_LEGACY,14639,2018-04,True,
"Beverages, rich chocolate, powder",,,BEVERAGES,372.0,0.0,92.96,0.0,,USDA_FDC_SR_LEGACY,14080,2018-04,True,
"Beverages, shake, fast food, strawberry",,,BEVERAGES,113.0,3.4,18.9,2.8,,USDA_FDC_SR_LEGACY,14428,2018-04,True,
"Beverages, tea, Oolong, brewed",,,BEVERAGES,1.0,0.0,0.15,0.0,,USDA_FDC_SR_LEGACY,14185,2018-04,True,
"Beverages, tea, black, brewed, prepared with distilled water",,,BEVERAGES,1.0,0.0,0.3,0.0,,USDA_FDC_SR_LEGACY,14544,2018-04,True,
"Beverages, tea, black, brewed, prepared with tap water",,,BEVERAGES,1.0,0.0,0.3,0.0,,USDA_FDC_SR_LEGACY,14355,2018-04,True,
"Beverages, tea, black, brewed, prepared with tap water, decaffeinated",,,BEVERAGES,1.0,0.0,0.3,0.0,,USDA_FDC_SR_LEGACY,14352,2018-04,True,
"Beverages, tea, black, ready to drink",,,BEVERAGES,0.0,0.0,0.0,0.0,,USDA_FDC_SR_LEGACY,14247,2018-04,True,
"Beverages, tea, black, ready to drink, decaffeinated",,,BEVERAGES,38.0,0.0,8.75,0.0,,USDA_FDC_SR_LEGACY,14281,2018-04,True,
"Beverages, tea, black, ready to drink, decaffeinated, diet",,,BEVERAGES,0.0,0.0,0.83,0.0,,USDA_FDC_SR_LEGACY,14280,2018-04,True,
"Beverages, tea, black, ready-to-drink, lemon, diet",,,BEVERAGES,1.0,0.0,0.22,0.0,,USDA_FDC_SR_LEGACY,14211,2018-04,True,
"Beverages, tea, black, ready-to-drink, lemon, sweetened",,,BEVERAGES,45.0,0.0,10.8,0.22,,USDA_FDC_SR_LEGACY,14199,2018-04,True,
"Beverages, tea, black, ready-to-drink, peach, diet",,,BEVERAGES,1.0,0.0,0.25,0.0,,USDA_FDC_SR_LEGACY,14279,2018-04,True,
"Beverages, tea, green, brewed, decaffeinated",,,BEVERAGES,0.0,0.0,0.0,0.0,,USDA_FDC_SR_LEGACY,14260,2018-04,True,
"Beverages, tea, green, brewed, regular",,,BEVERAGES,1.0,0.22,0.0,0.0,,USDA_FDC_SR_LEGACY,14278,2018-04,True,
"Beverages, tea, green, instant, decaffeinated, lemon, unsweetened, fortified with vitamin C",,,BEVERAGES,378.0,0.0,94.45,0.0,,USDA_FDC_SR_LEGACY,14246,2018-04,True,
"Beverages, tea, green, ready to drink, ginseng and honey, sweetened",,,BEVERAGES,30.0,0.0,7.16,0.18,,USDA_FDC_SR_LEGACY,14188,2018-04,True,
"Beverages, tea, green, ready to drink, unsweetened",,,BEVERAGES,0.0,0.0,0.0,0.0,,USDA_FDC_SR_LEGACY,14261,2018-04,True,
"Beverages, tea, green, ready-to-drink, citrus, diet, fortified with vitamin C",,,BEVERAGES,1.0,0.0,0.31,0.0,,USDA_FDC_SR_LEGACY,14191,2018-04,True,
"Beverages, tea, green, ready-to-drink, diet",,,BEVERAGES,4.0,0.0,0.93,0.0,,USDA_FDC_SR_LEGACY,14190,2018-04,True,
"Beverages, tea, green, ready-to-drink, sweetened",,,BEVERAGES,27.0,0.0,6.2,0.22,,USDA_FDC_SR_LEGACY,14206,2018-04,True,
"Beverages, tea, herb, brewed, chamomile",,,BEVERAGES,1.0,0.0,0.2,0.0,,USDA_FDC_SR_LEGACY,14545,2018-04,True,
"Beverages, tea, herb, other than chamomile, brewed",,,BEVERAGES,1.0,0.0,0.2,0.0,,USDA_FDC_SR_LEGACY,14381,2018-04,True,
"Beverages, tea, hibiscus, brewed",,,BEVERAGES,0.0,0.0,0.0,0.0,,USDA_FDC_SR_LEGACY,14649,2018-04,True,
"Beverages, tea, instant, decaffeinated, lemon, diet",,,BEVERAGES,338.0,3.3,85.4,0.6,,USDA_FDC_SR_LEGACY,14356,2018-04,True,
"Beverages, tea, instant, decaffeinated, lemon, sweetened",,,BEVERAGES,401.0,0.12,98.55,0.73,,USDA_FDC_SR_LEGACY,14357,2018-04,True,
"Beverages, tea, instant, decaffeinated, unsweetened",,,BEVERAGES,315.0,20.21,58.66,0.0,,USDA_FDC_SR_LEGACY,14353,2018-04,True,
"Beverages, tea, instant, lemon, diet",,,BEVERAGES,2.0,0.02,0.44,0.0,,USDA_FDC_SR_LEGACY,14376,2018-04,True,
"Beverages, tea, instant, lemon, sweetened, powder",,,BEVERAGES,401.0,0.12,98.55,0.73,,USDA_FDC_SR_LEGACY,14370,2018-04,True,
"Beverages, tea, instant, lemon, sweetened, prepared with water",,,BEVERAGES,35.0,0.01,8.61,0.06,,USDA_FDC_SR_LEGACY,14371,2018-04,True,
"Beverages, tea, instant, lemon, unsweetened",,,BEVERAGES,345.0,7.4,78.52,0.18,,USDA_FDC_SR_LEGACY,14368,2018-04,True,
"Beverages, tea, instant, lemon, with added ascorbic acid",,,BEVERAGES,385.0,0.6,97.6,0.3,,USDA_FDC_SR_LEGACY,14548,2018-04,True,
"Beverages, tea, instant, sweetened with sodium saccharin, lemon-flavored, powder",,,BEVERAGES,338.0,3.3,85.4,0.6,,USDA_FDC_SR_LEGACY,14375,2018-04,True,
"Beverages, tea, instant, unsweetened, powder",,,BEVERAGES,315.0,20.21,58.66,0.0,,USDA_FDC_SR_LEGACY,14366,2018-04,True,
"Beverages, tea, instant, unsweetened, prepared with water",,,BEVERAGES,1.0,0.06,0.17,0.0,,USDA_FDC_SR_LEGACY,14367,2018-04,True,
"Beverages, tea, ready-to-drink, lemon, diet",,,BEVERAGES,2.0,0.0,0.41,0.0,,USDA_FDC_SR_LEGACY,14207,2018-04,True,
"Beverages, vegetable and fruit juice blend, 100% juice, with added vitamins A, C, E",,,BEVERAGES,46.0,0.3,11.15,0.01,,USDA_FDC_SR_LEGACY,14635,2018-04,True,
"Beverages, water, bottled, PERRIER",,,BEVERAGES,0.0,0.0,0.0,0.0,,USDA_FDC_SR_LEGACY,14384,2018-04,True,
"Beverages, water, bottled, POLAND SPRING",,,BEVERAGES,0.0,0.0,0.0,0.0,,USDA_FDC_SR_LEGACY,14385,2018-04,True,
"Beverages, water, bottled, non-carbonated, CALISTOGA",,,BEVERAGES,0.0,0.0,0.0,0.0,,USDA_FDC_SR_LEGACY,14437,2018-04,True,
"Beverages, water, bottled, non-carbonated, CRYSTAL GEYSER",,,BEVERAGES,0.0,0.0,0.0,0.0,,USDA_FDC_SR_LEGACY,14438,2018-04,True,
"Beverages, water, bottled, non-carbonated, DANNON",,,BEVERAGES,0.0,0.0,0.0,0.0,,USDA_FDC_SR_LEGACY,14432,2018-04,True,
"Beverages, water, bottled, non-carbonated, EVIAN",,,BEVERAGES,0.0,0.0,0.0,0.0,,USDA_FDC_SR_LEGACY,14559,2018-04,True,
"Beverages, water, bottled, non-carbonated, PEPSI, AQUAFINA",,,BEVERAGES,0.0,0.0,0.0,0.0,,USDA_FDC_SR_LEGACY,14433,2018-04,True,
"Beverages, water, bottled, yumberry, pomegranate with anti-oxidants, zero calories",,,BEVERAGES,5.0,0.0,1.25,0.0,,USDA_FDC_SR_LEGACY,14031,2018-04,True,
"Beverages, water, tap, drinking",,,BEVERAGES,0.0,0.0,0.0,0.0,,USDA_FDC_SR_LEGACY,14411,2018-04,True,
"Beverages, water, tap, municipal",,,BEVERAGES,0.0,0.0,0.0,0.0,,USDA_FDC_SR_LEGACY,14429,2018-04,True,
"Beverages, water, tap, well",,,BEVERAGES,0.0,0.0,0.0,0.0,,USDA_FDC_SR_LEGACY,14412,2018-04,True,
"Beverages, yellow green colored citrus soft drink with caffeine",,,BEVERAGES,49.0,0.0,12.83,0.0,,USDA_FDC_SR_LEGACY,14079,2018-04,True,
"Carbonated beverage, chocolate-flavored soda",,,BEVERAGES,42.0,0.0,10.7,0.0,,USDA_FDC_SR_LEGACY,14552,2018-04,True,
"Carbonated beverage, cream soda",,,BEVERAGES,51.0,0.0,13.3,0.0,,USDA_FDC_SR_LEGACY,14130,2018-04,True,
"Carbonated beverage, low calorie, other than cola or pepper, with sodium saccharin, without caffeine",,,BEVERAGES,0.0,0.0,0.1,0.0,,USDA_FDC_SR_LEGACY,14537,2018-04,True,
"Cocoa mix, NESTLE, Rich Chocolate Hot Cocoa Mix",,,BEVERAGES,400.0,3.0,75.0,15.0,,USDA_FDC_SR_LEGACY,14197,2018-04,True,
"Cranberry juice cocktail, bottled",,,BEVERAGES,54.0,0.0,13.52,0.1,,USDA_FDC_SR_LEGACY,14242,2018-04,True,
"Cranberry juice cocktail, bottled, low calorie, with calcium, saccharin and corn sweetener",,,BEVERAGES,19.0,0.02,4.6,0.01,,USDA_FDC_SR_LEGACY,14243,2018-04,True,
"Cranberry juice cocktail, frozen concentrate",,,BEVERAGES,201.0,0.05,51.45,0.0,,USDA_FDC_SR_LEGACY,14430,2018-04,True,
"Cranberry juice cocktail, frozen concentrate, prepared with water",,,BEVERAGES,47.0,0.01,11.81,0.0,,USDA_FDC_SR_LEGACY,14431,2018-04,True,
"Lemonade, frozen concentrate, pink",,,BEVERAGES,192.0,0.22,48.86,0.69,,USDA_FDC_SR_LEGACY,14542,2018-04,True,
"Lemonade, frozen concentrate, white",,,BEVERAGES,196.0,0.22,49.89,0.7,,USDA_FDC_SR_LEGACY,14292,2018-04,True,
"Lemonade, frozen concentrate, white, prepared with water",,,BEVERAGES,40.0,0.07,10.42,0.04,,USDA_FDC_SR_LEGACY,14293,2018-04,True,
"Lemonade, powder, prepared with water",,,BEVERAGES,14.0,0.0,3.59,0.04,,USDA_FDC_SR_LEGACY,14288,2018-04,True,
"Limeade, frozen concentrate, prepared with water",,,BEVERAGES,52.0,0.0,13.79,0.0,,USDA_FDC_SR_LEGACY,14303,2018-04,True,
"Malt beverage, includes non-alcoholic beer",,,BEVERAGES,37.0,0.21,8.05,0.12,,USDA_FDC_SR_LEGACY,14305,2018-04,True,
"Oat milk, unsweetened, plain, refrigerated",,,BEVERAGES,48.33,0.8,5.1,2.75,,USDA_FDC_FOUNDATION,100277,2026-04-30,True,
"Shake, fast food, vanilla",,,BEVERAGES,148.0,3.37,19.59,6.52,,USDA_FDC_SR_LEGACY,14347,2018-04,True,
"Strawberry-flavor beverage mix, powder",,,BEVERAGES,389.0,0.1,99.1,0.2,,USDA_FDC_SR_LEGACY,14350,2018-04,True,
"Water, bottled, generic",,,BEVERAGES,0.0,0.0,0.0,0.0,,USDA_FDC_SR_LEGACY,14555,2018-04,True,
"Water, bottled, non-carbonated, NAYA",,,BEVERAGES,0.0,0.0,0.0,0.0,,USDA_FDC_SR_LEGACY,14439,2018-04,True,
"Water, non-carbonated, bottles, natural fruit flavors, sweetened with low calorie sweetener",,,BEVERAGES,1.0,0.0,0.13,0.0,,USDA_FDC_SR_LEGACY,14604,2018-04,True,
"Water, with corn syrup and/or sugar and low calorie sweetener, fruit flavored",,,BEVERAGES,18.0,0.0,4.5,0.0,,USDA_FDC_SR_LEGACY,14637,2018-04,True,
"Whiskey sour mix, bottled, with added potassium and sodium",,,BEVERAGES,84.0,0.1,21.4,0.1,,USDA_FDC_SR_LEGACY,14530,2018-04,True,
"Basil, fresh",,,CONDIMENTS,23.0,3.15,2.65,0.64,,USDA_FDC_SR_LEGACY,2044,2018-04,True,
"Capers, canned",,,CONDIMENTS,23.0,2.36,4.89,0.86,,USDA_FDC_SR_LEGACY,2054,2018-04,True,
"Dill weed, fresh",,,CONDIMENTS,43.0,3.46,7.02,1.12,,USDA_FDC_SR_LEGACY,2045,2018-04,True,
"Horseradish, prepared",,,CONDIMENTS,48.0,1.18,11.29,0.69,,USDA_FDC_SR_LEGACY,2055,2018-04,True,
"Mustard, prepared, yellow",,,CONDIMENTS,61.0,4.25,5.3,3.38,,USDA_FDC_FOUNDATION,2046,2026-04-30,True,
"Peppermint, fresh",,,CONDIMENTS,70.0,3.75,14.89,0.94,,USDA_FDC_SR_LEGACY,2064,2018-04,True,
"Rosemary, fresh",,,CONDIMENTS,131.0,3.31,20.7,5.86,,USDA_FDC_SR_LEGACY,2063,2018-04,True,
"Salt, table",,,CONDIMENTS,0.0,0.0,0.0,0.0,,USDA_FDC_SR_LEGACY,2047,2018-04,True,
"Seasoning mix, dry, chili, original",,,CONDIMENTS,335.0,10.82,56.56,7.3,,USDA_FDC_SR_LEGACY,2076,2018-04,True,
"Seasoning mix, dry, sazon, coriander & annatto",,,CONDIMENTS,0.0,0.0,0.0,0.0,,USDA_FDC_SR_LEGACY,2074,2018-04,True,
"Seasoning mix, dry, taco, original",,,CONDIMENTS,322.0,4.5,58.0,0.0,,USDA_FDC_SR_LEGACY,2075,2018-04,True,
"Spearmint, dried",,,CONDIMENTS,285.0,19.93,52.04,6.03,,USDA_FDC_SR_LEGACY,2066,2018-04,True,
"Spearmint, fresh",,,CONDIMENTS,44.0,3.29,8.41,0.73,,USDA_FDC_SR_LEGACY,2065,2018-04,True,
"Spices, allspice, ground",,,CONDIMENTS,263.0,6.09,72.12,8.69,,USDA_FDC_SR_LEGACY,2001,2018-04,True,
"Spices, anise seed",,,CONDIMENTS,337.0,17.6,50.02,15.9,,USDA_FDC_SR_LEGACY,2002,2018-04,True,
"Spices, basil, dried",,,CONDIMENTS,233.0,22.98,47.75,4.07,,USDA_FDC_SR_LEGACY,2003,2018-04,True,
"Spices, bay leaf",,,CONDIMENTS,313.0,7.61,74.97,8.36,,USDA_FDC_SR_LEGACY,2004,2018-04,True,
"Spices, caraway seed",,,CONDIMENTS,333.0,19.77,49.9,14.59,,USDA_FDC_SR_LEGACY,2005,2018-04,True,
"Spices, cardamom",,,CONDIMENTS,311.0,10.76,68.47,6.7,,USDA_FDC_SR_LEGACY,2006,2018-04,True,
"Spices, celery seed",,,CONDIMENTS,392.0,18.07,41.35,25.27,,USDA_FDC_SR_LEGACY,2007,2018-04,True,
"Spices, chervil, dried",,,CONDIMENTS,237.0,23.2,49.1,3.9,,USDA_FDC_SR_LEGACY,2008,2018-04,True,
"Spices, chili powder",,,CONDIMENTS,282.0,13.46,49.7,14.28,,USDA_FDC_SR_LEGACY,2009,2018-04,True,
"Spices, cinnamon, ground",,,CONDIMENTS,247.0,3.99,80.59,1.24,,USDA_FDC_SR_LEGACY,2010,2018-04,True,
"Spices, cloves, ground",,,CONDIMENTS,274.0,5.97,65.53,13.0,,USDA_FDC_SR_LEGACY,2011,2018-04,True,
"Spices, coriander leaf, dried",,,CONDIMENTS,279.0,21.93,52.1,4.78,,USDA_FDC_SR_LEGACY,2012,2018-04,True,
"Spices, coriander seed",,,CONDIMENTS,298.0,12.37,54.99,17.77,,USDA_FDC_SR_LEGACY,2013,2018-04,True,
"Spices, cumin seed",,,CONDIMENTS,375.0,17.81,44.24,22.27,,USDA_FDC_SR_LEGACY,2014,2018-04,True,
"Spices, curry powder",,,CONDIMENTS,325.0,14.29,55.83,14.01,,USDA_FDC_SR_LEGACY,2015,2018-04,True,
"Spices, dill seed",,,CONDIMENTS,305.0,15.98,55.17,14.54,,USDA_FDC_SR_LEGACY,2016,2018-04,True,
"Spices, dill weed, dried",,,CONDIMENTS,253.0,19.96,55.82,4.36,,USDA_FDC_SR_LEGACY,2017,2018-04,True,
"Spices, fennel seed",,,CONDIMENTS,345.0,15.8,52.29,14.87,,USDA_FDC_SR_LEGACY,2018,2018-04,True,
"Spices, fenugreek seed",,,CONDIMENTS,323.0,23.0,58.35,6.41,,USDA_FDC_SR_LEGACY,2019,2018-04,True,
"Spices, garlic powder",,,CONDIMENTS,331.0,16.55,72.73,0.73,,USDA_FDC_SR_LEGACY,2020,2018-04,True,
"Spices, ginger, ground",,,CONDIMENTS,335.0,8.98,71.62,4.24,,USDA_FDC_SR_LEGACY,2021,2018-04,True,
"Spices, mace, ground",,,CONDIMENTS,475.0,6.71,50.5,32.38,,USDA_FDC_SR_LEGACY,2022,2018-04,True,
"Spices, marjoram, dried",,,CONDIMENTS,271.0,12.66,60.56,7.04,,USDA_FDC_SR_LEGACY,2023,2018-04,True,
"Spices, mustard seed, ground",,,CONDIMENTS,508.0,26.08,28.09,36.24,,USDA_FDC_SR_LEGACY,2024,2018-04,True,
"Spices, nutmeg, ground",,,CONDIMENTS,525.0,5.84,49.29,36.31,,USDA_FDC_SR_LEGACY,2025,2018-04,True,
"Spices, onion powder",,,CONDIMENTS,341.0,10.41,79.12,1.04,,USDA_FDC_SR_LEGACY,2026,2018-04,True,
"Spices, oregano, dried",,,CONDIMENTS,265.0,9.0,68.92,4.28,,USDA_FDC_SR_LEGACY,2027,2018-04,True,
"Spices, paprika",,,CONDIMENTS,282.0,14.14,53.99,12.89,,USDA_FDC_SR_LEGACY,2028,2018-04,True,
"Spices, parsley, dried",,,CONDIMENTS,292.0,26.63,50.64,5.48,,USDA_FDC_SR_LEGACY,2029,2018-04,True,
"Spices, pepper, black",,,CONDIMENTS,251.0,10.39,63.95,3.26,,USDA_FDC_SR_LEGACY,2030,2018-04,True,
"Spices, pepper, red or cayenne",,,CONDIMENTS,318.0,12.01,56.63,17.27,,USDA_FDC_SR_LEGACY,2031,2018-04,True,
"Spices, pepper, white",,,CONDIMENTS,296.0,10.4,68.61,2.12,,USDA_FDC_SR_LEGACY,2032,2018-04,True,
"Spices, poppy seed",,,CONDIMENTS,525.0,17.99,28.13,41.56,,USDA_FDC_SR_LEGACY,2033,2018-04,True,
"Spices, poultry seasoning",,,CONDIMENTS,307.0,9.59,65.59,7.53,,USDA_FDC_SR_LEGACY,2034,2018-04,True,
"Spices, pumpkin pie spice",,,CONDIMENTS,342.0,5.76,69.28,12.6,,USDA_FDC_SR_LEGACY,2035,2018-04,True,
"Spices, rosemary, dried",,,CONDIMENTS,331.0,4.88,64.06,15.22,,USDA_FDC_SR_LEGACY,2036,2018-04,True,
"Spices, saffron",,,CONDIMENTS,310.0,11.43,65.37,5.85,,USDA_FDC_SR_LEGACY,2037,2018-04,True,
"Spices, sage, ground",,,CONDIMENTS,315.0,10.63,60.73,12.75,,USDA_FDC_SR_LEGACY,2038,2018-04,True,
"Spices, savory, ground",,,CONDIMENTS,272.0,6.73,68.73,5.91,,USDA_FDC_SR_LEGACY,2039,2018-04,True,
"Spices, tarragon, dried",,,CONDIMENTS,295.0,22.77,50.22,7.24,,USDA_FDC_SR_LEGACY,2041,2018-04,True,
"Spices, thyme, dried",,,CONDIMENTS,276.0,9.11,63.94,7.43,,USDA_FDC_SR_LEGACY,2042,2018-04,True,
"Spices, turmeric, ground",,,CONDIMENTS,312.0,9.68,67.14,3.25,,USDA_FDC_SR_LEGACY,2043,2018-04,True,
"Thyme, fresh",,,CONDIMENTS,101.0,5.56,24.45,1.68,,USDA_FDC_SR_LEGACY,2049,2018-04,True,
Vanilla extract,,,CONDIMENTS,288.0,0.06,12.65,0.06,,USDA_FDC_SR_LEGACY,2050,2018-04,True,
"Vanilla extract, imitation, alcohol",,,CONDIMENTS,237.0,0.05,2.41,0.0,,USDA_FDC_SR_LEGACY,2051,2018-04,True,
"Vanilla extract, imitation, no alcohol",,,CONDIMENTS,56.0,0.03,14.4,0.0,,USDA_FDC_SR_LEGACY,2052,2018-04,True,
"Vinegar, balsamic",,,CONDIMENTS,88.0,0.49,17.03,0.0,,USDA_FDC_SR_LEGACY,2069,2018-04,True,
"Vinegar, cider",,,CONDIMENTS,21.0,0.0,0.93,0.0,,USDA_FDC_SR_LEGACY,2048,2018-04,True,
"Vinegar, distilled",,,CONDIMENTS,18.0,0.0,0.04,0.0,,USDA_FDC_SR_LEGACY,2053,2018-04,True,
"Vinegar, red wine",,,CONDIMENTS,19.0,0.04,0.27,0.0,,USDA_FDC_SR_LEGACY,2068,2018-04,True,
"Beverage, instant breakfast powder, chocolate, not reconstituted",,,EGGS,353.0,19.9,66.2,1.4,,USDA_FDC_SR_LEGACY,43205,2018-04,True,
"Beverage, instant breakfast powder, chocolate, sugar-free, not reconstituted",,,EGGS,358.0,35.8,41.0,5.1,,USDA_FDC_SR_LEGACY,43260,2018-04,True,
"Butter oil, anhydrous",,,EGGS,876.0,0.28,0.0,99.48,,USDA_FDC_SR_LEGACY,1003,2018-04,True,
"Butter, Clarified butter (ghee)",,,EGGS,900.0,0.0,0.0,100.0,,USDA_FDC_SR_LEGACY,1323,2018-04,True,
"Butter, salted",,,EGGS,717.0,0.85,0.06,81.11,,USDA_FDC_SR_LEGACY,1001,2018-04,True,
"Butter, whipped, with salt",,,EGGS,731.0,0.49,0.0,78.3,,USDA_FDC_SR_LEGACY,1002,2018-04,True,
"Butter, without salt",,,EGGS,717.0,0.85,0.06,81.11,,USDA_FDC_SR_LEGACY,1145,2018-04,True,
"Buttermilk, low fat",,,EGGS,42.92,3.46,4.81,1.08,,USDA_FDC_FOUNDATION,1088,2026-04-30,True,
"Cheese food, cold pack, American",,,EGGS,331.0,19.66,8.32,24.46,,USDA_FDC_SR_LEGACY,1045,2018-04,True,
"Cheese food, pasteurized process, American, vitamin D fortified",,,EGGS,330.0,16.86,8.56,25.63,,USDA_FDC_SR_LEGACY,1046,2018-04,True,
"Cheese food, pasteurized process, American, without added vitamin D",,,EGGS,330.0,16.86,8.56,25.63,,USDA_FDC_SR_LEGACY,1254,2018-04,True,
"Cheese food, pasteurized process, swiss",,,EGGS,323.0,21.92,4.5,24.14,,USDA_FDC_SR_LEGACY,1047,2018-04,True,
"Cheese product, pasteurized process, American, reduced fat, fortified with vitamin D",,,EGGS,240.0,17.6,10.6,14.1,,USDA_FDC_SR_LEGACY,1215,2018-04,True,
"Cheese product, pasteurized process, American, vitamin D fortified",,,EGGS,307.0,16.09,8.85,23.06,,USDA_FDC_SR_LEGACY,1252,2018-04,True,
"Cheese sauce, prepared from recipe",,,EGGS,197.0,10.33,5.48,14.92,,USDA_FDC_SR_LEGACY,1164,2018-04,True,
"Cheese spread, American or Cheddar cheese base, reduced fat",,,EGGS,176.0,13.41,10.71,8.88,,USDA_FDC_SR_LEGACY,1259,2018-04,True,
"Cheese spread, cream cheese base",,,EGGS,295.0,7.1,3.5,28.6,,USDA_FDC_SR_LEGACY,43276,2018-04,True,
"Cheese spread, pasteurized process, American",,,EGGS,290.0,16.41,8.73,21.23,,USDA_FDC_SR_LEGACY,1048,2018-04,True,
"Cheese substitute, mozzarella",,,EGGS,248.0,11.47,23.67,12.22,,USDA_FDC_SR_LEGACY,1161,2018-04,True,
"Cheese, American, nonfat or fat free",,,EGGS,126.0,21.05,10.53,0.0,,USDA_FDC_SR_LEGACY,1061,2018-04,True,
"Cheese, American, restaurant",,,EGGS,373.0,17.5,6.35,31.1,,USDA_FDC_FOUNDATION,1062,2026-04-30,True,
"Cheese, Mexican blend",,,EGGS,384.0,23.54,0.13,32.14,,USDA_FDC_SR_LEGACY,1251,2018-04,True,
"Cheese, Mexican, blend, reduced fat",,,EGGS,282.0,24.69,3.41,19.4,,USDA_FDC_SR_LEGACY,1209,2018-04,True,
"Cheese, Swiss, nonfat or fat free",,,EGGS,127.0,28.4,3.4,0.0,,USDA_FDC_SR_LEGACY,1266,2018-04,True,
"Cheese, american cheddar, imitation",,,EGGS,239.0,16.7,11.6,14.0,,USDA_FDC_SR_LEGACY,43278,2018-04,True,
"Cheese, blue",,,EGGS,353.0,21.4,2.34,28.74,,USDA_FDC_SR_LEGACY,1004,2018-04,True,
"Cheese, brick",,,EGGS,371.0,23.24,2.79,29.68,,USDA_FDC_SR_LEGACY,1005,2018-04,True,
"Cheese, brie",,,EGGS,334.0,20.75,0.45,27.68,,USDA_FDC_SR_LEGACY,1006,2018-04,True,
"Cheese, camembert",,,EGGS,300.0,19.8,0.46,24.26,,USDA_FDC_SR_LEGACY,1007,2018-04,True,
"Cheese, caraway",,,EGGS,376.0,25.18,3.06,29.2,,USDA_FDC_SR_LEGACY,1008,2018-04,True,
"Cheese, cheddar",,,EGGS,408.0,23.3,2.44,34.0,,USDA_FDC_FOUNDATION,1009,2026-04-30,True,
"Cheese, cheddar (Includes foods for USDA's Food Distribution Program)",,,EGGS,403.0,22.87,3.37,33.31,,USDA_FDC_SR_LEGACY,1009,2018-04,True,
"Cheese, cheddar, nonfat or fat free",,,EGGS,157.0,32.14,7.14,0.0,,USDA_FDC_SR_LEGACY,1265,2018-04,True,
"Cheese, cheddar, reduced fat (Includes foods for USDA's Food Distribution Program)",,,EGGS,316.0,27.35,2.67,20.41,,USDA_FDC_SR_LEGACY,1260,2018-04,True,
"Cheese, cheddar, sharp, sliced",,,EGGS,410.0,24.25,2.13,33.82,,USDA_FDC_SR_LEGACY,1270,2018-04,True,
"Cheese, cheshire",,,EGGS,387.0,23.37,4.78,30.6,,USDA_FDC_SR_LEGACY,1010,2018-04,True,
"Cheese, colby",,,EGGS,394.0,23.76,2.57,32.11,,USDA_FDC_SR_LEGACY,1011,2018-04,True,
"Cheese, cotija, solid",,,EGGS,351.76,23.84,2.72,27.24,,USDA_FDC_FOUNDATION,100301,2026-04-30,True,
"Cheese, cottage, creamed, large or small curd",,,EGGS,98.0,11.12,3.38,4.3,,USDA_FDC_SR_LEGACY,1012,2018-04,True,
"Cheese, cottage, creamed, with fruit",,,EGGS,97.0,10.69,4.61,3.85,,USDA_FDC_SR_LEGACY,1013,2018-04,True,
"Cheese, cottage, lowfat, 1% milkfat",,,EGGS,72.0,12.39,2.72,1.02,,USDA_FDC_SR_LEGACY,1016,2018-04,True,
"Cheese, cottage, lowfat, 1% milkfat, lactose reduced",,,EGGS,74.0,12.4,3.2,1.0,,USDA_FDC_SR_LEGACY,42235,2018-04,True,
"Cheese, cottage, lowfat, 1% milkfat, no sodium added",,,EGGS,72.0,12.4,2.7,1.0,,USDA_FDC_SR_LEGACY,43352,2018-04,True,
"Cheese, cottage, lowfat, 1% milkfat, with vegetables",,,EGGS,67.0,10.9,3.0,1.0,,USDA_FDC_SR_LEGACY,43396,2018-04,True,
"Cheese, cottage, lowfat, 2% milkfat",,,EGGS,84.0,11.0,4.31,2.3,,USDA_FDC_FOUNDATION,1015,2026-04-30,True,
"Cheese, cottage, nonfat, uncreamed, dry, large or small curd",,,EGGS,72.0,10.34,6.66,0.29,,USDA_FDC_SR_LEGACY,1014,2018-04,True,
"Cheese, cottage, with vegetables",,,EGGS,95.0,10.9,3.0,4.2,,USDA_FDC_SR_LEGACY,43273,2018-04,True,
"Cheese, cream",,,EGGS,350.0,6.15,5.52,34.44,,USDA_FDC_SR_LEGACY,1017,2018-04,True,
"Cheese, cream, fat free",,,EGGS,105.0,15.69,7.66,1.0,,USDA_FDC_SR_LEGACY,1186,2018-04,True,
"Cheese, cream, low fat",,,EGGS,208.0,7.85,6.73,16.67,,USDA_FDC_SR_LEGACY,43274,2018-04,True,
"Cheese, dry white, queso seco",,,EGGS,326.0,24.5,2.07,24.3,,USDA_FDC_FOUNDATION,1227,2026-04-30,True,
"Cheese, edam",,,EGGS,357.0,24.99,1.43,28.57,,USDA_FDC_SR_LEGACY,1018,2018-04,True,
"Cheese, feta",,,EGGS,265.0,14.21,3.88,21.49,,USDA_FDC_SR_LEGACY,1019,2018-04,True,
"Cheese, feta, whole milk, crumbled",,,EGGS,273.47,19.71,5.58,19.08,,USDA_FDC_FOUNDATION,1019,2026-04-30,True,
"Cheese, fontina",,,EGGS,389.0,25.6,1.55,31.14,,USDA_FDC_SR_LEGACY,1020,2018-04,True,
"Cheese, fresh, queso fresco",,,EGGS,299.0,18.09,2.98,23.82,,USDA_FDC_SR_LEGACY,1228,2018-04,True,
"Cheese, gjetost",,,EGGS,466.0,9.65,42.65,29.51,,USDA_FDC_SR_LEGACY,1021,2018-04,True,
"Cheese, goat, hard type",,,EGGS,452.0,30.52,2.17,35.59,,USDA_FDC_SR_LEGACY,1156,2018-04,True,
"Cheese, goat, semisoft type",,,EGGS,364.0,21.58,0.12,29.84,,USDA_FDC_SR_LEGACY,1157,2018-04,True,
"Cheese, goat, soft type",,,EGGS,264.0,18.52,0.0,21.08,,USDA_FDC_SR_LEGACY,1159,2018-04,True,
"Cheese, gouda",,,EGGS,356.0,24.94,2.22,27.44,,USDA_FDC_SR_LEGACY,1022,2018-04,True,
"Cheese, gruyere",,,EGGS,413.0,29.81,0.36,32.34,,USDA_FDC_SR_LEGACY,1023,2018-04,True,
"Cheese, limburger",,,EGGS,327.0,20.05,0.49,27.25,,USDA_FDC_SR_LEGACY,1024,2018-04,True,
"Cheese, low fat, cheddar or colby",,,EGGS,173.0,24.35,1.91,7.0,,USDA_FDC_SR_LEGACY,1168,2018-04,True,
"Cheese, low-sodium, cheddar or colby",,,EGGS,398.0,24.35,1.91,32.62,,USDA_FDC_SR_LEGACY,1169,2018-04,True,
"Cheese, mexican, queso anejo",,,EGGS,373.0,21.44,4.63,29.98,,USDA_FDC_SR_LEGACY,1165,2018-04,True,
"Cheese, mexican, queso asadero",,,EGGS,356.0,22.6,4.13,25.0,,USDA_FDC_SR_LEGACY,1166,2018-04,True,
"Cheese, mexican, queso chihuahua",,,EGGS,374.0,21.56,5.56,29.68,,USDA_FDC_SR_LEGACY,1167,2018-04,True,
"Cheese, mexican, queso cotija",,,EGGS,366.0,20.0,3.97,30.0,,USDA_FDC_SR_LEGACY,1267,2018-04,True,
"Cheese, monterey",,,EGGS,373.0,24.48,0.68,30.28,,USDA_FDC_SR_LEGACY,1025,2018-04,True,
"Cheese, monterey jack, solid",,,EGGS,390.74,22.62,1.9,32.63,,USDA_FDC_FOUNDATION,100296,2026-04-30,True,
"Cheese, monterey, low fat",,,EGGS,313.0,28.2,0.7,21.6,,USDA_FDC_SR_LEGACY,42155,2018-04,True,
"Cheese, mozzarella, low moisture, part-skim",,,EGGS,298.0,23.7,4.44,20.4,,USDA_FDC_FOUNDATION,1029,2026-04-30,True,
"Cheese, mozzarella, low moisture, part-skim, shredded",,,EGGS,304.0,23.63,8.06,19.72,,USDA_FDC_SR_LEGACY,1271,2018-04,True,
"Cheese, mozzarella, low sodium",,,EGGS,280.0,27.5,3.1,17.1,,USDA_FDC_SR_LEGACY,43597,2018-04,True,
"Cheese, mozzarella, nonfat",,,EGGS,141.0,31.7,3.5,0.0,,USDA_FDC_SR_LEGACY,42304,2018-04,True,
"Cheese, mozzarella, part skim milk",,,EGGS,254.0,24.26,2.77,15.92,,USDA_FDC_SR_LEGACY,1028,2018-04,True,
"Cheese, mozzarella, whole milk",,,EGGS,299.0,22.17,2.4,22.14,,USDA_FDC_SR_LEGACY,1026,2018-04,True,
"Cheese, mozzarella, whole milk, low moisture",,,EGGS,318.0,21.6,2.47,24.64,,USDA_FDC_SR_LEGACY,1027,2018-04,True,
"Cheese, muenster",,,EGGS,368.0,23.41,1.12,30.04,,USDA_FDC_SR_LEGACY,1030,2018-04,True,
"Cheese, muenster, low fat",,,EGGS,271.0,24.7,3.5,17.6,,USDA_FDC_SR_LEGACY,42303,2018-04,True,
"Cheese, neufchatel",,,EGGS,253.0,9.15,3.59,22.78,,USDA_FDC_SR_LEGACY,1031,2018-04,True,
"Cheese, oaxaca, solid",,,EGGS,298.11,22.14,2.4,22.1,,USDA_FDC_FOUNDATION,100299,2026-04-30,True,
"Cheese, parmesan, dry grated, reduced fat",,,EGGS,265.0,20.0,1.37,20.0,,USDA_FDC_SR_LEGACY,1204,2018-04,True,
"Cheese, parmesan, grated",,,EGGS,420.0,29.6,12.4,28.0,,USDA_FDC_FOUNDATION,1032,2026-04-30,True,
"Cheese, parmesan, grated, refrigerated",,,EGGS,404.76,30.14,4.33,29.5,,USDA_FDC_FOUNDATION,100272,2026-04-30,True,
"Cheese, parmesan, hard",,,EGGS,392.0,35.75,3.22,25.0,,USDA_FDC_SR_LEGACY,1033,2018-04,True,
"Cheese, parmesan, low sodium",,,EGGS,451.0,41.6,3.7,29.99,,USDA_FDC_SR_LEGACY,43340,2018-04,True,
"Cheese, parmesan, shredded",,,EGGS,415.0,37.86,3.41,27.34,,USDA_FDC_SR_LEGACY,1146,2018-04,True,
"Cheese, pasteurized process cheese food or product, American, singles",,,EGGS,307.9,15.57,8.19,23.86,,USDA_FDC_FOUNDATION,100297,2026-04-30,True,
"Cheese, pasteurized process, American, fortified with vitamin D",,,EGGS,366.0,18.13,4.78,30.71,,USDA_FDC_SR_LEGACY,1042,2018-04,True,
"Cheese, pasteurized process, American, low fat",,,EGGS,180.0,24.6,3.5,7.0,,USDA_FDC_SR_LEGACY,43275,2018-04,True,
"Cheese, pasteurized process, American, vitamin D fortified",,,EGGS,366.0,18.0,5.27,30.6,,USDA_FDC_FOUNDATION,1042,2026-04-30,True,
"Cheese, pasteurized process, American, without added vitamin D",,,EGGS,371.0,18.13,3.7,31.79,,USDA_FDC_SR_LEGACY,1253,2018-04,True,
"Cheese, pasteurized process, cheddar or American, low sodium",,,EGGS,376.0,22.2,1.6,31.19,,USDA_FDC_SR_LEGACY,43398,2018-04,True,
"Cheese, pasteurized process, pimento",,,EGGS,375.0,22.13,1.73,31.2,,USDA_FDC_SR_LEGACY,1043,2018-04,True,
"Cheese, pasteurized process, swiss",,,EGGS,334.0,24.73,2.1,25.01,,USDA_FDC_SR_LEGACY,1044,2018-04,True,
"Cheese, port de salut",,,EGGS,352.0,23.78,0.57,28.2,,USDA_FDC_SR_LEGACY,1034,2018-04,True,
"Cheese, provolone",,,EGGS,351.0,25.58,2.14,26.62,,USDA_FDC_SR_LEGACY,1035,2018-04,True,
"Cheese, provolone, reduced fat",,,EGGS,274.0,24.7,3.5,17.6,,USDA_FDC_SR_LEGACY,1208,2018-04,True,
"Cheese, provolone, sliced",,,EGGS,356.9,23.45,2.45,28.13,,USDA_FDC_FOUNDATION,100298,2026-04-30,True,
"Cheese, queso fresco, solid",,,EGGS,297.42,18.88,2.96,23.36,,USDA_FDC_FOUNDATION,100300,2026-04-30,True,
"Cheese, ricotta, part skim milk",,,EGGS,138.0,11.39,5.14,7.91,,USDA_FDC_SR_LEGACY,1037,2018-04,True,
"Cheese, ricotta, whole milk",,,EGGS,157.0,7.81,6.86,11.0,,USDA_FDC_FOUNDATION,1036,2026-04-30,True,
"Cheese, romano",,,EGGS,387.0,31.8,3.63,26.94,,USDA_FDC_SR_LEGACY,1038,2018-04,True,
"Cheese, roquefort",,,EGGS,369.0,21.54,2.0,30.64,,USDA_FDC_SR_LEGACY,1039,2018-04,True,
"Cheese, swiss",,,EGGS,393.0,27.0,1.44,31.0,,USDA_FDC_FOUNDATION,1040,2026-04-30,True,
"Cheese, swiss, low fat",,,EGGS,179.0,28.4,3.4,5.1,,USDA_FDC_SR_LEGACY,43589,2018-04,True,
"Cheese, swiss, low sodium",,,EGGS,374.0,28.4,3.4,27.4,,USDA_FDC_SR_LEGACY,43405,2018-04,True,
"Cheese, tilsit",,,EGGS,340.0,24.41,1.88,25.98,,USDA_FDC_SR_LEGACY,1041,2018-04,True,
"Cheese, white, queso blanco",,,EGGS,310.0,20.38,2.53,24.31,,USDA_FDC_SR_LEGACY,1229,2018-04,True,
"Cottage cheese, full fat, large or small curd",,,EGGS,104.57,11.62,4.6,4.22,,USDA_FDC_FOUNDATION,1012,2026-04-30,True,
"Cream cheese, full fat, block",,,EGGS,336.73,5.79,4.56,33.49,,USDA_FDC_FOUNDATION,1017,2026-04-30,True,
"Cream substitute, flavored, liquid",,,EGGS,251.0,0.69,35.07,13.5,,USDA_FDC_SR_LEGACY,1205,2018-04,True,
"Cream substitute, flavored, powdered",,,EGGS,482.0,0.68,75.42,21.47,,USDA_FDC_SR_LEGACY,1206,2018-04,True,
"Cream substitute, liquid, light",,,EGGS,71.0,0.8,9.1,3.5,,USDA_FDC_SR_LEGACY,42141,2018-04,True,
"Cream substitute, liquid, with hydrogenated vegetable oil and soy protein",,,EGGS,136.0,1.0,11.38,9.97,,USDA_FDC_SR_LEGACY,1067,2018-04,True,
"Cream substitute, liquid, with lauric acid oil and sodium caseinate",,,EGGS,136.0,1.0,11.38,9.97,,USDA_FDC_SR_LEGACY,1068,2018-04,True,
"Cream substitute, powdered",,,EGGS,529.0,2.48,59.29,32.92,,USDA_FDC_SR_LEGACY,1069,2018-04,True,
"Cream substitute, powdered, light",,,EGGS,431.0,1.9,73.4,15.7,,USDA_FDC_SR_LEGACY,42136,2018-04,True,
"Cream, fluid, half and half",,,EGGS,131.0,3.13,4.3,11.5,,USDA_FDC_SR_LEGACY,1049,2018-04,True,
"Cream, fluid, heavy whipping",,,EGGS,340.0,2.84,2.84,36.08,,USDA_FDC_SR_LEGACY,1053,2018-04,True,
"Cream, fluid, light (coffee cream or table cream)",,,EGGS,195.0,2.96,3.66,19.1,,USDA_FDC_SR_LEGACY,1050,2018-04,True,
"Cream, fluid, light whipping",,,EGGS,292.0,2.17,2.96,30.91,,USDA_FDC_SR_LEGACY,1052,2018-04,True,
"Cream, half and half, fat free",,,EGGS,59.0,2.6,9.0,1.4,,USDA_FDC_SR_LEGACY,1199,2018-04,True,
"Cream, half and half, lowfat",,,EGGS,72.0,3.33,3.33,5.0,,USDA_FDC_SR_LEGACY,1303,2018-04,True,
"Cream, heavy",,,EGGS,335.89,2.02,3.8,35.56,,USDA_FDC_FOUNDATION,1053,2026-04-30,True,
"Cream, sour, cultured",,,EGGS,198.0,2.44,4.63,19.35,,USDA_FDC_SR_LEGACY,1056,2018-04,True,
"Cream, sour, full fat",,,EGGS,192.74,3.07,5.56,17.99,,USDA_FDC_FOUNDATION,1056,2026-04-30,True,
"Cream, sour, reduced fat, cultured",,,EGGS,135.0,2.94,4.26,12.0,,USDA_FDC_SR_LEGACY,1055,2018-04,True,
"Cream, whipped, cream topping, pressurized",,,EGGS,257.0,3.2,12.49,22.22,,USDA_FDC_SR_LEGACY,1054,2018-04,True,
"Dessert topping, powdered",,,EGGS,577.0,4.9,52.54,39.92,,USDA_FDC_SR_LEGACY,1070,2018-04,True,
"Dessert topping, powdered, 1.5 ounce prepared with 1/2 cup milk",,,EGGS,194.0,3.61,17.13,12.72,,USDA_FDC_SR_LEGACY,1071,2018-04,True,
"Dessert topping, pressurized",,,EGGS,264.0,0.98,16.07,22.3,,USDA_FDC_SR_LEGACY,1072,2018-04,True,
"Dessert topping, semi solid, frozen",,,EGGS,318.0,1.25,23.05,25.31,,USDA_FDC_SR_LEGACY,1073,2018-04,True,
Dulce de Leche,,,EGGS,315.0,6.84,55.35,7.35,,USDA_FDC_SR_LEGACY,1225,2018-04,True,
"Egg substitute, liquid or frozen, fat free",,,EGGS,48.0,10.0,2.0,0.0,,USDA_FDC_SR_LEGACY,1226,2018-04,True,
"Egg substitute, powder",,,EGGS,444.0,55.5,21.8,13.0,,USDA_FDC_SR_LEGACY,1144,2018-04,True,
"Egg, duck, whole, fresh, raw",,,EGGS,185.0,12.81,1.45,13.77,,USDA_FDC_SR_LEGACY,1138,2018-04,True,
"Egg, goose, whole, fresh, raw",,,EGGS,185.0,13.87,1.35,13.27,,USDA_FDC_SR_LEGACY,1139,2018-04,True,
"Egg, quail, whole, fresh, raw",,,EGGS,158.0,13.05,0.41,11.09,,USDA_FDC_SR_LEGACY,1140,2018-04,True,
"Egg, turkey, whole, fresh, raw",,,EGGS,171.0,13.68,1.15,11.88,,USDA_FDC_SR_LEGACY,1141,2018-04,True,
"Egg, white, dried",,,EGGS,376.0,79.9,6.02,0.65,,USDA_FDC_FOUNDATION,1173,2026-04-30,True,
"Egg, white, dried, flakes, stabilized, glucose reduced",,,EGGS,351.0,76.92,4.17,0.04,,USDA_FDC_SR_LEGACY,1135,2018-04,True,
"Egg, white, dried, powder, stabilized, glucose reduced",,,EGGS,376.0,82.4,4.47,0.04,,USDA_FDC_SR_LEGACY,1136,2018-04,True,
"Egg, white, dried, stabilized, glucose reduced",,,EGGS,357.0,84.08,4.51,0.32,,USDA_FDC_SR_LEGACY,1258,2018-04,True,
"Egg, white, raw, fresh",,,EGGS,52.0,10.9,0.73,0.17,,USDA_FDC_SR_LEGACY,1124,2018-04,True,
"Egg, white, raw, frozen, pasteurized",,,EGGS,48.0,10.1,0.74,0.16,,USDA_FDC_FOUNDATION,1172,2026-04-30,True,
"Egg, whole, cooked, fried",,,EGGS,196.0,13.61,0.83,14.84,,USDA_FDC_SR_LEGACY,1128,2018-04,True,
"Egg, whole, cooked, hard-boiled",,,EGGS,155.0,12.58,1.12,10.61,,USDA_FDC_SR_LEGACY,1129,2018-04,True,
"Egg, whole, cooked, omelet",,,EGGS,154.0,10.57,0.64,11.66,,USDA_FDC_SR_LEGACY,1130,2018-04,True,
"Egg, whole, cooked, poached",,,EGGS,143.0,12.51,0.71,9.47,,USDA_FDC_SR_LEGACY,1131,2018-04,True,
"Egg, whole, cooked, scrambled",,,EGGS,149.0,9.99,1.61,10.98,,USDA_FDC_SR_LEGACY,1132,2018-04,True,
"Egg, whole, dried",,,EGGS,576.0,48.1,1.87,39.8,,USDA_FDC_FOUNDATION,1133,2026-04-30,True,
"Egg, whole, dried, stabilized, glucose reduced",,,EGGS,615.0,48.17,2.38,43.95,,USDA_FDC_SR_LEGACY,1134,2018-04,True,
"Egg, whole, raw, fresh",,,EGGS,143.0,12.56,0.72,9.51,,USDA_FDC_SR_LEGACY,1123,2018-04,True,
"Egg, whole, raw, frozen, pasteurized",,,EGGS,150.0,12.3,0.91,10.3,,USDA_FDC_FOUNDATION,1171,2026-04-30,True,
"Egg, whole, raw, frozen, pasteurized (Includes foods for USDA's Food Distribution Program)",,,EGGS,147.0,12.33,1.01,9.95,,USDA_FDC_SR_LEGACY,1171,2018-04,True,
"Egg, whole, raw, frozen, salted, pasteurized",,,EGGS,138.0,10.97,0.83,10.07,,USDA_FDC_SR_LEGACY,1255,2018-04,True,
"Egg, yolk, dried",,,EGGS,654.0,34.2,1.07,55.5,,USDA_FDC_FOUNDATION,1137,2026-04-30,True,
"Egg, yolk, raw, fresh",,,EGGS,322.0,15.86,3.59,26.54,,USDA_FDC_SR_LEGACY,1125,2018-04,True,
"Egg, yolk, raw, frozen, pasteurized",,,EGGS,297.0,15.6,0.59,25.1,,USDA_FDC_FOUNDATION,1126,2026-04-30,True,
"Egg, yolk, raw, frozen, salted, pasteurized",,,EGGS,275.0,14.07,1.77,22.93,,USDA_FDC_SR_LEGACY,1160,2018-04,True,
"Egg, yolk, raw, frozen, sugared, pasteurized",,,EGGS,307.0,13.87,10.95,22.82,,USDA_FDC_SR_LEGACY,1127,2018-04,True,
Eggnog,,,EGGS,88.0,4.55,8.05,4.19,,USDA_FDC_SR_LEGACY,1057,2018-04,True,
"Eggs, Grade A, Large, egg white",,,EGGS,55.0,10.7,2.36,0.0,,USDA_FDC_FOUNDATION,1124,2026-04-30,True,
"Eggs, Grade A, Large, egg whole",,,EGGS,147.0,12.4,0.96,9.96,,USDA_FDC_FOUNDATION,1123,2026-04-30,True,
"Eggs, Grade A, Large, egg yolk",,,EGGS,334.0,16.2,1.02,28.8,,USDA_FDC_FOUNDATION,1125,2026-04-30,True,
"Eggs, scrambled, frozen mixture",,,EGGS,131.0,13.1,7.5,5.6,,USDA_FDC_SR_LEGACY,43285,2018-04,True,
"Fat free ice cream, no sugar added, flavors other than chocolate",,,EGGS,133.0,4.41,28.86,0.0,,USDA_FDC_SR_LEGACY,1243,2018-04,True,
"Ice cream bar, covered with chocolate and nuts",,,EGGS,303.0,5.62,11.89,25.84,,USDA_FDC_SR_LEGACY,1300,2018-04,True,
"Ice cream bar, stick or nugget, with crunch coating",,,EGGS,358.0,2.11,37.12,25.26,,USDA_FDC_SR_LEGACY,1264,2018-04,True,
"Ice cream cone, chocolate covered, with nuts, flavors other than chocolate",,,EGGS,354.0,5.21,34.38,21.88,,USDA_FDC_SR_LEGACY,1240,2018-04,True,
Ice cream cookie sandwich,,,EGGS,240.0,3.7,39.6,7.4,,USDA_FDC_SR_LEGACY,1239,2018-04,True,
Ice cream sandwich,,,EGGS,237.0,4.29,37.14,8.57,,USDA_FDC_SR_LEGACY,1238,2018-04,True,
"Ice cream sandwich, made with light ice cream, vanilla",,,EGGS,186.0,4.29,39.64,3.04,,USDA_FDC_SR_LEGACY,1241,2018-04,True,
"Ice cream sandwich, vanilla, light, no sugar added",,,EGGS,200.0,5.71,42.86,2.86,,USDA_FDC_SR_LEGACY,1242,2018-04,True,
Ice cream sundae cone,,,EGGS,254.0,3.0,28.89,14.0,,USDA_FDC_SR_LEGACY,1301,2018-04,True,
"Ice cream, bar or stick, chocolate covered",,,EGGS,331.0,4.1,24.5,24.1,,USDA_FDC_SR_LEGACY,1237,2018-04,True,
"Ice cream, light, soft serve, chocolate",,,EGGS,141.0,3.36,23.15,3.69,,USDA_FDC_SR_LEGACY,1263,2018-04,True,
"Ice cream, lowfat, no sugar added, cone, added peanuts and chocolate sauce",,,EGGS,265.0,5.33,40.01,9.33,,USDA_FDC_SR_LEGACY,1306,2018-04,True,
"Ice cream, soft serve, chocolate",,,EGGS,222.0,4.1,22.2,13.0,,USDA_FDC_SR_LEGACY,1236,2018-04,True,
"Imitation cheese, american or cheddar, low cholesterol",,,EGGS,390.0,25.0,1.0,32.0,,USDA_FDC_SR_LEGACY,42117,2018-04,True,
KRAFT BREAKSTONE'S FREE Fat Free Sour Cream,,,EGGS,91.0,4.7,15.1,1.3,,USDA_FDC_SR_LEGACY,1194,2018-04,True,
KRAFT BREAKSTONE'S Reduced Fat Sour Cream,,,EGGS,152.0,4.5,6.5,12.0,,USDA_FDC_SR_LEGACY,1193,2018-04,True,
KRAFT CHEEZ WHIZ LIGHT Pasteurized Process Cheese Product,,,EGGS,215.0,16.3,16.2,9.5,,USDA_FDC_SR_LEGACY,1189,2018-04,True,
KRAFT CHEEZ WHIZ Pasteurized Process Cheese Sauce,,,EGGS,276.0,12.0,9.2,21.0,,USDA_FDC_SR_LEGACY,1188,2018-04,True,
KRAFT FREE Singles American Nonfat Pasteurized Process Cheese Product,,,EGGS,148.0,22.7,11.7,1.0,,USDA_FDC_SR_LEGACY,1190,2018-04,True,
KRAFT VELVEETA LIGHT Reduced Fat Pasteurized Process Cheese Product,,,EGGS,222.0,19.6,11.8,10.6,,USDA_FDC_SR_LEGACY,1192,2018-04,True,
KRAFT VELVEETA Pasteurized Process Cheese Spread,,,EGGS,303.0,16.3,9.8,22.0,,USDA_FDC_SR_LEGACY,1191,2018-04,True,
"Kefir, lowfat, plain, LIFEWAY",,,EGGS,43.0,3.79,4.77,1.02,,USDA_FDC_SR_LEGACY,1289,2018-04,True,
"Kefir, lowfat, strawberry, LIFEWAY",,,EGGS,62.0,3.39,10.2,0.9,,USDA_FDC_SR_LEGACY,1290,2018-04,True,
"Light ice cream, Creamsicle",,,EGGS,165.0,1.54,32.75,3.08,,USDA_FDC_SR_LEGACY,1302,2018-04,True,
"Milk dessert bar, frozen, made from lowfat milk",,,EGGS,147.0,4.41,32.0,1.47,,USDA_FDC_SR_LEGACY,1244,2018-04,True,
"Milk shakes, thick chocolate",,,EGGS,119.0,3.05,21.15,2.7,,USDA_FDC_SR_LEGACY,1110,2018-04,True,
"Milk shakes, thick vanilla",,,EGGS,112.0,3.86,17.75,3.03,,USDA_FDC_SR_LEGACY,1111,2018-04,True,
"Milk substitutes, fluid, with lauric acid oil",,,EGGS,61.0,1.75,6.16,3.41,,USDA_FDC_SR_LEGACY,1076,2018-04,True,
"Milk, buttermilk, dried",,,EGGS,387.0,34.3,49.0,5.78,,USDA_FDC_SR_LEGACY,1094,2018-04,True,
"Milk, buttermilk, fluid, cultured, lowfat",,,EGGS,40.0,3.31,4.79,1.07,,USDA_FDC_SR_LEGACY,1088,2018-04,True,
"Milk, buttermilk, fluid, cultured, reduced fat",,,EGGS,56.0,4.1,5.3,2.0,,USDA_FDC_SR_LEGACY,42189,2018-04,True,
"Milk, buttermilk, fluid, whole",,,EGGS,62.0,3.21,4.88,3.31,,USDA_FDC_SR_LEGACY,1230,2018-04,True,
"Milk, canned, condensed, sweetened",,,EGGS,321.0,7.91,54.4,8.7,,USDA_FDC_SR_LEGACY,1095,2018-04,True,
"Milk, canned, evaporated, nonfat, with added vitamin A and vitamin D",,,EGGS,78.0,7.55,11.35,0.2,,USDA_FDC_SR_LEGACY,1097,2018-04,True,
"Milk, canned, evaporated, with added vitamin A",,,EGGS,134.0,6.81,10.04,7.56,,USDA_FDC_SR_LEGACY,1153,2018-04,True,
"Milk, canned, evaporated, with added vitamin D and without added vitamin A",,,EGGS,134.0,6.81,10.04,7.56,,USDA_FDC_SR_LEGACY,1096,2018-04,True,
"Milk, chocolate beverage, hot cocoa, homemade",,,EGGS,77.0,3.52,10.74,2.34,,USDA_FDC_SR_LEGACY,1105,2018-04,True,
"Milk, chocolate, fat free, with added vitamin A and vitamin D",,,EGGS,67.0,3.39,13.46,0.0,,USDA_FDC_SR_LEGACY,1292,2018-04,True,
"Milk, chocolate, fluid, commercial, reduced fat, with added calcium",,,EGGS,78.0,2.99,12.13,1.9,,USDA_FDC_SR_LEGACY,1202,2018-04,True,
"Milk, chocolate, fluid, commercial, reduced fat, with added vitamin A and vitamin D",,,EGGS,76.0,2.99,12.13,1.9,,USDA_FDC_SR_LEGACY,1103,2018-04,True,
"Milk, chocolate, fluid, commercial, whole, with added vitamin A and vitamin D",,,EGGS,83.0,3.17,10.34,3.39,,USDA_FDC_SR_LEGACY,1102,2018-04,True,
"Milk, chocolate, lowfat, reduced sugar",,,EGGS,57.0,3.43,7.68,1.04,,USDA_FDC_SR_LEGACY,1305,2018-04,True,
"Milk, chocolate, lowfat, with added vitamin A and vitamin D",,,EGGS,64.0,3.46,10.15,1.11,,USDA_FDC_SR_LEGACY,1104,2018-04,True,
"Milk, dry, nonfat, calcium reduced",,,EGGS,354.0,35.5,51.8,0.2,,USDA_FDC_SR_LEGACY,1093,2018-04,True,
"Milk, dry, nonfat, instant, with added vitamin A and vitamin D",,,EGGS,358.0,35.1,52.19,0.72,,USDA_FDC_SR_LEGACY,1092,2018-04,True,
"Milk, dry, nonfat, instant, without added vitamin A and vitamin D",,,EGGS,358.0,35.1,52.19,0.72,,USDA_FDC_SR_LEGACY,1155,2018-04,True,
"Milk, dry, nonfat, regular, with added vitamin A and vitamin D",,,EGGS,362.0,36.16,51.98,0.77,,USDA_FDC_SR_LEGACY,1154,2018-04,True,
"Milk, dry, nonfat, regular, without added vitamin A and vitamin D",,,EGGS,362.0,36.16,51.98,0.77,,USDA_FDC_SR_LEGACY,1091,2018-04,True,
"Milk, dry, whole, with added vitamin D",,,EGGS,496.0,26.32,38.42,26.71,,USDA_FDC_SR_LEGACY,1090,2018-04,True,
"Milk, dry, whole, without added vitamin D",,,EGGS,496.0,26.32,38.42,26.71,,USDA_FDC_SR_LEGACY,1212,2018-04,True,
"Milk, evaporated, 2% fat, with added vitamin A and vitamin D",,,EGGS,107.0,6.67,15.74,2.0,,USDA_FDC_SR_LEGACY,1291,2018-04,True,
"Milk, filled, fluid, with blend of hydrogenated vegetable oils",,,EGGS,63.0,3.33,4.74,3.46,,USDA_FDC_SR_LEGACY,1059,2018-04,True,
"Milk, filled, fluid, with lauric acid oil",,,EGGS,63.0,3.33,4.74,3.4,,USDA_FDC_SR_LEGACY,1060,2018-04,True,
"Milk, fluid, 1% fat, without added vitamin A and vitamin D",,,EGGS,42.0,3.37,4.99,0.97,,USDA_FDC_SR_LEGACY,1175,2018-04,True,
"Milk, fluid, nonfat, calcium fortified (fat free or skim)",,,EGGS,35.0,3.4,4.85,0.18,,USDA_FDC_SR_LEGACY,42290,2018-04,True,
"Milk, goat, fluid, with added vitamin D",,,EGGS,69.0,3.56,4.45,4.14,,USDA_FDC_SR_LEGACY,1106,2018-04,True,
"Milk, human, mature, fluid",,,EGGS,70.0,1.03,6.89,4.38,,USDA_FDC_SR_LEGACY,1107,2018-04,True,
"Milk, imitation, non-soy",,,EGGS,46.0,1.6,5.3,2.0,,USDA_FDC_SR_LEGACY,43543,2018-04,True,
"Milk, indian buffalo, fluid",,,EGGS,97.0,3.75,5.18,6.89,,USDA_FDC_SR_LEGACY,1108,2018-04,True,
"Milk, low sodium, fluid",,,EGGS,61.0,3.1,4.46,3.46,,USDA_FDC_SR_LEGACY,1089,2018-04,True,
"Milk, lowfat, fluid, 1% milkfat, protein fortified, with added vitamin A and vitamin D",,,EGGS,48.0,3.93,5.52,1.17,,USDA_FDC_SR_LEGACY,1084,2018-04,True,
"Milk, lowfat, fluid, 1% milkfat, with added nonfat milk solids, vitamin A and vitamin D",,,EGGS,43.0,3.48,4.97,0.97,,USDA_FDC_SR_LEGACY,1083,2018-04,True,
"Milk, lowfat, fluid, 1% milkfat, with added vitamin A and vitamin D",,,EGGS,43.0,3.38,5.18,0.95,,USDA_FDC_FOUNDATION,1082,2026-04-30,True,
"Milk, nonfat, fluid, protein fortified, with added vitamin A and vitamin D (fat free and skim)",,,EGGS,41.0,3.96,5.56,0.25,,USDA_FDC_SR_LEGACY,1087,2018-04,True,
"Milk, nonfat, fluid, with added nonfat milk solids, vitamin A and vitamin D (fat free or skim)",,,EGGS,37.0,3.57,5.02,0.25,,USDA_FDC_SR_LEGACY,1086,2018-04,True,
"Milk, nonfat, fluid, with added vitamin A and vitamin D (fat free or skim)",,,EGGS,34.0,3.43,4.92,0.08,,USDA_FDC_FOUNDATION,1085,2026-04-30,True,
"Milk, nonfat, fluid, without added vitamin A and vitamin D (fat free or skim)",,,EGGS,35.0,3.37,4.86,0.18,,USDA_FDC_SR_LEGACY,1151,2018-04,True,
"Milk, producer, fluid, 3.7% milkfat",,,EGGS,64.0,3.28,4.65,3.66,,USDA_FDC_SR_LEGACY,1078,2018-04,True,
"Milk, reduced fat, fluid, 2% milkfat, protein fortified, with added vitamin A and vitamin D",,,EGGS,56.0,3.95,5.49,1.98,,USDA_FDC_SR_LEGACY,1081,2018-04,True,
"Milk, reduced fat, fluid, 2% milkfat, with added nonfat milk solids and vitamin A and vitamin D",,,EGGS,51.0,3.48,4.97,1.92,,USDA_FDC_SR_LEGACY,1080,2018-04,True,
"Milk, reduced fat, fluid, 2% milkfat, with added nonfat milk solids, without added vitamin A",,,EGGS,56.0,3.95,5.49,1.98,,USDA_FDC_SR_LEGACY,1152,2018-04,True,
"Milk, reduced fat, fluid, 2% milkfat, with added vitamin A and vitamin D",,,EGGS,50.0,3.36,4.9,1.9,,USDA_FDC_FOUNDATION,1079,2026-04-30,True,
"Milk, reduced fat, fluid, 2% milkfat, without added vitamin A and vitamin D",,,EGGS,50.0,3.3,4.8,1.98,,USDA_FDC_SR_LEGACY,1174,2018-04,True,
"Milk, sheep, fluid",,,EGGS,108.0,5.98,5.36,7.0,,USDA_FDC_SR_LEGACY,1109,2018-04,True,
"Milk, whole, 3.25% milkfat, with added vitamin D",,,EGGS,60.0,3.27,4.63,3.2,,USDA_FDC_FOUNDATION,1077,2026-04-30,True,
"Milk, whole, 3.25% milkfat, without added vitamin A and vitamin D",,,EGGS,61.0,3.15,4.78,3.27,,USDA_FDC_SR_LEGACY,1211,2018-04,True,
"Nutritional supplement for people with diabetes, liquid",,,EGGS,88.0,4.4,11.88,3.08,,USDA_FDC_SR_LEGACY,1250,2018-04,True,
"Parmesan cheese topping, fat free",,,EGGS,370.0,40.0,40.0,5.0,,USDA_FDC_SR_LEGACY,1185,2018-04,True,
"Protein supplement, milk based, Muscle Milk Light, powder",,,EGGS,396.0,50.0,22.0,12.0,,USDA_FDC_SR_LEGACY,1224,2018-04,True,
"Protein supplement, milk based, Muscle Milk, powder",,,EGGS,411.0,45.71,18.5,17.14,,USDA_FDC_SR_LEGACY,1223,2018-04,True,
Reddi Wip Fat Free Whipped Topping,,,EGGS,149.0,3.0,25.0,5.0,,USDA_FDC_SR_LEGACY,1200,2018-04,True,
"Sour cream, fat free",,,EGGS,74.0,3.1,15.6,0.0,,USDA_FDC_SR_LEGACY,1180,2018-04,True,
"Sour cream, imitation, cultured",,,EGGS,208.0,2.4,6.63,19.52,,USDA_FDC_SR_LEGACY,1074,2018-04,True,
"Sour cream, light",,,EGGS,136.0,3.5,7.1,10.6,,USDA_FDC_SR_LEGACY,1179,2018-04,True,
"Sour cream, reduced fat",,,EGGS,181.0,7.0,7.0,14.1,,USDA_FDC_SR_LEGACY,1178,2018-04,True,
"Sour dressing, non-butterfat, cultured, filled cream-type",,,EGGS,178.0,3.25,4.68,16.57,,USDA_FDC_SR_LEGACY,1058,2018-04,True,
"Whey, acid, dried",,,EGGS,339.0,11.73,73.45,0.54,,USDA_FDC_SR_LEGACY,1113,2018-04,True,
"Whey, acid, fluid",,,EGGS,24.0,0.76,5.12,0.09,,USDA_FDC_SR_LEGACY,1112,2018-04,True,
"Whey, sweet, dried",,,EGGS,353.0,12.93,74.46,1.07,,USDA_FDC_SR_LEGACY,1115,2018-04,True,
"Whey, sweet, fluid",,,EGGS,27.0,0.85,5.14,0.36,,USDA_FDC_SR_LEGACY,1114,2018-04,True,
"Whipped cream substitute, dietetic, made from powdered mix",,,EGGS,100.0,0.9,10.6,6.0,,USDA_FDC_SR_LEGACY,43268,2018-04,True,
"Whipped topping, frozen, low fat",,,EGGS,224.0,3.0,23.6,13.1,,USDA_FDC_SR_LEGACY,42135,2018-04,True,
"Yogurt, Greek, 2% fat, apricot, CHOBANI",,,EGGS,93.0,7.22,12.15,1.71,,USDA_FDC_SR_LEGACY,1064,2018-04,True,
"Yogurt, Greek, 2% fat, key lime blend, CHOBANI",,,EGGS,92.0,7.75,11.91,1.47,,USDA_FDC_SR_LEGACY,1158,2018-04,True,
"Yogurt, Greek, 2% fat, mango, CHOBANI",,,EGGS,93.0,7.64,11.84,1.69,,USDA_FDC_SR_LEGACY,1162,2018-04,True,
"Yogurt, Greek, 2% fat, pineapple, CHOBANI",,,EGGS,94.0,7.05,12.27,1.82,,USDA_FDC_SR_LEGACY,1304,2018-04,True,
"Yogurt, Greek, 2% fat, strawberry banana, CHOBANI",,,EGGS,88.0,8.0,10.24,1.71,,USDA_FDC_SR_LEGACY,1307,2018-04,True,
"Yogurt, Greek, 2% fat,mixed berry blend, CHOBANI",,,EGGS,93.0,8.26,10.94,1.83,,USDA_FDC_SR_LEGACY,1249,2018-04,True,
"Yogurt, Greek, 2%fat, coconut blend, CHOBANI",,,EGGS,92.0,8.11,11.04,1.71,,USDA_FDC_SR_LEGACY,1065,2018-04,True,
"Yogurt, Greek, Blueberry, CHOBANI",,,EGGS,82.0,7.23,12.78,0.24,,USDA_FDC_SR_LEGACY,1320,2018-04,True,
"Yogurt, Greek, fruit, whole milk",,,EGGS,106.0,7.33,12.29,3.0,,USDA_FDC_SR_LEGACY,1294,2018-04,True,
"Yogurt, Greek, nonfat, Fruit on Bottom, Blackberry, CHOBANI",,,EGGS,95.0,7.54,15.43,0.37,,USDA_FDC_SR_LEGACY,1322,2018-04,True,
"Yogurt, Greek, nonfat, Fruit on Bottom, Pomegranate, CHOBANI",,,EGGS,80.0,7.45,12.13,0.18,,USDA_FDC_SR_LEGACY,1319,2018-04,True,
"Yogurt, Greek, nonfat, Fruit on Bottom, Strawberry, CHOBANI",,,EGGS,79.0,7.28,11.86,0.23,,USDA_FDC_SR_LEGACY,1321,2018-04,True,
"Yogurt, Greek, nonfat, lemon blend, CHOBANI",,,EGGS,78.0,8.62,10.66,0.15,,USDA_FDC_SR_LEGACY,1312,2018-04,True,
"Yogurt, Greek, nonfat, peach, CHOBANI",,,EGGS,80.0,7.76,11.9,0.11,,USDA_FDC_SR_LEGACY,1313,2018-04,True,
"Yogurt, Greek, nonfat, plain, CHOBANI",,,EGGS,54.0,9.53,3.43,0.24,,USDA_FDC_SR_LEGACY,1314,2018-04,True,
"Yogurt, Greek, nonfat, raspberry, CHOBANI",,,EGGS,81.0,7.65,11.98,0.22,,USDA_FDC_SR_LEGACY,1316,2018-04,True,
"Yogurt, Greek, nonfat, strawberry, DANNON OIKOS",,,EGGS,84.0,8.03,12.53,0.22,,USDA_FDC_SR_LEGACY,1280,2018-04,True,
"Yogurt, Greek, nonfat, vanilla, CHOBANI",,,EGGS,71.0,9.07,8.09,0.22,,USDA_FDC_SR_LEGACY,1275,2018-04,True,
"Yogurt, Greek, nonfat, vanilla, DANNON OIKOS",,,EGGS,85.0,8.12,12.72,0.14,,USDA_FDC_SR_LEGACY,1278,2018-04,True,
"Yogurt, Greek, plain, lowfat",,,EGGS,73.0,9.95,3.94,1.92,,USDA_FDC_SR_LEGACY,1287,2018-04,True,
"Yogurt, Greek, plain, nonfat",,,EGGS,61.0,10.3,3.64,0.37,,USDA_FDC_FOUNDATION,1256,2026-04-30,True,
"Yogurt, Greek, plain, nonfat (Includes foods for USDA's Food Distribution Program)",,,EGGS,59.0,10.19,3.6,0.39,,USDA_FDC_SR_LEGACY,1256,2018-04,True,
"Yogurt, Greek, plain, whole milk",,,EGGS,94.51,8.78,4.75,4.39,,USDA_FDC_FOUNDATION,1293,2026-04-30,True,
"Yogurt, Greek, strawberry, DANNON OIKOS",,,EGGS,106.0,8.25,11.67,2.92,,USDA_FDC_SR_LEGACY,1276,2018-04,True,
"Yogurt, Greek, strawberry, lowfat",,,EGGS,105.0,8.17,12.29,2.57,,USDA_FDC_SR_LEGACY,1284,2018-04,True,
"Yogurt, Greek, strawberry, nonfat",,,EGGS,83.0,8.06,12.2,0.15,,USDA_FDC_FOUNDATION,1285,2026-04-30,True,
"Yogurt, Greek, vanilla, lowfat",,,EGGS,95.0,8.64,9.54,2.5,,USDA_FDC_SR_LEGACY,1297,2018-04,True,
"Yogurt, Greek, vanilla, nonfat",,,EGGS,78.0,8.64,10.37,0.18,,USDA_FDC_SR_LEGACY,1286,2018-04,True,
"Yogurt, Greek, whole, plain, CHOBANI",,,EGGS,82.0,8.24,3.24,4.01,,USDA_FDC_SR_LEGACY,1308,2018-04,True,
"Yogurt, chocolate, nonfat milk",,,EGGS,112.0,3.53,23.53,0.0,,USDA_FDC_SR_LEGACY,1187,2018-04,True,
"Yogurt, chocolate, nonfat milk, fortified with vitamin D",,,EGGS,112.0,3.53,23.53,0.0,,USDA_FDC_SR_LEGACY,1222,2018-04,True,
"Yogurt, frozen, flavors not chocolate, nonfat milk, with low-calorie sweetener",,,EGGS,104.0,4.4,19.7,0.8,,USDA_FDC_SR_LEGACY,1235,2018-04,True,
"Yogurt, frozen, flavors other than chocolate, lowfat",,,EGGS,139.0,8.0,21.0,2.5,,USDA_FDC_SR_LEGACY,1298,2018-04,True,
"Yogurt, fruit variety, nonfat",,,EGGS,95.0,4.4,19.0,0.2,,USDA_FDC_SR_LEGACY,43261,2018-04,True,
"Yogurt, fruit variety, nonfat, fortified with vitamin D",,,EGGS,95.0,4.4,19.0,0.2,,USDA_FDC_SR_LEGACY,1218,2018-04,True,
"Yogurt, fruit, low fat, 10 grams protein per 8 ounce",,,EGGS,102.0,4.37,19.05,1.08,,USDA_FDC_SR_LEGACY,1121,2018-04,True,
"Yogurt, fruit, low fat, 10 grams protein per 8 ounce, fortified with vitamin D",,,EGGS,102.0,4.37,19.05,1.08,,USDA_FDC_SR_LEGACY,1217,2018-04,True,
"Yogurt, fruit, low fat, 11g protein/8 oz",,,EGGS,105.0,4.86,18.6,1.41,,USDA_FDC_SR_LEGACY,1122,2018-04,True,
"Yogurt, fruit, low fat, 9 grams protein per 8 ounce, fortified with vitamin D",,,EGGS,99.0,3.98,18.64,1.15,,USDA_FDC_SR_LEGACY,1216,2018-04,True,
"Yogurt, fruit, low fat,9 g protein/8 oz",,,EGGS,99.0,3.98,18.64,1.15,,USDA_FDC_SR_LEGACY,1120,2018-04,True,
"Yogurt, fruit, lowfat, with low calorie sweetener",,,EGGS,105.0,4.86,18.6,1.41,,USDA_FDC_SR_LEGACY,1203,2018-04,True,
"Yogurt, fruit, lowfat, with low calorie sweetener, fortified with vitamin D",,,EGGS,105.0,4.86,18.6,1.41,,USDA_FDC_SR_LEGACY,1219,2018-04,True,
"Yogurt, plain, low fat",,,EGGS,63.0,5.25,7.04,1.55,,USDA_FDC_SR_LEGACY,1117,2018-04,True,
"Yogurt, plain, nonfat",,,EGGS,50.07,4.23,8.08,0.09,,USDA_FDC_FOUNDATION,100295,2026-04-30,True,
"Yogurt, plain, skim milk",,,EGGS,56.0,5.73,7.68,0.18,,USDA_FDC_SR_LEGACY,1118,2018-04,True,
"Yogurt, plain, whole milk",,,EGGS,77.32,3.82,5.57,4.48,,USDA_FDC_FOUNDATION,1116,2026-04-30,True,
"Yogurt, vanilla flavor, lowfat milk, sweetened with low calorie sweetener",,,EGGS,86.0,4.93,13.8,1.25,,USDA_FDC_SR_LEGACY,1231,2018-04,True,
"Yogurt, vanilla or lemon flavor, nonfat milk, sweetened with low-calorie sweetener",,,EGGS,43.0,3.86,7.5,0.18,,USDA_FDC_SR_LEGACY,1184,2018-04,True,
"Yogurt, vanilla or lemon flavor, nonfat milk, sweetened with low-calorie sweetener, fortified with vitamin D",,,EGGS,43.0,3.86,7.5,0.18,,USDA_FDC_SR_LEGACY,1221,2018-04,True,
"Yogurt, vanilla, low fat, fortified with vitamin D",,,EGGS,85.0,4.93,13.8,1.25,,USDA_FDC_SR_LEGACY,1220,2018-04,True,
"Yogurt, vanilla, low fat.",,,EGGS,85.0,4.93,13.8,1.25,,USDA_FDC_SR_LEGACY,1119,2018-04,True,
"Yogurt, vanilla, non-fat",,,EGGS,78.0,2.94,17.04,0.0,,USDA_FDC_SR_LEGACY,1295,2018-04,True,
"Animal fat, bacon grease",,,FATS_OILS,897.0,0.0,0.0,99.5,,USDA_FDC_SR_LEGACY,4609,2018-04,True,
"Butter replacement, without fat, powder",,,FATS_OILS,373.0,2.0,89.0,1.0,,USDA_FDC_SR_LEGACY,43214,2018-04,True,
"Butter, light, stick, with salt",,,FATS_OILS,499.0,3.3,0.0,55.1,,USDA_FDC_SR_LEGACY,4601,2018-04,True,
"Butter, light, stick, without salt",,,FATS_OILS,499.0,3.3,0.0,55.1,,USDA_FDC_SR_LEGACY,4602,2018-04,True,
"Creamy dressing, made with sour cream and/or buttermilk and oil, reduced calorie",,,FATS_OILS,160.0,1.5,7.0,14.0,,USDA_FDC_SR_LEGACY,42116,2018-04,True,
"Creamy dressing, made with sour cream and/or buttermilk and oil, reduced calorie, cholesterol-free",,,FATS_OILS,140.0,1.0,16.0,8.0,,USDA_FDC_SR_LEGACY,42158,2018-04,True,
"Creamy dressing, made with sour cream and/or buttermilk and oil, reduced calorie, fat-free",,,FATS_OILS,107.0,1.4,20.0,2.7,,USDA_FDC_SR_LEGACY,42157,2018-04,True,
"Dressing, honey mustard, fat-free",,,FATS_OILS,169.0,1.07,38.43,1.47,,USDA_FDC_SR_LEGACY,4706,2018-04,True,
"Fat, beef tallow",,,FATS_OILS,902.0,0.0,0.0,100.0,,USDA_FDC_SR_LEGACY,4001,2018-04,True,
"Fat, chicken",,,FATS_OILS,900.0,0.0,0.0,99.8,,USDA_FDC_SR_LEGACY,4542,2018-04,True,
"Fat, goose",,,FATS_OILS,900.0,0.0,0.0,99.8,,USDA_FDC_SR_LEGACY,4576,2018-04,True,
"Fat, turkey",,,FATS_OILS,900.0,0.0,0.0,99.8,,USDA_FDC_SR_LEGACY,4575,2018-04,True,
"Fish oil, cod liver",,,FATS_OILS,902.0,0.0,0.0,100.0,,USDA_FDC_SR_LEGACY,4589,2018-04,True,
"Fish oil, herring",,,FATS_OILS,902.0,0.0,0.0,100.0,,USDA_FDC_SR_LEGACY,4590,2018-04,True,
"Fish oil, menhaden",,,FATS_OILS,902.0,0.0,0.0,100.0,,USDA_FDC_SR_LEGACY,4591,2018-04,True,
"Fish oil, menhaden, fully hydrogenated",,,FATS_OILS,902.0,0.0,0.0,100.0,,USDA_FDC_SR_LEGACY,4592,2018-04,True,
"Fish oil, salmon",,,FATS_OILS,902.0,0.0,0.0,100.0,,USDA_FDC_SR_LEGACY,4593,2018-04,True,
"Fish oil, sardine",,,FATS_OILS,902.0,0.0,0.0,100.0,,USDA_FDC_SR_LEGACY,4594,2018-04,True,
Lard,,,FATS_OILS,902.0,0.0,0.0,100.0,,USDA_FDC_SR_LEGACY,4002,2018-04,True,
"Margarine Spread, 40-49% fat, tub",,,FATS_OILS,401.0,0.27,0.0,44.46,,USDA_FDC_SR_LEGACY,4630,2018-04,True,
"Margarine, 80% fat, stick, includes regular and hydrogenated corn and soybean oils",,,FATS_OILS,717.0,0.16,0.7,80.71,,USDA_FDC_SR_LEGACY,4628,2018-04,True,
"Margarine, 80% fat, tub, CANOLA HARVEST Soft Spread (canola, palm and palm kernel oils)",,,FATS_OILS,730.0,0.41,1.39,80.32,,USDA_FDC_SR_LEGACY,4684,2018-04,True,
"Margarine, industrial, non-dairy, cottonseed, soy oil (partially hydrogenated ), for flaky pastries",,,FATS_OILS,714.0,1.9,0.0,80.2,,USDA_FDC_SR_LEGACY,4665,2018-04,True,
"Margarine, industrial, soy and partially hydrogenated soy oil, use for baking, sauces and candy",,,FATS_OILS,714.0,0.18,0.71,80.0,,USDA_FDC_SR_LEGACY,4668,2018-04,True,
"Margarine, margarine-like vegetable oil spread, 67-70% fat, tub",,,FATS_OILS,606.0,0.07,0.59,68.29,,USDA_FDC_SR_LEGACY,4683,2018-04,True,
"Margarine, margarine-type vegetable oil spread, 70% fat, soybean and partially hydrogenated soybean, stick",,,FATS_OILS,628.0,0.26,1.53,70.22,,USDA_FDC_SR_LEGACY,4629,2018-04,True,
"Margarine, regular, 80% fat, composite, stick, with salt",,,FATS_OILS,717.0,0.16,0.7,80.71,,USDA_FDC_SR_LEGACY,4610,2018-04,True,
"Margarine, regular, 80% fat, composite, stick, with salt, with added vitamin D",,,FATS_OILS,717.0,0.16,0.7,80.71,,USDA_FDC_SR_LEGACY,4691,2018-04,True,
"Margarine, regular, 80% fat, composite, stick, without salt",,,FATS_OILS,717.0,0.16,0.7,80.71,,USDA_FDC_SR_LEGACY,4617,2018-04,True,
"Margarine, regular, 80% fat, composite, stick, without salt, with added vitamin D",,,FATS_OILS,717.0,0.16,0.7,80.71,,USDA_FDC_SR_LEGACY,4696,2018-04,True,
"Margarine, regular, 80% fat, composite, tub, with salt",,,FATS_OILS,713.0,0.22,0.75,80.17,,USDA_FDC_SR_LEGACY,4611,2018-04,True,
"Margarine, regular, 80% fat, composite, tub, with salt, with added vitamin D",,,FATS_OILS,713.0,0.22,0.75,80.17,,USDA_FDC_SR_LEGACY,4692,2018-04,True,
"Margarine, regular, 80% fat, composite, tub, without salt",,,FATS_OILS,713.0,0.22,0.75,80.17,,USDA_FDC_SR_LEGACY,4618,2018-04,True,
"Margarine, regular, hard, soybean (hydrogenated)",,,FATS_OILS,719.0,0.9,0.9,80.5,,USDA_FDC_SR_LEGACY,4073,2018-04,True,
"Margarine,spread, 35-39% fat, tub",,,FATS_OILS,349.0,0.23,1.52,37.98,,USDA_FDC_SR_LEGACY,4128,2018-04,True,
"Margarine-like shortening, industrial, soy (partially hydrogenated), cottonseed, and soy, principal use flaky pastries",,,FATS_OILS,628.0,0.0,0.0,71.0,,USDA_FDC_SR_LEGACY,4655,2018-04,True,
"Margarine-like spread with yogurt, 70% fat, stick, with salt",,,FATS_OILS,630.0,0.3,0.5,70.0,,USDA_FDC_SR_LEGACY,4626,2018-04,True,
"Margarine-like spread with yogurt, approximately 40% fat, tub, with salt",,,FATS_OILS,330.0,2.0,2.0,35.0,,USDA_FDC_SR_LEGACY,4627,2018-04,True,
"Margarine-like spread, BENECOL Light Spread",,,FATS_OILS,357.0,0.0,5.71,38.71,,USDA_FDC_SR_LEGACY,4687,2018-04,True,
"Margarine-like spread, SMART BALANCE Light Buttery Spread",,,FATS_OILS,337.0,0.02,1.98,36.41,,USDA_FDC_SR_LEGACY,4674,2018-04,True,
"Margarine-like spread, SMART BALANCE Omega Plus Spread (with plant sterols & fish oil)",,,FATS_OILS,605.0,0.13,0.16,70.95,,USDA_FDC_SR_LEGACY,4677,2018-04,True,
"Margarine-like spread, SMART BALANCE Regular Buttery Spread with flax oil",,,FATS_OILS,583.0,0.14,0.14,64.63,,USDA_FDC_SR_LEGACY,4673,2018-04,True,
"Margarine-like spread, SMART BEAT Smart Squeeze",,,FATS_OILS,47.0,0.0,7.1,2.1,,USDA_FDC_SR_LEGACY,4676,2018-04,True,
"Margarine-like spread, SMART BEAT Super Light without saturated fat",,,FATS_OILS,158.0,0.0,0.0,17.1,,USDA_FDC_SR_LEGACY,4675,2018-04,True,
"Margarine-like vegetable-oil spread, stick/tub/bottle, 60% fat, with added vitamin D",,,FATS_OILS,535.0,0.6,0.0,59.17,,USDA_FDC_SR_LEGACY,4695,2018-04,True,
"Margarine-like, butter-margarine blend, 80% fat, stick, without salt",,,FATS_OILS,718.0,0.9,0.6,80.7,,USDA_FDC_SR_LEGACY,42307,2018-04,True,
"Margarine-like, margarine-butter blend, soybean oil and butter",,,FATS_OILS,727.0,0.31,0.77,80.32,,USDA_FDC_SR_LEGACY,4585,2018-04,True,
"Margarine-like, vegetable oil spread, 20% fat, with salt",,,FATS_OILS,175.0,0.0,0.4,19.5,,USDA_FDC_SR_LEGACY,4633,2018-04,True,
"Margarine-like, vegetable oil spread, 20% fat, without salt",,,FATS_OILS,175.0,0.0,0.4,19.5,,USDA_FDC_SR_LEGACY,4634,2018-04,True,
"Margarine-like, vegetable oil spread, 60% fat, stick, with salt",,,FATS_OILS,537.0,0.12,0.69,60.39,,USDA_FDC_SR_LEGACY,4612,2018-04,True,
"Margarine-like, vegetable oil spread, 60% fat, stick, with salt, with added vitamin D",,,FATS_OILS,537.0,0.12,0.69,60.39,,USDA_FDC_SR_LEGACY,4693,2018-04,True,
"Margarine-like, vegetable oil spread, 60% fat, stick/tub/bottle, with salt",,,FATS_OILS,526.0,0.6,0.0,59.17,,USDA_FDC_SR_LEGACY,4614,2018-04,True,
"Margarine-like, vegetable oil spread, 60% fat, stick/tub/bottle, without salt",,,FATS_OILS,533.0,0.17,0.86,59.81,,USDA_FDC_SR_LEGACY,4620,2018-04,True,
"Margarine-like, vegetable oil spread, 60% fat, stick/tub/bottle, without salt, with added vitamin D",,,FATS_OILS,542.0,0.17,0.86,59.81,,USDA_FDC_SR_LEGACY,4697,2018-04,True,
"Margarine-like, vegetable oil spread, 60% fat, tub, with salt",,,FATS_OILS,533.0,0.17,0.86,59.81,,USDA_FDC_SR_LEGACY,4613,2018-04,True,
"Margarine-like, vegetable oil spread, 60% fat, tub, with salt, with added vitamin D",,,FATS_OILS,533.0,0.17,0.86,59.81,,USDA_FDC_SR_LEGACY,4694,2018-04,True,
"Margarine-like, vegetable oil spread, approximately 37% fat, unspecified oils, with salt, with added vitamin D",,,FATS_OILS,339.0,0.51,0.66,37.77,,USDA_FDC_SR_LEGACY,4690,2018-04,True,
"Margarine-like, vegetable oil spread, fat free, liquid, with salt",,,FATS_OILS,43.0,1.5,2.5,3.0,,USDA_FDC_SR_LEGACY,4624,2018-04,True,
"Margarine-like, vegetable oil spread, fat-free, tub",,,FATS_OILS,44.0,0.1,4.34,3.04,,USDA_FDC_SR_LEGACY,4631,2018-04,True,
"Margarine-like, vegetable oil spread, stick or tub, sweetened",,,FATS_OILS,534.0,0.0,16.7,52.0,,USDA_FDC_SR_LEGACY,42256,2018-04,True,
"Margarine-like, vegetable oil-butter spread, reduced calorie, tub, with salt",,,FATS_OILS,450.0,1.0,1.0,50.0,,USDA_FDC_SR_LEGACY,42309,2018-04,True,
"Margarine-like, vegetable oil-butter spread, tub, with salt",,,FATS_OILS,362.0,1.0,1.0,40.0,,USDA_FDC_SR_LEGACY,4600,2018-04,True,
"Mayonnaise dressing, no cholesterol",,,FATS_OILS,688.0,0.0,0.3,77.8,,USDA_FDC_SR_LEGACY,43598,2018-04,True,
"Mayonnaise, low sodium, low calorie or diet",,,FATS_OILS,231.0,0.3,16.0,19.2,,USDA_FDC_SR_LEGACY,43355,2018-04,True,
"Mayonnaise, made with tofu",,,FATS_OILS,322.0,5.95,3.06,31.79,,USDA_FDC_SR_LEGACY,42178,2018-04,True,
"Mayonnaise, reduced fat, with olive oil",,,FATS_OILS,361.0,0.37,0.0,40.0,,USDA_FDC_SR_LEGACY,4708,2018-04,True,
"Mayonnaise, reduced-calorie or diet, cholesterol-free",,,FATS_OILS,333.0,0.9,6.7,33.3,,USDA_FDC_SR_LEGACY,42138,2018-04,True,
"Oil, PAM cooking spray, original",,,FATS_OILS,792.0,0.26,20.69,78.69,,USDA_FDC_SR_LEGACY,4679,2018-04,True,
"Oil, almond",,,FATS_OILS,884.0,0.0,0.0,100.0,,USDA_FDC_SR_LEGACY,4529,2018-04,True,
"Oil, apricot kernel",,,FATS_OILS,884.0,0.0,0.0,100.0,,USDA_FDC_SR_LEGACY,4530,2018-04,True,
"Oil, avocado",,,FATS_OILS,884.0,0.0,0.0,100.0,,USDA_FDC_SR_LEGACY,4581,2018-04,True,
"Oil, babassu",,,FATS_OILS,884.0,0.0,0.0,100.0,,USDA_FDC_SR_LEGACY,4534,2018-04,True,
"Oil, canola",,,FATS_OILS,884.0,0.0,0.0,100.0,,USDA_FDC_SR_LEGACY,4582,2018-04,True,
"Oil, cocoa butter",,,FATS_OILS,884.0,0.0,0.0,100.0,,USDA_FDC_SR_LEGACY,4501,2018-04,True,
"Oil, coconut",,,FATS_OILS,833.0,0.0,0.84,99.1,,USDA_FDC_FOUNDATION,4047,2026-04-30,True,
"Oil, cooking and salad, ENOVA, 80% diglycerides",,,FATS_OILS,884.0,0.0,0.0,100.0,,USDA_FDC_SR_LEGACY,4685,2018-04,True,
"Oil, corn and canola",,,FATS_OILS,884.0,0.0,0.0,100.0,,USDA_FDC_SR_LEGACY,42289,2018-04,True,
"Oil, corn, industrial and retail, all purpose salad or cooking",,,FATS_OILS,900.0,0.0,0.0,100.0,,USDA_FDC_SR_LEGACY,4518,2018-04,True,
"Oil, corn, peanut, and olive",,,FATS_OILS,884.0,0.0,0.0,100.0,,USDA_FDC_SR_LEGACY,44005,2018-04,True,
"Oil, cottonseed, salad or cooking",,,FATS_OILS,884.0,0.0,0.0,100.0,,USDA_FDC_SR_LEGACY,4502,2018-04,True,
"Oil, cupu assu",,,FATS_OILS,884.0,0.0,0.0,100.0,,USDA_FDC_SR_LEGACY,4541,2018-04,True,
"Oil, flaxseed, cold pressed",,,FATS_OILS,884.0,0.11,0.0,99.98,,USDA_FDC_SR_LEGACY,42231,2018-04,True,
"Oil, flaxseed, contains added sliced flaxseed",,,FATS_OILS,878.0,0.37,0.39,99.01,,USDA_FDC_SR_LEGACY,4707,2018-04,True,
"Oil, grapeseed",,,FATS_OILS,884.0,0.0,0.0,100.0,,USDA_FDC_SR_LEGACY,4517,2018-04,True,
"Oil, hazelnut",,,FATS_OILS,884.0,0.0,0.0,100.0,,USDA_FDC_SR_LEGACY,4532,2018-04,True,
"Oil, industrial, canola (partially hydrogenated) oil for deep fat frying",,,FATS_OILS,884.0,0.0,0.0,100.0,,USDA_FDC_SR_LEGACY,4645,2018-04,True,
"Oil, industrial, canola for salads, woks and light frying",,,FATS_OILS,884.0,0.0,0.0,100.0,,USDA_FDC_SR_LEGACY,4644,2018-04,True,
"Oil, industrial, canola with antifoaming agent, principal uses salads, woks and light frying",,,FATS_OILS,884.0,0.0,0.0,100.0,,USDA_FDC_SR_LEGACY,4643,2018-04,True,
"Oil, industrial, canola, high oleic",,,FATS_OILS,900.0,0.0,0.0,100.0,,USDA_FDC_SR_LEGACY,4698,2018-04,True,
"Oil, industrial, coconut (hydrogenated), used for whipped toppings and coffee whiteners",,,FATS_OILS,880.0,0.0,0.0,99.5,,USDA_FDC_SR_LEGACY,4661,2018-04,True,
"Oil, industrial, coconut, confection fat, typical basis for ice cream coatings",,,FATS_OILS,884.0,0.0,0.0,100.0,,USDA_FDC_SR_LEGACY,4659,2018-04,True,
"Oil, industrial, coconut, principal uses candy coatings, oil sprays, roasting nuts",,,FATS_OILS,884.0,0.0,0.0,100.0,,USDA_FDC_SR_LEGACY,4646,2018-04,True,
"Oil, industrial, cottonseed, fully hydrogenated",,,FATS_OILS,884.0,0.0,0.0,100.0,,USDA_FDC_SR_LEGACY,4702,2018-04,True,
"Oil, industrial, mid-oleic, sunflower",,,FATS_OILS,884.0,0.0,0.0,100.0,,USDA_FDC_SR_LEGACY,4642,2018-04,True,
"Oil, industrial, palm and palm kernel, filling fat (non-hydrogenated)",,,FATS_OILS,880.0,0.0,0.0,99.5,,USDA_FDC_SR_LEGACY,4662,2018-04,True,
"Oil, industrial, palm kernel (hydrogenated) , used for whipped toppings, non-dairy",,,FATS_OILS,884.0,0.0,0.0,100.0,,USDA_FDC_SR_LEGACY,4660,2018-04,True,
"Oil, industrial, palm kernel (hydrogenated), confection fat, intermediate grade product",,,FATS_OILS,884.0,0.0,0.0,100.0,,USDA_FDC_SR_LEGACY,4658,2018-04,True,
"Oil, industrial, palm kernel (hydrogenated), confection fat, uses similar to 95 degree hard butter",,,FATS_OILS,884.0,0.0,0.0,100.0,,USDA_FDC_SR_LEGACY,4657,2018-04,True,
"Oil, industrial, palm kernel (hydrogenated), filling fat",,,FATS_OILS,884.0,0.0,0.0,100.0,,USDA_FDC_SR_LEGACY,4663,2018-04,True,
"Oil, industrial, palm kernel, confection fat, uses similar to high quality cocoa butter",,,FATS_OILS,884.0,0.0,0.0,100.0,,USDA_FDC_SR_LEGACY,4656,2018-04,True,
"Oil, industrial, soy ( partially hydrogenated), all purpose",,,FATS_OILS,884.0,0.0,0.0,100.0,,USDA_FDC_SR_LEGACY,4652,2018-04,True,
"Oil, industrial, soy (partially hydrogenated ) and soy (winterized), pourable clear fry",,,FATS_OILS,884.0,0.0,0.0,100.0,,USDA_FDC_SR_LEGACY,4653,2018-04,True,
"Oil, industrial, soy (partially hydrogenated ), palm, principal uses icings and fillings",,,FATS_OILS,884.0,0.0,0.0,100.0,,USDA_FDC_SR_LEGACY,4664,2018-04,True,
"Oil, industrial, soy (partially hydrogenated) and cottonseed, principal use as a tortilla shortening",,,FATS_OILS,884.0,0.0,0.0,100.0,,USDA_FDC_SR_LEGACY,4654,2018-04,True,
"Oil, industrial, soy (partially hydrogenated), multiuse for non-dairy butter flavor",,,FATS_OILS,884.0,0.0,0.0,100.0,,USDA_FDC_SR_LEGACY,4651,2018-04,True,
"Oil, industrial, soy (partially hydrogenated), principal uses popcorn and flavoring vegetables",,,FATS_OILS,884.0,0.0,0.0,100.0,,USDA_FDC_SR_LEGACY,4648,2018-04,True,
"Oil, industrial, soy, fully hydrogenated",,,FATS_OILS,884.0,0.0,0.0,100.0,,USDA_FDC_SR_LEGACY,4701,2018-04,True,
"Oil, industrial, soy, low linolenic",,,FATS_OILS,900.0,0.0,0.0,100.0,,USDA_FDC_SR_LEGACY,4699,2018-04,True,
"Oil, industrial, soy, refined, for woks and light frying",,,FATS_OILS,884.0,0.0,0.0,100.0,,USDA_FDC_SR_LEGACY,4650,2018-04,True,
"Oil, industrial, soy, ultra low linolenic",,,FATS_OILS,884.0,0.0,0.0,100.0,,USDA_FDC_SR_LEGACY,4700,2018-04,True,
"Oil, mustard",,,FATS_OILS,884.0,0.0,0.0,100.0,,USDA_FDC_SR_LEGACY,4583,2018-04,True,
"Oil, nutmeg butter",,,FATS_OILS,884.0,0.0,0.0,100.0,,USDA_FDC_SR_LEGACY,4572,2018-04,True,
"Oil, oat",,,FATS_OILS,884.0,0.0,0.0,100.0,,USDA_FDC_SR_LEGACY,4588,2018-04,True,
"Oil, olive, salad or cooking",,,FATS_OILS,884.0,0.0,0.0,100.0,,USDA_FDC_SR_LEGACY,4053,2018-04,True,
"Oil, palm",,,FATS_OILS,884.0,0.0,0.0,100.0,,USDA_FDC_SR_LEGACY,4055,2018-04,True,
"Oil, peanut, salad or cooking",,,FATS_OILS,884.0,0.0,0.0,100.0,,USDA_FDC_SR_LEGACY,4042,2018-04,True,
"Oil, poppyseed",,,FATS_OILS,884.0,0.0,0.0,100.0,,USDA_FDC_SR_LEGACY,4514,2018-04,True,
"Oil, rice bran",,,FATS_OILS,884.0,0.0,0.0,100.0,,USDA_FDC_SR_LEGACY,4037,2018-04,True,
"Oil, safflower, salad or cooking, high oleic (primary safflower oil of commerce)",,,FATS_OILS,884.0,0.0,0.0,100.0,,USDA_FDC_SR_LEGACY,4511,2018-04,True,
"Oil, safflower, salad or cooking, linoleic, (over 70%)",,,FATS_OILS,884.0,0.0,0.0,100.0,,USDA_FDC_SR_LEGACY,4510,2018-04,True,
"Oil, sesame, salad or cooking",,,FATS_OILS,884.0,0.0,0.0,100.0,,USDA_FDC_SR_LEGACY,4058,2018-04,True,
"Oil, sheanut",,,FATS_OILS,884.0,0.0,0.0,100.0,,USDA_FDC_SR_LEGACY,4536,2018-04,True,
"Oil, soybean lecithin",,,FATS_OILS,763.0,0.0,0.0,100.0,,USDA_FDC_SR_LEGACY,4531,2018-04,True,
"Oil, soybean, salad or cooking",,,FATS_OILS,884.0,0.0,0.0,100.0,,USDA_FDC_SR_LEGACY,4044,2018-04,True,
"Oil, soybean, salad or cooking, (partially hydrogenated)",,,FATS_OILS,884.0,0.0,0.0,100.0,,USDA_FDC_SR_LEGACY,4034,2018-04,True,
"Oil, soybean, salad or cooking, (partially hydrogenated) and cottonseed",,,FATS_OILS,884.0,0.0,0.0,100.0,,USDA_FDC_SR_LEGACY,4543,2018-04,True,
"Oil, sunflower, high oleic (70% and over)",,,FATS_OILS,884.0,0.0,0.0,100.0,,USDA_FDC_SR_LEGACY,4584,2018-04,True,
"Oil, sunflower, linoleic (less than 60%)",,,FATS_OILS,884.0,0.0,0.0,100.0,,USDA_FDC_SR_LEGACY,4060,2018-04,True,
"Oil, sunflower, linoleic, (approx. 65%)",,,FATS_OILS,884.0,0.0,0.0,100.0,,USDA_FDC_SR_LEGACY,4506,2018-04,True,
"Oil, sunflower, linoleic, (partially hydrogenated)",,,FATS_OILS,884.0,0.0,0.0,100.0,,USDA_FDC_SR_LEGACY,4545,2018-04,True,
"Oil, teaseed",,,FATS_OILS,884.0,0.0,0.0,100.0,,USDA_FDC_SR_LEGACY,4516,2018-04,True,
"Oil, tomatoseed",,,FATS_OILS,884.0,0.0,0.0,100.0,,USDA_FDC_SR_LEGACY,4515,2018-04,True,
"Oil, ucuhuba butter",,,FATS_OILS,884.0,0.0,0.0,100.0,,USDA_FDC_SR_LEGACY,4573,2018-04,True,
"Oil, vegetable, Natreon canola, high stability, non trans, high oleic (70%)",,,FATS_OILS,884.0,0.0,0.0,100.0,,USDA_FDC_SR_LEGACY,4678,2018-04,True,
"Oil, vegetable, soybean, refined",,,FATS_OILS,884.0,0.0,0.0,100.0,,USDA_FDC_SR_LEGACY,4669,2018-04,True,
"Oil, walnut",,,FATS_OILS,884.0,0.0,0.0,100.0,,USDA_FDC_SR_LEGACY,4528,2018-04,True,
"Oil, wheat germ",,,FATS_OILS,884.0,0.0,0.0,100.0,,USDA_FDC_SR_LEGACY,4038,2018-04,True,
"Salad Dressing, coleslaw, reduced fat",,,FATS_OILS,329.0,0.0,40.0,20.0,,USDA_FDC_SR_LEGACY,42230,2018-04,True,
"Salad Dressing, mayonnaise, light, SMART BALANCE, Omega Plus light",,,FATS_OILS,333.0,1.53,9.39,34.18,,USDA_FDC_SR_LEGACY,4689,2018-04,True,
"Salad Dressing, mayonnaise-like, fat-free",,,FATS_OILS,84.0,0.2,15.5,2.7,,USDA_FDC_SR_LEGACY,42193,2018-04,True,
"Salad dressing, KRAFT MIRACLE WHIP FREE Nonfat Dressing",,,FATS_OILS,84.0,0.2,15.5,2.7,,USDA_FDC_SR_LEGACY,4014,2018-04,True,
"Salad dressing, KRAFT Mayo Fat Free Mayonnaise Dressing",,,FATS_OILS,64.0,0.2,15.8,0.0,,USDA_FDC_SR_LEGACY,4013,2018-04,True,
"Salad dressing, KRAFT Mayo Light Mayonnaise",,,FATS_OILS,334.0,0.6,8.5,32.9,,USDA_FDC_SR_LEGACY,4011,2018-04,True,
"Salad dressing, bacon and tomato",,,FATS_OILS,326.0,1.8,2.0,35.0,,USDA_FDC_SR_LEGACY,43331,2018-04,True,
"Salad dressing, blue or roquefort cheese dressing, commercial, regular",,,FATS_OILS,484.0,1.37,4.77,51.1,,USDA_FDC_SR_LEGACY,4539,2018-04,True,
"Salad dressing, blue or roquefort cheese dressing, fat-free",,,FATS_OILS,115.0,1.52,25.6,1.01,,USDA_FDC_SR_LEGACY,42192,2018-04,True,
"Salad dressing, blue or roquefort cheese dressing, light",,,FATS_OILS,86.0,2.1,13.2,2.7,,USDA_FDC_SR_LEGACY,42153,2018-04,True,
"Salad dressing, blue or roquefort cheese, low calorie",,,FATS_OILS,99.0,5.1,2.9,7.2,,USDA_FDC_SR_LEGACY,43020,2018-04,True,
"Salad dressing, buttermilk, lite",,,FATS_OILS,202.0,1.25,21.33,12.42,,USDA_FDC_SR_LEGACY,43215,2018-04,True,
"Salad dressing, caesar dressing, regular",,,FATS_OILS,542.0,2.17,3.3,57.85,,USDA_FDC_SR_LEGACY,43015,2018-04,True,
"Salad dressing, caesar, fat-free",,,FATS_OILS,131.0,1.47,30.73,0.23,,USDA_FDC_SR_LEGACY,4705,2018-04,True,
"Salad dressing, caesar, low calorie",,,FATS_OILS,110.0,0.3,18.6,4.4,,USDA_FDC_SR_LEGACY,43021,2018-04,True,
"Salad dressing, coleslaw",,,FATS_OILS,404.0,0.85,22.4,34.53,,USDA_FDC_SR_LEGACY,43016,2018-04,True,
"Salad dressing, french dressing, commercial, regular",,,FATS_OILS,419.0,0.87,18.79,39.07,,USDA_FDC_SR_LEGACY,4120,2018-04,True,
"Salad dressing, french dressing, commercial, regular, without salt",,,FATS_OILS,459.0,0.77,15.58,44.81,,USDA_FDC_SR_LEGACY,4141,2018-04,True,
"Salad dressing, french dressing, fat-free",,,FATS_OILS,132.0,0.2,32.14,0.27,,USDA_FDC_SR_LEGACY,4367,2018-04,True,
"Salad dressing, french dressing, reduced calorie",,,FATS_OILS,227.0,0.4,27.0,13.0,,USDA_FDC_SR_LEGACY,42171,2018-04,True,
"Salad dressing, french dressing, reduced fat",,,FATS_OILS,222.0,0.58,31.22,11.52,,USDA_FDC_SR_LEGACY,4020,2018-04,True,
"Salad dressing, french dressing, reduced fat, without salt",,,FATS_OILS,233.0,0.58,29.28,13.46,,USDA_FDC_SR_LEGACY,4142,2018-04,True,
"Salad dressing, french, cottonseed, oil, home recipe",,,FATS_OILS,631.0,0.1,3.4,70.2,,USDA_FDC_SR_LEGACY,4146,2018-04,True,
"Salad dressing, french, home recipe",,,FATS_OILS,631.0,0.1,3.4,70.2,,USDA_FDC_SR_LEGACY,4133,2018-04,True,
"Salad dressing, green goddess, regular",,,FATS_OILS,427.0,1.9,7.36,43.33,,USDA_FDC_SR_LEGACY,43017,2018-04,True,
"Salad dressing, home recipe, vinegar and oil",,,FATS_OILS,449.0,0.0,2.5,50.1,,USDA_FDC_SR_LEGACY,4135,2018-04,True,
"Salad dressing, honey mustard dressing, reduced calorie",,,FATS_OILS,207.0,0.98,28.26,10.0,,USDA_FDC_SR_LEGACY,4686,2018-04,True,
"Salad dressing, honey mustard, regular",,,FATS_OILS,464.0,0.87,23.33,40.83,,USDA_FDC_SR_LEGACY,4703,2018-04,True,
"Salad dressing, italian dressing, commercial, reduced fat",,,FATS_OILS,102.0,0.39,9.99,6.68,,USDA_FDC_SR_LEGACY,4021,2018-04,True,
"Salad dressing, italian dressing, commercial, regular",,,FATS_OILS,240.0,0.41,12.12,21.12,,USDA_FDC_SR_LEGACY,4114,2018-04,True,
"Salad dressing, italian dressing, commercial, regular, without salt",,,FATS_OILS,292.0,0.38,10.43,28.37,,USDA_FDC_SR_LEGACY,4143,2018-04,True,
"Salad dressing, italian dressing, fat-free",,,FATS_OILS,47.0,0.97,8.75,0.87,,USDA_FDC_SR_LEGACY,4636,2018-04,True,
"Salad dressing, italian dressing, reduced calorie",,,FATS_OILS,200.0,0.3,6.7,20.0,,USDA_FDC_SR_LEGACY,42140,2018-04,True,
"Salad dressing, italian dressing, reduced fat, without salt",,,FATS_OILS,76.0,0.47,4.57,6.38,,USDA_FDC_SR_LEGACY,4144,2018-04,True,
"Salad dressing, mayonnaise and mayonnaise-type, low calorie",,,FATS_OILS,263.0,0.9,23.9,19.0,,USDA_FDC_SR_LEGACY,43329,2018-04,True,
"Salad dressing, mayonnaise type, regular, with salt",,,FATS_OILS,250.0,0.65,14.78,21.6,,USDA_FDC_SR_LEGACY,4018,2018-04,True,
"Salad dressing, mayonnaise, imitation, milk cream",,,FATS_OILS,97.0,2.1,11.1,5.1,,USDA_FDC_SR_LEGACY,4028,2018-04,True,
"Salad dressing, mayonnaise, imitation, soybean",,,FATS_OILS,232.0,0.3,16.0,19.2,,USDA_FDC_SR_LEGACY,4027,2018-04,True,
"Salad dressing, mayonnaise, imitation, soybean without cholesterol",,,FATS_OILS,482.0,0.1,15.8,47.7,,USDA_FDC_SR_LEGACY,4029,2018-04,True,
"Salad dressing, mayonnaise, light",,,FATS_OILS,238.0,0.37,9.23,22.22,,USDA_FDC_SR_LEGACY,4641,2018-04,True,
"Salad dressing, mayonnaise, regular",,,FATS_OILS,680.0,0.96,0.57,74.85,,USDA_FDC_SR_LEGACY,4025,2018-04,True,
"Salad dressing, mayonnaise, soybean and safflower oil, with salt",,,FATS_OILS,717.0,1.1,2.7,79.4,,USDA_FDC_SR_LEGACY,4026,2018-04,True,
"Salad dressing, mayonnaise, soybean oil, without salt",,,FATS_OILS,717.0,1.1,2.7,79.4,,USDA_FDC_SR_LEGACY,4145,2018-04,True,
"Salad dressing, mayonnaise-type, light",,,FATS_OILS,158.0,0.65,16.4,10.0,,USDA_FDC_SR_LEGACY,4709,2018-04,True,
"Salad dressing, peppercorn dressing, commercial, regular",,,FATS_OILS,564.0,1.2,3.5,61.4,,USDA_FDC_SR_LEGACY,42137,2018-04,True,
"Salad dressing, poppyseed, creamy",,,FATS_OILS,399.0,0.92,23.73,33.33,,USDA_FDC_SR_LEGACY,4704,2018-04,True,
"Salad dressing, ranch dressing, fat-free",,,FATS_OILS,119.0,0.25,26.51,1.92,,USDA_FDC_SR_LEGACY,4638,2018-04,True,
"Salad dressing, ranch dressing, reduced fat",,,FATS_OILS,196.0,1.25,21.33,12.42,,USDA_FDC_SR_LEGACY,4640,2018-04,True,
"Salad dressing, ranch dressing, regular",,,FATS_OILS,430.0,1.32,5.9,44.54,,USDA_FDC_SR_LEGACY,4639,2018-04,True,
"Salad dressing, russian dressing",,,FATS_OILS,355.0,0.69,31.9,26.18,,USDA_FDC_SR_LEGACY,4015,2018-04,True,
"Salad dressing, russian dressing, low calorie",,,FATS_OILS,141.0,0.5,27.6,4.0,,USDA_FDC_SR_LEGACY,4022,2018-04,True,
"Salad dressing, sesame seed dressing, regular",,,FATS_OILS,443.0,3.1,8.6,45.2,,USDA_FDC_SR_LEGACY,4016,2018-04,True,
"Salad dressing, spray-style dressing, assorted flavors",,,FATS_OILS,165.0,0.16,16.6,10.75,,USDA_FDC_SR_LEGACY,4688,2018-04,True,
"Salad dressing, sweet and sour",,,FATS_OILS,15.0,0.1,3.7,0.0,,USDA_FDC_SR_LEGACY,43019,2018-04,True,
"Salad dressing, thousand island dressing, fat-free",,,FATS_OILS,132.0,0.55,29.27,1.45,,USDA_FDC_SR_LEGACY,4635,2018-04,True,
"Salad dressing, thousand island dressing, reduced fat",,,FATS_OILS,195.0,0.83,24.06,11.32,,USDA_FDC_SR_LEGACY,4023,2018-04,True,
"Salad dressing, thousand island, commercial, regular",,,FATS_OILS,379.0,1.09,14.64,35.06,,USDA_FDC_SR_LEGACY,4017,2018-04,True,
"Sandwich spread, with chopped pickle, regular, unspecified oils",,,FATS_OILS,389.0,0.9,22.4,34.0,,USDA_FDC_SR_LEGACY,4030,2018-04,True,
"Shortening bread, soybean (hydrogenated) and cottonseed",,,FATS_OILS,884.0,0.0,0.0,100.0,,USDA_FDC_SR_LEGACY,4546,2018-04,True,
"Shortening cake mix, soybean (hydrogenated) and cottonseed (hydrogenated)",,,FATS_OILS,884.0,0.0,0.0,100.0,,USDA_FDC_SR_LEGACY,4548,2018-04,True,
"Shortening confectionery, coconut (hydrogenated) and or palm kernel (hydrogenated)",,,FATS_OILS,884.0,0.0,0.0,100.0,,USDA_FDC_SR_LEGACY,4551,2018-04,True,
"Shortening frying (heavy duty), beef tallow and cottonseed",,,FATS_OILS,900.0,0.0,0.0,100.0,,USDA_FDC_SR_LEGACY,4550,2018-04,True,
"Shortening frying (heavy duty), palm (hydrogenated)",,,FATS_OILS,884.0,0.0,0.0,100.0,,USDA_FDC_SR_LEGACY,4556,2018-04,True,
"Shortening frying (heavy duty), soybean (hydrogenated), linoleic (less than 1%)",,,FATS_OILS,884.0,0.0,0.0,100.0,,USDA_FDC_SR_LEGACY,4560,2018-04,True,
Shortening household soybean (hydrogenated) and palm,,,FATS_OILS,884.0,0.0,0.0,100.0,,USDA_FDC_SR_LEGACY,4559,2018-04,True,
"Shortening industrial, lard and vegetable oil",,,FATS_OILS,900.0,0.0,0.0,100.0,,USDA_FDC_SR_LEGACY,4549,2018-04,True,
"Shortening industrial, soybean (hydrogenated) and cottonseed",,,FATS_OILS,884.0,0.0,0.0,100.0,,USDA_FDC_SR_LEGACY,4554,2018-04,True,
"Shortening, confectionery, fractionated palm",,,FATS_OILS,884.0,0.0,0.0,100.0,,USDA_FDC_SR_LEGACY,4570,2018-04,True,
"Shortening, household, lard and vegetable oil",,,FATS_OILS,900.0,0.0,0.0,100.0,,USDA_FDC_SR_LEGACY,4544,2018-04,True,
"Shortening, household, soybean (partially hydrogenated)-cottonseed (partially hydrogenated)",,,FATS_OILS,884.0,0.0,0.0,100.0,,USDA_FDC_SR_LEGACY,4031,2018-04,True,
"Shortening, industrial, soy (partially hydrogenated ) and corn for frying",,,FATS_OILS,884.0,0.0,0.0,100.0,,USDA_FDC_SR_LEGACY,4666,2018-04,True,
"Shortening, industrial, soy (partially hydrogenated ) for baking and confections",,,FATS_OILS,884.0,0.0,0.0,100.0,,USDA_FDC_SR_LEGACY,4667,2018-04,True,
"Shortening, industrial, soy (partially hydrogenated), pourable liquid fry shortening",,,FATS_OILS,884.0,0.0,0.0,100.0,,USDA_FDC_SR_LEGACY,4649,2018-04,True,
"Shortening, multipurpose, soybean (hydrogenated) and palm (hydrogenated)",,,FATS_OILS,884.0,0.0,0.0,100.0,,USDA_FDC_SR_LEGACY,4595,2018-04,True,
"Shortening, special purpose for baking, soybean (hydrogenated) palm and cottonseed",,,FATS_OILS,884.0,0.0,0.0,100.0,,USDA_FDC_SR_LEGACY,4587,2018-04,True,
"Shortening, special purpose for cakes and frostings, soybean (hydrogenated)",,,FATS_OILS,884.0,0.0,0.0,100.0,,USDA_FDC_SR_LEGACY,4586,2018-04,True,
"Shortening, vegetable, household, composite",,,FATS_OILS,884.0,0.0,0.0,99.97,,USDA_FDC_SR_LEGACY,4615,2018-04,True,
"Vegetable oil, palm kernel",,,FATS_OILS,862.0,0.0,0.0,100.0,,USDA_FDC_SR_LEGACY,4513,2018-04,True,
"Vegetable oil-butter spread, reduced calorie",,,FATS_OILS,465.0,0.0,0.0,53.0,,USDA_FDC_SR_LEGACY,42151,2018-04,True,
"Abiyuch, raw",,,FRUIT,69.0,1.5,17.6,0.1,,USDA_FDC_SR_LEGACY,9427,2018-04,True,
"Acerola juice, raw",,,FRUIT,23.0,0.4,4.8,0.3,,USDA_FDC_SR_LEGACY,9002,2018-04,True,
"Acerola, (west indian cherry), raw",,,FRUIT,32.0,0.4,7.69,0.3,,USDA_FDC_SR_LEGACY,9001,2018-04,True,
"Apple juice, canned or bottled, unsweetened, with added ascorbic acid",,,FRUIT,46.0,0.1,11.3,0.13,,USDA_FDC_SR_LEGACY,9400,2018-04,True,
"Apple juice, canned or bottled, unsweetened, with added ascorbic acid, calcium, and potassium",,,FRUIT,48.0,0.12,11.49,0.17,,USDA_FDC_SR_LEGACY,9517,2018-04,True,
"Apple juice, canned or bottled, unsweetened, without added ascorbic acid",,,FRUIT,46.0,0.1,11.3,0.13,,USDA_FDC_SR_LEGACY,9016,2018-04,True,
"Apple juice, frozen concentrate, unsweetened, diluted with 3 volume water without added ascorbic acid",,,FRUIT,47.0,0.14,11.54,0.1,,USDA_FDC_SR_LEGACY,9018,2018-04,True,
"Apple juice, frozen concentrate, unsweetened, diluted with 3 volume water, with added ascorbic acid",,,FRUIT,47.0,0.14,11.54,0.1,,USDA_FDC_SR_LEGACY,9411,2018-04,True,
"Apple juice, frozen concentrate, unsweetened, undiluted, with added ascorbic acid",,,FRUIT,166.0,0.51,41.0,0.37,,USDA_FDC_SR_LEGACY,9410,2018-04,True,
"Apple juice, frozen concentrate, unsweetened, undiluted, without added ascorbic acid",,,FRUIT,166.0,0.51,41.0,0.37,,USDA_FDC_SR_LEGACY,9017,2018-04,True,
"Apple juice, with added vitamin C, from concentrate, shelf stable",,,FRUIT,47.23,0.09,11.36,0.29,,USDA_FDC_FOUNDATION,9400,2026-04-30,True,
"Apples, canned, sweetened, sliced, drained, heated",,,FRUIT,67.0,0.18,16.84,0.43,,USDA_FDC_SR_LEGACY,9008,2018-04,True,
"Apples, dehydrated (low moisture), sulfured, stewed",,,FRUIT,74.0,0.28,19.91,0.12,,USDA_FDC_SR_LEGACY,9010,2018-04,True,
"Apples, dehydrated (low moisture), sulfured, uncooked",,,FRUIT,346.0,1.32,93.53,0.58,,USDA_FDC_SR_LEGACY,9009,2018-04,True,
"Apples, dried, sulfured, stewed, with added sugar",,,FRUIT,83.0,0.2,20.73,0.07,,USDA_FDC_SR_LEGACY,9013,2018-04,True,
"Apples, dried, sulfured, stewed, without added sugar",,,FRUIT,57.0,0.22,15.32,0.07,,USDA_FDC_SR_LEGACY,9012,2018-04,True,
"Apples, dried, sulfured, uncooked",,,FRUIT,243.0,0.93,65.89,0.32,,USDA_FDC_SR_LEGACY,9011,2018-04,True,
"Apples, frozen, unsweetened, heated (Includes foods for USDA's Food Distribution Program)",,,FRUIT,47.0,0.29,12.0,0.33,,USDA_FDC_SR_LEGACY,9015,2018-04,True,
"Apples, frozen, unsweetened, unheated (Includes foods for USDA's Food Distribution Program)",,,FRUIT,48.0,0.28,12.31,0.32,,USDA_FDC_SR_LEGACY,9014,2018-04,True,
"Apples, fuji, with skin, raw",,,FRUIT,58.0,0.15,15.7,0.16,,USDA_FDC_FOUNDATION,1105897,2026-04-30,True,
"Apples, gala, with skin, raw",,,FRUIT,55.0,0.13,14.8,0.15,,USDA_FDC_FOUNDATION,1105781,2026-04-30,True,
"Apples, granny smith, with skin, raw",,,FRUIT,53.0,0.27,14.2,0.14,,USDA_FDC_FOUNDATION,1105664,2026-04-30,True,
"Apples, honeycrisp, with skin, raw",,,FRUIT,54.0,0.1,14.7,0.1,,USDA_FDC_FOUNDATION,1105547,2026-04-30,True,
"Apples, raw, fuji, with skin (Includes foods for USDA's Food Distribution Program)",,,FRUIT,63.0,0.2,15.22,0.18,,USDA_FDC_SR_LEGACY,9504,2018-04,True,
"Apples, raw, gala, with skin (Includes foods for USDA's Food Distribution Program)",,,FRUIT,57.0,0.25,13.68,0.12,,USDA_FDC_SR_LEGACY,9503,2018-04,True,
"Apples, raw, golden delicious, with skin",,,FRUIT,57.0,0.28,13.6,0.15,,USDA_FDC_SR_LEGACY,9501,2018-04,True,
"Apples, raw, granny smith, with skin (Includes foods for USDA's Food Distribution Program)",,,FRUIT,58.0,0.44,13.61,0.19,,USDA_FDC_SR_LEGACY,9502,2018-04,True,
"Apples, raw, red delicious, with skin (Includes foods for USDA's Food Distribution Program)",,,FRUIT,59.0,0.27,14.06,0.2,,USDA_FDC_SR_LEGACY,9500,2018-04,True,
"Apples, raw, with skin (Includes foods for USDA's Food Distribution Program)",,,FRUIT,52.0,0.26,13.81,0.17,,USDA_FDC_SR_LEGACY,9003,2018-04,True,
"Apples, raw, without skin",,,FRUIT,48.0,0.27,12.76,0.13,,USDA_FDC_SR_LEGACY,9004,2018-04,True,
"Apples, raw, without skin, cooked, boiled",,,FRUIT,53.0,0.26,13.64,0.36,,USDA_FDC_SR_LEGACY,9005,2018-04,True,
"Apples, raw, without skin, cooked, microwave",,,FRUIT,56.0,0.28,14.41,0.42,,USDA_FDC_SR_LEGACY,9006,2018-04,True,
"Apples, red delicious, with skin, raw",,,FRUIT,56.0,0.19,14.8,0.21,,USDA_FDC_FOUNDATION,1105430,2026-04-30,True,
"Applesauce, canned, sweetened, with salt",,,FRUIT,76.0,0.18,19.91,0.18,,USDA_FDC_SR_LEGACY,9402,2018-04,True,
"Applesauce, canned, sweetened, without salt",,,FRUIT,68.0,0.16,17.49,0.17,,USDA_FDC_SR_LEGACY,9020,2018-04,True,
"Applesauce, canned, unsweetened, with added ascorbic acid",,,FRUIT,42.0,0.17,11.27,0.1,,USDA_FDC_SR_LEGACY,9401,2018-04,True,
"Applesauce, canned, unsweetened, without added ascorbic acid (Includes foods for USDA's Food Distribution Program)",,,FRUIT,42.0,0.17,11.27,0.1,,USDA_FDC_SR_LEGACY,9019,2018-04,True,
"Applesauce, unsweetened, with added vitamin C",,,FRUIT,46.42,0.27,12.26,0.16,,USDA_FDC_FOUNDATION,2263892,2026-04-30,True,
"Apricot nectar, canned, with added ascorbic acid",,,FRUIT,56.0,0.17,13.63,0.45,,USDA_FDC_SR_LEGACY,9036,2018-04,True,
"Apricot, with skin, raw",,,FRUIT,43.48,0.96,10.24,0.4,,USDA_FDC_FOUNDATION,9021,2026-04-30,True,
"Apricots, canned, extra heavy syrup pack, without skin, solids and liquids",,,FRUIT,96.0,0.55,24.85,0.04,,USDA_FDC_SR_LEGACY,9029,2018-04,True,
"Apricots, canned, extra light syrup pack, with skin, solids and liquids (Includes foods for USDA's Food Distribution Program)",,,FRUIT,49.0,0.6,12.5,0.1,,USDA_FDC_SR_LEGACY,9025,2018-04,True,
"Apricots, canned, heavy syrup pack, with skin, solids and liquids",,,FRUIT,83.0,0.53,21.47,0.08,,USDA_FDC_SR_LEGACY,9027,2018-04,True,
"Apricots, canned, heavy syrup pack, without skin, solids and liquids",,,FRUIT,83.0,0.51,21.45,0.09,,USDA_FDC_SR_LEGACY,9028,2018-04,True,
"Apricots, canned, heavy syrup, drained",,,FRUIT,83.0,0.64,21.31,0.11,,USDA_FDC_SR_LEGACY,9357,2018-04,True,
"Apricots, canned, juice pack, with skin, solids and liquids",,,FRUIT,48.0,0.63,12.34,0.04,,USDA_FDC_SR_LEGACY,9024,2018-04,True,
"Apricots, canned, light syrup pack, with skin, solids and liquids",,,FRUIT,63.0,0.53,16.49,0.05,,USDA_FDC_SR_LEGACY,9026,2018-04,True,
"Apricots, canned, water pack, with skin, solids and liquids",,,FRUIT,27.0,0.71,6.39,0.16,,USDA_FDC_SR_LEGACY,9022,2018-04,True,
"Apricots, canned, water pack, without skin, solids and liquids",,,FRUIT,22.0,0.69,5.48,0.03,,USDA_FDC_SR_LEGACY,9023,2018-04,True,
"Apricots, dehydrated (low-moisture), sulfured, stewed",,,FRUIT,126.0,1.93,32.62,0.24,,USDA_FDC_SR_LEGACY,9031,2018-04,True,
"Apricots, dehydrated (low-moisture), sulfured, uncooked",,,FRUIT,320.0,4.9,82.89,0.62,,USDA_FDC_SR_LEGACY,9030,2018-04,True,
"Apricots, dried, sulfured, stewed, with added sugar",,,FRUIT,113.0,1.17,29.26,0.15,,USDA_FDC_SR_LEGACY,9034,2018-04,True,
"Apricots, dried, sulfured, stewed, without added sugar",,,FRUIT,85.0,1.2,22.15,0.18,,USDA_FDC_SR_LEGACY,9033,2018-04,True,
"Apricots, dried, sulfured, uncooked",,,FRUIT,241.0,3.39,62.64,0.51,,USDA_FDC_SR_LEGACY,9032,2018-04,True,
"Apricots, frozen, sweetened",,,FRUIT,98.0,0.7,25.1,0.1,,USDA_FDC_SR_LEGACY,9035,2018-04,True,
"Apricots, raw",,,FRUIT,48.0,1.4,11.12,0.39,,USDA_FDC_SR_LEGACY,9021,2018-04,True,
"Avocado, Hass, peeled, raw",,,FRUIT,206.05,1.81,8.32,20.31,,USDA_FDC_FOUNDATION,100348,2026-04-30,True,
"Avocados, raw, California",,,FRUIT,167.0,1.96,8.64,15.41,,USDA_FDC_SR_LEGACY,9038,2018-04,True,
"Avocados, raw, Florida",,,FRUIT,120.0,2.23,7.82,10.06,,USDA_FDC_SR_LEGACY,9039,2018-04,True,
"Avocados, raw, all commercial varieties",,,FRUIT,160.0,2.0,8.53,14.66,,USDA_FDC_SR_LEGACY,9037,2018-04,True,
"Bananas, dehydrated, or banana powder",,,FRUIT,346.0,3.89,88.28,1.81,,USDA_FDC_SR_LEGACY,9041,2018-04,True,
"Bananas, overripe, raw",,,FRUIT,77.0,0.73,20.1,0.22,,USDA_FDC_FOUNDATION,100254,2026-04-30,True,
"Bananas, raw",,,FRUIT,89.0,1.09,22.84,0.33,,USDA_FDC_SR_LEGACY,9040,2018-04,True,
"Bananas, ripe and slightly ripe, raw",,,FRUIT,97.0,0.74,23.0,0.29,,USDA_FDC_FOUNDATION,790991,2026-04-30,True,
Baobab powder,,,FRUIT,250.0,3.69,79.65,0.47,,USDA_FDC_SR_LEGACY,9544,2018-04,True,
"Blackberries, canned, heavy syrup, solids and liquids",,,FRUIT,92.0,1.31,23.1,0.14,,USDA_FDC_SR_LEGACY,9046,2018-04,True,
"Blackberries, frozen, unsweetened",,,FRUIT,64.0,1.18,15.67,0.43,,USDA_FDC_SR_LEGACY,9048,2018-04,True,
"Blackberries, raw",,,FRUIT,43.0,1.39,9.61,0.49,,USDA_FDC_SR_LEGACY,9042,2018-04,True,
"Blackberry juice, canned",,,FRUIT,38.0,0.3,7.8,0.6,,USDA_FDC_SR_LEGACY,9043,2018-04,True,
"Blueberries, canned, heavy syrup, solids and liquids",,,FRUIT,88.0,0.65,22.06,0.33,,USDA_FDC_SR_LEGACY,9052,2018-04,True,
"Blueberries, canned, light syrup, drained",,,FRUIT,88.0,1.04,22.66,0.4,,USDA_FDC_SR_LEGACY,9352,2018-04,True,
"Blueberries, dried, sweetened",,,FRUIT,317.0,2.5,80.0,2.5,,USDA_FDC_SR_LEGACY,9163,2018-04,True,
"Blueberries, frozen, sweetened",,,FRUIT,85.0,0.4,21.95,0.13,,USDA_FDC_SR_LEGACY,9055,2018-04,True,
"Blueberries, frozen, unsweetened (Includes foods for USDA's Food Distribution Program)",,,FRUIT,51.0,0.42,12.17,0.64,,USDA_FDC_SR_LEGACY,9054,2018-04,True,
"Blueberries, raw",,,FRUIT,57.38,0.7,14.57,0.31,,USDA_FDC_FOUNDATION,2263889,2026-04-30,True,
"Blueberries, wild, canned, heavy syrup, drained",,,FRUIT,107.0,0.56,28.32,0.34,,USDA_FDC_SR_LEGACY,9353,2018-04,True,
"Blueberries, wild, frozen (Includes foods for USDA's Food Distribution Program)",,,FRUIT,57.0,0.0,13.85,0.16,,USDA_FDC_SR_LEGACY,9053,2018-04,True,
"Boysenberries, canned, heavy syrup",,,FRUIT,88.0,0.99,22.31,0.12,,USDA_FDC_SR_LEGACY,9056,2018-04,True,
"Boysenberries, frozen, unsweetened",,,FRUIT,50.0,1.1,12.19,0.26,,USDA_FDC_SR_LEGACY,9057,2018-04,True,
"Breadfruit, raw",,,FRUIT,103.0,1.07,27.12,0.23,,USDA_FDC_SR_LEGACY,9059,2018-04,True,
Candied fruit,,,FRUIT,322.0,0.34,82.74,0.07,,USDA_FDC_SR_LEGACY,9426,2018-04,True,
"Carambola, (starfruit), raw",,,FRUIT,31.0,1.04,6.73,0.33,,USDA_FDC_SR_LEGACY,9060,2018-04,True,
"Carissa, (natal-plum), raw",,,FRUIT,62.0,0.5,13.63,1.3,,USDA_FDC_SR_LEGACY,9061,2018-04,True,
"Cherimoya, raw",,,FRUIT,75.0,1.57,17.71,0.68,,USDA_FDC_SR_LEGACY,9062,2018-04,True,
"Cherries, sour, canned, water pack, drained",,,FRUIT,42.0,0.69,10.45,0.21,,USDA_FDC_SR_LEGACY,9362,2018-04,True,
"Cherries, sour, red, canned, extra heavy syrup pack, solids and liquids",,,FRUIT,114.0,0.71,29.23,0.09,,USDA_FDC_SR_LEGACY,9067,2018-04,True,
"Cherries, sour, red, canned, heavy syrup pack, solids and liquids",,,FRUIT,91.0,0.73,23.27,0.1,,USDA_FDC_SR_LEGACY,9066,2018-04,True,
"Cherries, sour, red, canned, light syrup pack, solids and liquids",,,FRUIT,75.0,0.74,19.3,0.1,,USDA_FDC_SR_LEGACY,9065,2018-04,True,
"Cherries, sour, red, canned, water pack, solids and liquids",,,FRUIT,36.0,0.77,8.94,0.1,,USDA_FDC_SR_LEGACY,9064,2018-04,True,
"Cherries, sour, red, frozen, unsweetened (Includes foods for USDA's Food Distribution Program)",,,FRUIT,46.0,0.92,11.02,0.44,,USDA_FDC_SR_LEGACY,9068,2018-04,True,
"Cherries, sour, red, raw",,,FRUIT,50.0,1.0,12.18,0.3,,USDA_FDC_SR_LEGACY,9063,2018-04,True,
"Cherries, sweet, canned, extra heavy syrup pack, solids and liquids",,,FRUIT,102.0,0.59,26.23,0.15,,USDA_FDC_SR_LEGACY,9075,2018-04,True,
"Cherries, sweet, canned, juice pack, solids and liquids",,,FRUIT,54.0,0.91,13.81,0.02,,USDA_FDC_SR_LEGACY,9072,2018-04,True,
"Cherries, sweet, canned, light syrup pack, solids and liquids",,,FRUIT,67.0,0.61,17.29,0.15,,USDA_FDC_SR_LEGACY,9073,2018-04,True,
"Cherries, sweet, canned, pitted, heavy syrup pack, solids and liquids",,,FRUIT,83.0,0.6,21.27,0.15,,USDA_FDC_SR_LEGACY,9074,2018-04,True,
"Cherries, sweet, canned, pitted, heavy syrup, drained",,,FRUIT,83.0,0.73,21.07,0.21,,USDA_FDC_SR_LEGACY,9367,2018-04,True,
"Cherries, sweet, canned, water pack, solids and liquids",,,FRUIT,46.0,0.77,11.76,0.13,,USDA_FDC_SR_LEGACY,9071,2018-04,True,
"Cherries, sweet, dark red, raw",,,FRUIT,63.29,1.04,16.16,0.19,,USDA_FDC_FOUNDATION,9070,2026-04-30,True,
"Cherries, sweet, raw",,,FRUIT,63.0,1.06,16.01,0.2,,USDA_FDC_SR_LEGACY,9070,2018-04,True,
"Cherries, tart, dried, sweetened (Includes foods for USDA's Food Distribution Program)",,,FRUIT,333.0,1.25,80.45,0.73,,USDA_FDC_SR_LEGACY,9044,2018-04,True,
"Cherry juice, tart",,,FRUIT,59.0,0.31,13.7,0.54,,USDA_FDC_SR_LEGACY,9546,2018-04,True,
"Clementines, raw",,,FRUIT,47.0,0.85,12.02,0.15,,USDA_FDC_SR_LEGACY,9433,2018-04,True,
"Crabapples, raw",,,FRUIT,76.0,0.4,19.95,0.3,,USDA_FDC_SR_LEGACY,9077,2018-04,True,
"Cranberries, dried, sweetened (Includes foods for USDA's Food Distribution Program)",,,FRUIT,308.0,0.17,82.8,1.09,,USDA_FDC_SR_LEGACY,9079,2018-04,True,
"Cranberries, raw",,,FRUIT,46.0,0.46,11.97,0.13,,USDA_FDC_SR_LEGACY,9078,2018-04,True,
"Cranberry juice blend, 100% juice, bottled, with added vitamin C and calcium",,,FRUIT,45.0,0.27,10.91,0.12,,USDA_FDC_SR_LEGACY,9522,2018-04,True,
"Cranberry juice, not fortified, from concentrate, shelf stable",,,FRUIT,31.3,0.0,7.26,0.34,,USDA_FDC_FOUNDATION,43382,2026-04-30,True,
"Cranberry juice, unsweetened",,,FRUIT,46.0,0.39,12.2,0.13,,USDA_FDC_SR_LEGACY,43382,2018-04,True,
"Cranberry sauce, canned, sweetened",,,FRUIT,159.0,0.9,40.4,0.15,,USDA_FDC_SR_LEGACY,9081,2018-04,True,
"Cranberry sauce, jellied, canned, OCEAN SPRAY",,,FRUIT,160.0,1.05,40.61,0.04,,USDA_FDC_SR_LEGACY,9526,2018-04,True,
"Cranberry sauce, whole, canned, OCEAN SPRAY",,,FRUIT,158.0,0.75,40.4,0.05,,USDA_FDC_SR_LEGACY,9525,2018-04,True,
"Cranberry-orange relish, canned",,,FRUIT,178.0,0.3,46.2,0.1,,USDA_FDC_SR_LEGACY,9082,2018-04,True,
"Currants, european black, raw",,,FRUIT,63.0,1.4,15.38,0.41,,USDA_FDC_SR_LEGACY,9083,2018-04,True,
"Currants, red and white, raw",,,FRUIT,56.0,1.4,13.8,0.2,,USDA_FDC_SR_LEGACY,9084,2018-04,True,
"Currants, zante, dried",,,FRUIT,290.0,3.43,76.98,0.22,,USDA_FDC_SR_LEGACY,9085,2018-04,True,
"Custard-apple, (bullock's-heart), raw",,,FRUIT,101.0,1.7,25.2,0.6,,USDA_FDC_SR_LEGACY,9086,2018-04,True,
"Dates, deglet noor",,,FRUIT,282.0,2.45,75.03,0.39,,USDA_FDC_SR_LEGACY,9087,2018-04,True,
"Dates, medjool",,,FRUIT,277.0,1.81,74.97,0.15,,USDA_FDC_SR_LEGACY,9421,2018-04,True,
"Durian, raw or frozen",,,FRUIT,147.0,1.47,27.09,5.33,,USDA_FDC_SR_LEGACY,9422,2018-04,True,
"Elderberries, raw",,,FRUIT,73.0,0.66,18.4,0.5,,USDA_FDC_SR_LEGACY,9088,2018-04,True,
"Feijoa, raw",,,FRUIT,61.0,0.71,15.21,0.42,,USDA_FDC_SR_LEGACY,9334,2018-04,True,
"Figs, canned, extra heavy syrup pack, solids and liquids",,,FRUIT,107.0,0.38,27.86,0.1,,USDA_FDC_SR_LEGACY,9093,2018-04,True,
"Figs, canned, heavy syrup pack, solids and liquids",,,FRUIT,88.0,0.38,22.9,0.1,,USDA_FDC_SR_LEGACY,9092,2018-04,True,
"Figs, canned, light syrup pack, solids and liquids",,,FRUIT,69.0,0.39,17.95,0.1,,USDA_FDC_SR_LEGACY,9091,2018-04,True,
"Figs, canned, water pack, solids and liquids",,,FRUIT,53.0,0.4,13.99,0.1,,USDA_FDC_SR_LEGACY,9090,2018-04,True,
"Figs, dried, stewed",,,FRUIT,107.0,1.42,27.57,0.4,,USDA_FDC_SR_LEGACY,9095,2018-04,True,
"Figs, dried, uncooked",,,FRUIT,249.0,3.3,63.9,0.92,,USDA_FDC_FOUNDATION,326905,2026-04-30,True,
"Figs, raw",,,FRUIT,74.0,0.75,19.18,0.3,,USDA_FDC_SR_LEGACY,9089,2018-04,True,
"Fruit cocktail, (peach and pineapple and pear and grape and cherry), canned, extra heavy syrup, solids and liquids",,,FRUIT,88.0,0.39,22.89,0.07,,USDA_FDC_SR_LEGACY,9101,2018-04,True,
"Fruit cocktail, (peach and pineapple and pear and grape and cherry), canned, extra light syrup, solids and liquids",,,FRUIT,45.0,0.4,11.63,0.07,,USDA_FDC_SR_LEGACY,9098,2018-04,True,
"Fruit cocktail, (peach and pineapple and pear and grape and cherry), canned, heavy syrup, solids and liquids",,,FRUIT,73.0,0.39,18.91,0.07,,USDA_FDC_SR_LEGACY,9100,2018-04,True,
"Fruit cocktail, (peach and pineapple and pear and grape and cherry), canned, juice pack, solids and liquids",,,FRUIT,46.0,0.46,11.86,0.01,,USDA_FDC_SR_LEGACY,9097,2018-04,True,
"Fruit cocktail, (peach and pineapple and pear and grape and cherry), canned, light syrup, solids and liquids",,,FRUIT,57.0,0.4,14.93,0.07,,USDA_FDC_SR_LEGACY,9099,2018-04,True,
"Fruit cocktail, (peach and pineapple and pear and grape and cherry), canned, water pack, solids and liquids",,,FRUIT,32.0,0.42,8.51,0.05,,USDA_FDC_SR_LEGACY,9096,2018-04,True,
"Fruit cocktail, canned, heavy syrup, drained",,,FRUIT,70.0,0.47,18.8,0.1,,USDA_FDC_SR_LEGACY,9351,2018-04,True,
"Fruit juice smoothie, BOLTHOUSE FARMS, BERRY BOOST",,,FRUIT,46.0,0.63,10.9,0.02,,USDA_FDC_SR_LEGACY,9514,2018-04,True,
"Fruit juice smoothie, BOLTHOUSE FARMS, GREEN GOODNESS",,,FRUIT,56.0,0.63,13.04,0.33,,USDA_FDC_SR_LEGACY,9515,2018-04,True,
"Fruit juice smoothie, BOLTHOUSE FARMS, strawberry banana",,,FRUIT,52.0,0.44,12.37,0.3,,USDA_FDC_SR_LEGACY,9516,2018-04,True,
"Fruit juice smoothie, NAKED JUICE, BLUE MACHINE",,,FRUIT,71.0,0.42,16.67,0.0,,USDA_FDC_SR_LEGACY,9511,2018-04,True,
"Fruit juice smoothie, NAKED JUICE, GREEN MACHINE",,,FRUIT,53.0,0.6,12.53,0.26,,USDA_FDC_SR_LEGACY,9508,2018-04,True,
"Fruit juice smoothie, NAKED JUICE, MIGHTY MANGO",,,FRUIT,63.0,0.42,15.0,0.0,,USDA_FDC_SR_LEGACY,9507,2018-04,True,
"Fruit juice smoothie, NAKED JUICE, strawberry banana",,,FRUIT,50.0,0.48,11.66,0.27,,USDA_FDC_SR_LEGACY,9531,2018-04,True,
"Fruit juice smoothie, ODWALLA, ORIGINAL SUPERFOOD",,,FRUIT,50.0,0.63,11.51,0.36,,USDA_FDC_SR_LEGACY,9513,2018-04,True,
"Fruit juice smoothie, ODWALLA, strawberry banana",,,FRUIT,48.0,0.5,11.05,0.32,,USDA_FDC_SR_LEGACY,9530,2018-04,True,
"Fruit salad, (peach and pear and apricot and pineapple and cherry), canned, extra heavy syrup, solids and liquids",,,FRUIT,88.0,0.33,22.77,0.06,,USDA_FDC_SR_LEGACY,9106,2018-04,True,
"Fruit salad, (peach and pear and apricot and pineapple and cherry), canned, juice pack, solids and liquids",,,FRUIT,50.0,0.51,13.05,0.03,,USDA_FDC_SR_LEGACY,9103,2018-04,True,
"Fruit salad, (peach and pear and apricot and pineapple and cherry), canned, light syrup, solids and liquids",,,FRUIT,58.0,0.34,15.14,0.07,,USDA_FDC_SR_LEGACY,9104,2018-04,True,
"Fruit salad, (peach and pear and apricot and pineapple and cherry), canned, water pack, solids and liquids",,,FRUIT,30.0,0.35,7.87,0.07,,USDA_FDC_SR_LEGACY,9102,2018-04,True,
"Fruit salad, (pineapple and papaya and banana and guava), tropical, canned, heavy syrup, solids and liquids",,,FRUIT,86.0,0.41,22.36,0.1,,USDA_FDC_SR_LEGACY,9325,2018-04,True,
"Goji berries, dried",,,FRUIT,349.0,14.26,77.06,0.39,,USDA_FDC_SR_LEGACY,9110,2018-04,True,
"Gooseberries, canned, light syrup pack, solids and liquids",,,FRUIT,73.0,0.65,18.75,0.2,,USDA_FDC_SR_LEGACY,9109,2018-04,True,
"Gooseberries, raw",,,FRUIT,44.0,0.88,10.18,0.58,,USDA_FDC_SR_LEGACY,9107,2018-04,True,
"Grape juice, canned or bottled, unsweetened, with added ascorbic acid",,,FRUIT,60.0,0.37,14.77,0.13,,USDA_FDC_SR_LEGACY,9130,2018-04,True,
"Grape juice, canned or bottled, unsweetened, with added ascorbic acid and calcium",,,FRUIT,62.0,0.37,14.77,0.13,,USDA_FDC_SR_LEGACY,9512,2018-04,True,
"Grape juice, canned or bottled, unsweetened, without added ascorbic acid",,,FRUIT,60.0,0.37,14.77,0.13,,USDA_FDC_SR_LEGACY,9135,2018-04,True,
"Grape juice, purple, with added vitamin C, from concentrate, shelf stable",,,FRUIT,64.51,0.26,15.62,0.29,,USDA_FDC_FOUNDATION,9130,2026-04-30,True,
"Grape juice, white, with added vitamin C, from concentrate, shelf stable",,,FRUIT,64.64,0.09,15.84,0.26,,USDA_FDC_FOUNDATION,100266,2026-04-30,True,
"Grapefruit juice, pink or red, with added calcium",,,FRUIT,39.0,0.51,7.74,0.68,,USDA_FDC_SR_LEGACY,9127,2018-04,True,
"Grapefruit juice, pink, raw",,,FRUIT,39.0,0.5,9.2,0.1,,USDA_FDC_SR_LEGACY,9404,2018-04,True,
"Grapefruit juice, red, not fortified, not from concentrate, refrigerated",,,FRUIT,39.83,0.57,9.1,0.27,,USDA_FDC_FOUNDATION,100267,2026-04-30,True,
"Grapefruit juice, white, bottled, unsweetened, OCEAN SPRAY",,,FRUIT,37.0,0.54,7.51,0.64,,USDA_FDC_SR_LEGACY,9416,2018-04,True,
"Grapefruit juice, white, canned or bottled, unsweetened",,,FRUIT,37.0,0.55,7.59,0.7,,USDA_FDC_FOUNDATION,9123,2026-04-30,True,
"Grapefruit juice, white, canned, sweetened",,,FRUIT,46.0,0.58,11.13,0.09,,USDA_FDC_SR_LEGACY,9124,2018-04,True,
"Grapefruit juice, white, frozen concentrate, unsweetened, diluted with 3 volume water",,,FRUIT,41.0,0.55,9.73,0.13,,USDA_FDC_SR_LEGACY,9126,2018-04,True,
"Grapefruit juice, white, frozen concentrate, unsweetened, undiluted",,,FRUIT,146.0,1.97,34.56,0.48,,USDA_FDC_SR_LEGACY,9125,2018-04,True,
"Grapefruit juice, white, raw",,,FRUIT,39.0,0.5,9.2,0.1,,USDA_FDC_SR_LEGACY,9128,2018-04,True,
"Grapefruit, raw, pink and red and white, all areas",,,FRUIT,32.0,0.63,8.08,0.1,,USDA_FDC_SR_LEGACY,9111,2018-04,True,
"Grapefruit, raw, pink and red, California and Arizona",,,FRUIT,37.0,0.5,9.69,0.1,,USDA_FDC_SR_LEGACY,9113,2018-04,True,
"Grapefruit, raw, pink and red, Florida",,,FRUIT,30.0,0.55,7.5,0.1,,USDA_FDC_SR_LEGACY,9114,2018-04,True,
"Grapefruit, raw, pink and red, all areas",,,FRUIT,42.0,0.77,10.66,0.14,,USDA_FDC_SR_LEGACY,9112,2018-04,True,
"Grapefruit, raw, white, California",,,FRUIT,37.0,0.88,9.09,0.1,,USDA_FDC_SR_LEGACY,9117,2018-04,True,
"Grapefruit, raw, white, Florida",,,FRUIT,32.0,0.63,8.19,0.1,,USDA_FDC_SR_LEGACY,9118,2018-04,True,
"Grapefruit, raw, white, all areas",,,FRUIT,33.0,0.69,8.41,0.1,,USDA_FDC_SR_LEGACY,9116,2018-04,True,
"Grapefruit, sections, canned, juice pack, solids and liquids",,,FRUIT,37.0,0.7,9.21,0.09,,USDA_FDC_SR_LEGACY,9120,2018-04,True,
"Grapefruit, sections, canned, light syrup pack, solids and liquids",,,FRUIT,60.0,0.56,15.44,0.1,,USDA_FDC_SR_LEGACY,9121,2018-04,True,
"Grapefruit, sections, canned, water pack, solids and liquids",,,FRUIT,36.0,0.58,9.15,0.1,,USDA_FDC_SR_LEGACY,9119,2018-04,True,
"Grapes, american type (slip skin), raw",,,FRUIT,67.0,0.63,17.15,0.35,,USDA_FDC_SR_LEGACY,9131,2018-04,True,
"Grapes, canned, thompson seedless, heavy syrup pack, solids and liquids",,,FRUIT,76.0,0.48,19.65,0.1,,USDA_FDC_SR_LEGACY,9134,2018-04,True,
"Grapes, canned, thompson seedless, water pack, solids and liquids",,,FRUIT,40.0,0.5,10.3,0.11,,USDA_FDC_SR_LEGACY,9133,2018-04,True,
"Grapes, green, seedless, raw",,,FRUIT,71.94,0.9,18.6,0.23,,USDA_FDC_FOUNDATION,100280,2026-04-30,True,
"Grapes, muscadine, raw",,,FRUIT,57.0,0.81,13.93,0.47,,USDA_FDC_SR_LEGACY,9129,2018-04,True,
"Grapes, red or green (European type, such as Thompson seedless), raw",,,FRUIT,69.0,0.72,18.1,0.16,,USDA_FDC_SR_LEGACY,9132,2018-04,True,
"Grapes, red, seedless, raw",,,FRUIT,77.15,0.91,20.2,0.16,,USDA_FDC_FOUNDATION,100279,2026-04-30,True,
"Groundcherries, (cape-gooseberries or poha), raw",,,FRUIT,53.0,1.9,11.2,0.7,,USDA_FDC_SR_LEGACY,9138,2018-04,True,
"Guanabana nectar, canned",,,FRUIT,59.0,0.11,14.93,0.17,,USDA_FDC_SR_LEGACY,9434,2018-04,True,
"Guava nectar, canned, with added ascorbic acid",,,FRUIT,63.0,0.09,16.25,0.06,,USDA_FDC_SR_LEGACY,9435,2018-04,True,
"Guava nectar, with sucralose, canned",,,FRUIT,48.0,0.3,13.3,0.07,,USDA_FDC_SR_LEGACY,9519,2018-04,True,
"Guava sauce, cooked",,,FRUIT,36.0,0.32,9.48,0.14,,USDA_FDC_SR_LEGACY,9143,2018-04,True,
"Guavas, common, raw",,,FRUIT,68.0,2.55,14.32,0.95,,USDA_FDC_SR_LEGACY,9139,2018-04,True,
"Guavas, strawberry, raw",,,FRUIT,69.0,0.58,17.36,0.6,,USDA_FDC_SR_LEGACY,9140,2018-04,True,
Horned melon (Kiwano),,,FRUIT,44.0,1.78,7.56,1.26,,USDA_FDC_SR_LEGACY,9451,2018-04,True,
"Jackfruit, canned, syrup pack",,,FRUIT,92.0,0.36,23.94,0.14,,USDA_FDC_SR_LEGACY,9420,2018-04,True,
"Jackfruit, raw",,,FRUIT,95.0,1.72,23.25,0.64,,USDA_FDC_SR_LEGACY,9144,2018-04,True,
"Java-plum, (jambolan), raw",,,FRUIT,60.0,0.72,15.56,0.23,,USDA_FDC_SR_LEGACY,9145,2018-04,True,
"Juice, apple and grape blend, with added ascorbic acid",,,FRUIT,50.0,0.16,12.46,0.12,,USDA_FDC_SR_LEGACY,9443,2018-04,True,
"Juice, apple, grape and pear blend, with added ascorbic acid and calcium",,,FRUIT,52.0,0.17,12.96,0.12,,USDA_FDC_SR_LEGACY,9444,2018-04,True,
"Jujube, Chinese, fresh, dried",,,FRUIT,281.0,4.72,72.52,0.5,,USDA_FDC_SR_LEGACY,9147,2018-04,True,
"Jujube, raw",,,FRUIT,79.0,1.2,20.23,0.2,,USDA_FDC_SR_LEGACY,9146,2018-04,True,
"Kiwifruit (kiwi), green, peeled, raw",,,FRUIT,58.49,1.01,13.82,0.64,,USDA_FDC_FOUNDATION,100357,2026-04-30,True,
"Kiwifruit, ZESPRI SunGold, raw",,,FRUIT,63.0,1.02,15.79,0.28,,USDA_FDC_SR_LEGACY,9520,2018-04,True,
"Kiwifruit, green, raw",,,FRUIT,58.0,1.06,14.0,0.44,,USDA_FDC_FOUNDATION,9148,2026-04-30,True,
"Kumquats, raw",,,FRUIT,71.0,1.88,15.9,0.86,,USDA_FDC_SR_LEGACY,9149,2018-04,True,
"Lemon juice from concentrate, bottled, CONCORD",,,FRUIT,24.0,0.4,5.37,0.07,,USDA_FDC_SR_LEGACY,9523,2018-04,True,
"Lemon juice from concentrate, bottled, REAL LEMON",,,FRUIT,17.0,0.47,5.66,0.07,,USDA_FDC_SR_LEGACY,9524,2018-04,True,
"Lemon juice from concentrate, canned or bottled",,,FRUIT,17.0,0.45,5.62,0.07,,USDA_FDC_SR_LEGACY,9153,2018-04,True,
"Lemon juice, raw",,,FRUIT,22.0,0.35,6.9,0.24,,USDA_FDC_SR_LEGACY,9152,2018-04,True,
"Lemon peel, raw",,,FRUIT,47.0,1.5,16.0,0.3,,USDA_FDC_SR_LEGACY,9156,2018-04,True,
"Lemons, raw, without peel",,,FRUIT,29.0,1.1,9.32,0.3,,USDA_FDC_SR_LEGACY,9150,2018-04,True,
"Lime juice, canned or bottled, unsweetened",,,FRUIT,21.0,0.25,6.69,0.23,,USDA_FDC_SR_LEGACY,9161,2018-04,True,
"Lime juice, raw",,,FRUIT,25.0,0.42,8.42,0.07,,USDA_FDC_SR_LEGACY,9160,2018-04,True,
"Limes, raw",,,FRUIT,30.0,0.7,10.54,0.2,,USDA_FDC_SR_LEGACY,9159,2018-04,True,
"Litchis, dried",,,FRUIT,277.0,3.8,70.7,1.2,,USDA_FDC_SR_LEGACY,9165,2018-04,True,
"Litchis, raw",,,FRUIT,66.0,0.83,16.53,0.44,,USDA_FDC_SR_LEGACY,9164,2018-04,True,
"Loganberries, frozen",,,FRUIT,55.0,1.52,13.02,0.31,,USDA_FDC_SR_LEGACY,9167,2018-04,True,
"Longans, dried",,,FRUIT,286.0,4.9,74.0,0.4,,USDA_FDC_SR_LEGACY,9173,2018-04,True,
"Longans, raw",,,FRUIT,60.0,1.31,15.14,0.1,,USDA_FDC_SR_LEGACY,9172,2018-04,True,
"Loquats, raw",,,FRUIT,47.0,0.43,12.14,0.2,,USDA_FDC_SR_LEGACY,9174,2018-04,True,
"Mammy-apple, (mamey), raw",,,FRUIT,51.0,0.5,12.5,0.5,,USDA_FDC_SR_LEGACY,9175,2018-04,True,
"Mandarin, seedless, peeled, raw",,,FRUIT,55.64,1.04,13.42,0.46,,USDA_FDC_FOUNDATION,100358,2026-04-30,True,
"Mango nectar, canned",,,FRUIT,51.0,0.11,13.12,0.06,,USDA_FDC_SR_LEGACY,9436,2018-04,True,
"Mango, Ataulfo, peeled, raw",,,FRUIT,70.64,0.69,17.4,0.68,,USDA_FDC_FOUNDATION,100360,2026-04-30,True,
"Mango, Tommy Atkins, peeled, raw",,,FRUIT,61.64,0.56,15.26,0.57,,USDA_FDC_FOUNDATION,100359,2026-04-30,True,
"Mango, dried, sweetened",,,FRUIT,319.0,2.45,78.58,1.18,,USDA_FDC_SR_LEGACY,9178,2018-04,True,
"Mangos, raw",,,FRUIT,60.0,0.82,14.98,0.38,,USDA_FDC_SR_LEGACY,9176,2018-04,True,
"Mangosteen, canned, syrup pack",,,FRUIT,73.0,0.41,17.91,0.58,,USDA_FDC_SR_LEGACY,9177,2018-04,True,
"Maraschino cherries, canned, drained",,,FRUIT,165.0,0.22,41.97,0.21,,USDA_FDC_SR_LEGACY,9328,2018-04,True,
"Melon balls, frozen",,,FRUIT,33.0,0.84,7.94,0.25,,USDA_FDC_SR_LEGACY,9185,2018-04,True,
"Melons, cantaloupe, raw",,,FRUIT,34.0,0.82,8.16,0.18,,USDA_FDC_FOUNDATION,327198,2026-04-30,True,
"Melons, casaba, raw",,,FRUIT,28.0,1.11,6.58,0.1,,USDA_FDC_SR_LEGACY,9183,2018-04,True,
"Melons, honeydew, raw",,,FRUIT,32.94,0.53,8.15,0.22,,USDA_FDC_FOUNDATION,9184,2026-04-30,True,
"Mulberries, raw",,,FRUIT,43.0,1.44,9.8,0.39,,USDA_FDC_SR_LEGACY,9190,2018-04,True,
"Nance, canned, syrup, drained",,,FRUIT,95.0,0.56,22.79,1.28,,USDA_FDC_SR_LEGACY,9448,2018-04,True,
"Nance, frozen, unsweetened",,,FRUIT,73.0,0.66,16.97,1.16,,USDA_FDC_SR_LEGACY,9449,2018-04,True,
"Naranjilla (lulo) pulp, frozen, unsweetened",,,FRUIT,25.0,0.44,5.9,0.22,,USDA_FDC_SR_LEGACY,9450,2018-04,True,
"Nectarines, raw",,,FRUIT,39.0,1.06,9.18,0.28,,USDA_FDC_FOUNDATION,9191,2026-04-30,True,
"Oheloberries, raw",,,FRUIT,28.0,0.38,6.84,0.22,,USDA_FDC_SR_LEGACY,9192,2018-04,True,
"Olives, green, Manzanilla, stuffed with pimiento",,,FRUIT,130.0,1.15,4.96,12.9,,USDA_FDC_FOUNDATION,9533,2026-04-30,True,
"Olives, pickled, canned or bottled, green",,,FRUIT,145.0,1.03,3.84,15.32,,USDA_FDC_SR_LEGACY,9195,2018-04,True,
"Olives, ripe, canned (jumbo-super colossal)",,,FRUIT,81.0,0.97,5.61,6.87,,USDA_FDC_SR_LEGACY,9194,2018-04,True,
"Olives, ripe, canned (small-extra large)",,,FRUIT,116.0,0.84,6.04,10.9,,USDA_FDC_SR_LEGACY,9193,2018-04,True,
Orange Pineapple Juice Blend,,,FRUIT,51.0,0.41,12.2,0.08,,USDA_FDC_SR_LEGACY,9452,2018-04,True,
"Orange juice, canned, unsweetened",,,FRUIT,47.0,0.68,11.01,0.15,,USDA_FDC_SR_LEGACY,9207,2018-04,True,
"Orange juice, chilled, includes from concentrate",,,FRUIT,49.0,0.68,11.54,0.12,,USDA_FDC_SR_LEGACY,9209,2018-04,True,
"Orange juice, chilled, includes from concentrate, with added calcium",,,FRUIT,47.0,0.68,11.27,0.12,,USDA_FDC_SR_LEGACY,9211,2018-04,True,
"Orange juice, chilled, includes from concentrate, with added calcium and vitamin D",,,FRUIT,47.0,0.68,11.27,0.12,,USDA_FDC_SR_LEGACY,9210,2018-04,True,
"Orange juice, chilled, includes from concentrate, with added calcium and vitamins A, D, E",,,FRUIT,49.0,0.68,11.54,0.12,,USDA_FDC_SR_LEGACY,9506,2018-04,True,
"Orange juice, frozen concentrate, unsweetened, diluted with 3 volume water",,,FRUIT,37.0,0.6,8.8,0.06,,USDA_FDC_SR_LEGACY,9215,2018-04,True,
"Orange juice, frozen concentrate, unsweetened, diluted with 3 volume water, with added calcium",,,FRUIT,37.0,0.6,8.47,0.06,,USDA_FDC_SR_LEGACY,9212,2018-04,True,
"Orange juice, frozen concentrate, unsweetened, undiluted",,,FRUIT,148.0,2.4,35.19,0.25,,USDA_FDC_SR_LEGACY,9214,2018-04,True,
"Orange juice, frozen concentrate, unsweetened, undiluted, with added calcium",,,FRUIT,147.0,2.4,33.86,0.25,,USDA_FDC_SR_LEGACY,9213,2018-04,True,
"Orange juice, no pulp, not fortified, from concentrate, refrigerated",,,FRUIT,45.72,0.73,10.34,0.32,,USDA_FDC_FOUNDATION,9209,2026-04-30,True,
"Orange juice, no pulp, not fortified, not from concentrate, refrigerated",,,FRUIT,44.96,0.81,10.01,0.36,,USDA_FDC_FOUNDATION,9206,2026-04-30,True,
"Orange juice, raw (Includes foods for USDA's Food Distribution Program)",,,FRUIT,45.0,0.7,10.4,0.2,,USDA_FDC_SR_LEGACY,9206,2018-04,True,
"Orange peel, raw",,,FRUIT,97.0,1.5,25.0,0.2,,USDA_FDC_SR_LEGACY,9216,2018-04,True,
"Orange-grapefruit juice, canned or bottled, unsweetened",,,FRUIT,43.0,0.6,10.28,0.1,,USDA_FDC_SR_LEGACY,9217,2018-04,True,
"Oranges, raw, California, valencias",,,FRUIT,49.0,1.04,11.89,0.3,,USDA_FDC_SR_LEGACY,9201,2018-04,True,
"Oranges, raw, Florida",,,FRUIT,46.0,0.7,11.54,0.21,,USDA_FDC_SR_LEGACY,9203,2018-04,True,
"Oranges, raw, all commercial varieties",,,FRUIT,47.0,0.94,11.75,0.12,,USDA_FDC_SR_LEGACY,9200,2018-04,True,
"Oranges, raw, navels",,,FRUIT,47.0,0.91,11.8,0.15,,USDA_FDC_FOUNDATION,9202,2026-04-30,True,
"Oranges, raw, navels (Includes foods for USDA's Food Distribution Program)",,,FRUIT,47.0,0.91,11.8,0.15,,USDA_FDC_FOUNDATION,327501,2026-04-30,True,
"Oranges, raw, with peel",,,FRUIT,63.0,1.3,15.5,0.3,,USDA_FDC_SR_LEGACY,9205,2018-04,True,
"Papaya nectar, canned",,,FRUIT,57.0,0.17,14.51,0.15,,USDA_FDC_SR_LEGACY,9229,2018-04,True,
"Papaya, canned, heavy syrup, drained",,,FRUIT,206.0,0.14,55.83,0.55,,USDA_FDC_SR_LEGACY,9228,2018-04,True,
"Papayas, raw",,,FRUIT,43.0,0.47,10.82,0.26,,USDA_FDC_SR_LEGACY,9226,2018-04,True,
"Passion-fruit juice, purple, raw",,,FRUIT,51.0,0.39,13.6,0.05,,USDA_FDC_SR_LEGACY,9232,2018-04,True,
"Passion-fruit juice, yellow, raw",,,FRUIT,60.0,0.67,14.45,0.18,,USDA_FDC_SR_LEGACY,9233,2018-04,True,
"Passion-fruit, (granadilla), purple, raw",,,FRUIT,97.0,2.2,23.38,0.7,,USDA_FDC_SR_LEGACY,9231,2018-04,True,
"Peach nectar, canned, with added ascorbic acid",,,FRUIT,50.0,0.21,11.93,0.51,,USDA_FDC_SR_LEGACY,9407,2018-04,True,
"Peach nectar, canned, with sucralose, without added ascorbic acid",,,FRUIT,49.0,0.1,11.61,0.57,,USDA_FDC_SR_LEGACY,9251,2018-04,True,
"Peaches, canned, extra heavy syrup pack, solids and liquids",,,FRUIT,96.0,0.47,26.06,0.03,,USDA_FDC_SR_LEGACY,9242,2018-04,True,
"Peaches, canned, extra light syrup, solids and liquids (Includes foods for USDA's Food Distribution Program)",,,FRUIT,42.0,0.4,11.1,0.1,,USDA_FDC_SR_LEGACY,9239,2018-04,True,
"Peaches, canned, heavy syrup pack, solids and liquids",,,FRUIT,74.0,0.45,19.94,0.1,,USDA_FDC_SR_LEGACY,9241,2018-04,True,
"Peaches, canned, heavy syrup, drained",,,FRUIT,72.0,0.52,18.43,0.18,,USDA_FDC_SR_LEGACY,9370,2018-04,True,
"Peaches, canned, juice pack, solids and liquids",,,FRUIT,44.0,0.63,11.57,0.03,,USDA_FDC_SR_LEGACY,9238,2018-04,True,
"Peaches, canned, light syrup pack, solids and liquids",,,FRUIT,54.0,0.45,14.55,0.03,,USDA_FDC_SR_LEGACY,9240,2018-04,True,
"Peaches, canned, water pack, solids and liquids",,,FRUIT,24.0,0.44,6.11,0.06,,USDA_FDC_SR_LEGACY,9237,2018-04,True,
"Peaches, dehydrated (low-moisture), sulfured, stewed",,,FRUIT,133.0,2.01,34.14,0.42,,USDA_FDC_SR_LEGACY,9245,2018-04,True,
"Peaches, dehydrated (low-moisture), sulfured, uncooked",,,FRUIT,325.0,4.89,83.18,1.03,,USDA_FDC_SR_LEGACY,9244,2018-04,True,
"Peaches, dried, sulfured, stewed, with added sugar",,,FRUIT,103.0,1.06,26.6,0.22,,USDA_FDC_SR_LEGACY,9248,2018-04,True,
"Peaches, dried, sulfured, stewed, without added sugar",,,FRUIT,77.0,1.16,19.69,0.25,,USDA_FDC_SR_LEGACY,9247,2018-04,True,
"Peaches, dried, sulfured, uncooked",,,FRUIT,239.0,3.61,61.33,0.76,,USDA_FDC_SR_LEGACY,9246,2018-04,True,
"Peaches, frozen, sliced, sweetened",,,FRUIT,94.0,0.63,23.98,0.13,,USDA_FDC_SR_LEGACY,9250,2018-04,True,
"Peaches, spiced, canned, heavy syrup pack, solids and liquids",,,FRUIT,75.0,0.41,20.08,0.1,,USDA_FDC_SR_LEGACY,9243,2018-04,True,
"Peaches, yellow, raw",,,FRUIT,42.0,0.91,10.1,0.27,,USDA_FDC_FOUNDATION,9236,2026-04-30,True,
"Pear nectar, canned, with added ascorbic acid",,,FRUIT,60.0,0.11,15.76,0.01,,USDA_FDC_SR_LEGACY,9408,2018-04,True,
"Pear nectar, canned, without added ascorbic acid",,,FRUIT,60.0,0.11,15.76,0.01,,USDA_FDC_SR_LEGACY,9262,2018-04,True,
"Pear, Anjou, green, with skin, raw",,,FRUIT,57.32,0.31,14.77,0.37,,USDA_FDC_FOUNDATION,9415,2026-04-30,True,
"Pears, asian, raw",,,FRUIT,42.0,0.5,10.65,0.23,,USDA_FDC_SR_LEGACY,9340,2018-04,True,
"Pears, canned, extra heavy syrup pack, solids and liquids",,,FRUIT,97.0,0.19,25.25,0.13,,USDA_FDC_SR_LEGACY,9258,2018-04,True,
"Pears, canned, extra light syrup pack, solids and liquids (Includes foods for USDA's Food Distribution Program)",,,FRUIT,47.0,0.3,12.2,0.1,,USDA_FDC_SR_LEGACY,9255,2018-04,True,
"Pears, canned, heavy syrup pack, solids and liquids",,,FRUIT,74.0,0.2,19.17,0.13,,USDA_FDC_SR_LEGACY,9257,2018-04,True,
"Pears, canned, heavy syrup, drained",,,FRUIT,74.0,0.24,19.08,0.18,,USDA_FDC_SR_LEGACY,9374,2018-04,True,
"Pears, canned, juice pack, solids and liquids",,,FRUIT,50.0,0.34,12.94,0.07,,USDA_FDC_SR_LEGACY,9254,2018-04,True,
"Pears, canned, light syrup pack, solids and liquids",,,FRUIT,57.0,0.19,15.17,0.03,,USDA_FDC_SR_LEGACY,9256,2018-04,True,
"Pears, canned, water pack, solids and liquids",,,FRUIT,29.0,0.19,7.81,0.03,,USDA_FDC_SR_LEGACY,9253,2018-04,True,
"Pears, dried, sulfured, stewed, with added sugar",,,FRUIT,140.0,0.86,37.14,0.29,,USDA_FDC_SR_LEGACY,9261,2018-04,True,
"Pears, dried, sulfured, stewed, without added sugar",,,FRUIT,127.0,0.91,33.81,0.31,,USDA_FDC_SR_LEGACY,9260,2018-04,True,
"Pears, dried, sulfured, uncooked",,,FRUIT,262.0,1.87,69.7,0.63,,USDA_FDC_SR_LEGACY,9259,2018-04,True,
"Pears, raw",,,FRUIT,57.0,0.36,15.23,0.14,,USDA_FDC_SR_LEGACY,9252,2018-04,True,
"Pears, raw, bartlett",,,FRUIT,57.0,0.38,15.1,0.16,,USDA_FDC_FOUNDATION,9412,2026-04-30,True,
"Pears, raw, bartlett (Includes foods for USDA's Food Distribution Program)",,,FRUIT,57.0,0.38,15.1,0.16,,USDA_FDC_FOUNDATION,332597,2026-04-30,True,
"Pears, raw, bosc (Includes foods for USDA's Food Distribution Program)",,,FRUIT,67.0,0.36,16.1,0.09,,USDA_FDC_SR_LEGACY,9414,2018-04,True,
"Pears, raw, green anjou (Includes foods for USDA's Food Distribution Program)",,,FRUIT,66.0,0.44,15.79,0.1,,USDA_FDC_SR_LEGACY,9415,2018-04,True,
"Pears, raw, red anjou",,,FRUIT,62.0,0.33,14.94,0.14,,USDA_FDC_SR_LEGACY,9413,2018-04,True,
"Persimmons, japanese, dried",,,FRUIT,274.0,1.38,73.43,0.59,,USDA_FDC_SR_LEGACY,9264,2018-04,True,
"Persimmons, japanese, raw",,,FRUIT,70.0,0.58,18.59,0.19,,USDA_FDC_SR_LEGACY,9263,2018-04,True,
"Persimmons, native, raw",,,FRUIT,127.0,0.8,33.5,0.4,,USDA_FDC_SR_LEGACY,9265,2018-04,True,
"Pineapple juice, canned or bottled, unsweetened, with added ascorbic acid",,,FRUIT,53.0,0.36,12.87,0.12,,USDA_FDC_SR_LEGACY,9409,2018-04,True,
"Pineapple juice, canned or bottled, unsweetened, without added ascorbic acid",,,FRUIT,53.0,0.36,12.87,0.12,,USDA_FDC_SR_LEGACY,9273,2018-04,True,
"Pineapple juice, canned, not from concentrate, unsweetened, with added vitamins A, C and E",,,FRUIT,50.0,0.36,12.18,0.14,,USDA_FDC_SR_LEGACY,9510,2018-04,True,
"Pineapple juice, frozen concentrate, unsweetened, diluted with 3 volume water",,,FRUIT,51.0,0.4,12.67,0.03,,USDA_FDC_SR_LEGACY,9275,2018-04,True,
"Pineapple juice, frozen concentrate, unsweetened, undiluted",,,FRUIT,179.0,1.3,44.3,0.1,,USDA_FDC_SR_LEGACY,9274,2018-04,True,
"Pineapple, canned, extra heavy syrup pack, solids and liquids",,,FRUIT,83.0,0.34,21.5,0.11,,USDA_FDC_SR_LEGACY,9271,2018-04,True,
"Pineapple, canned, heavy syrup pack, solids and liquids",,,FRUIT,78.0,0.35,20.2,0.11,,USDA_FDC_SR_LEGACY,9270,2018-04,True,
"Pineapple, canned, juice pack, drained",,,FRUIT,60.0,0.51,15.56,0.11,,USDA_FDC_SR_LEGACY,9354,2018-04,True,
"Pineapple, canned, juice pack, solids and liquids",,,FRUIT,60.0,0.42,15.7,0.08,,USDA_FDC_SR_LEGACY,9268,2018-04,True,
"Pineapple, canned, light syrup pack, solids and liquids",,,FRUIT,52.0,0.36,13.45,0.12,,USDA_FDC_SR_LEGACY,9269,2018-04,True,
"Pineapple, canned, water pack, solids and liquids",,,FRUIT,32.0,0.43,8.3,0.09,,USDA_FDC_SR_LEGACY,9267,2018-04,True,
"Pineapple, frozen, chunks, sweetened",,,FRUIT,86.0,0.4,22.2,0.1,,USDA_FDC_SR_LEGACY,9272,2018-04,True,
"Pineapple, raw",,,FRUIT,54.05,0.46,14.09,0.21,,USDA_FDC_FOUNDATION,9266,2026-04-30,True,
"Pineapple, raw, all varieties",,,FRUIT,50.0,0.54,13.12,0.12,,USDA_FDC_SR_LEGACY,9266,2018-04,True,
"Pineapple, raw, extra sweet variety",,,FRUIT,51.0,0.53,13.5,0.11,,USDA_FDC_SR_LEGACY,9430,2018-04,True,
"Pineapple, raw, traditional varieties",,,FRUIT,45.0,0.55,11.82,0.13,,USDA_FDC_SR_LEGACY,9429,2018-04,True,
"Pitanga, (surinam-cherry), raw",,,FRUIT,33.0,0.8,7.49,0.4,,USDA_FDC_SR_LEGACY,9276,2018-04,True,
"Plantains, green, boiled",,,FRUIT,121.0,1.09,29.15,0.08,,USDA_FDC_SR_LEGACY,9543,2018-04,True,
"Plantains, green, fried",,,FRUIT,309.0,1.5,49.17,11.81,,USDA_FDC_SR_LEGACY,9446,2018-04,True,
"Plantains, green, raw",,,FRUIT,152.0,1.25,36.66,0.07,,USDA_FDC_SR_LEGACY,9542,2018-04,True,
"Plantains, overripe, raw",,,FRUIT,117.3,1.17,29.19,0.99,,USDA_FDC_FOUNDATION,100371,2026-04-30,True,
"Plantains, ripe, raw",,,FRUIT,122.79,1.16,30.95,0.89,,USDA_FDC_FOUNDATION,9277,2026-04-30,True,
"Plantains, underripe, raw",,,FRUIT,144.51,1.23,33.59,0.68,,USDA_FDC_FOUNDATION,9542,2026-04-30,True,
"Plantains, yellow, baked",,,FRUIT,155.0,1.52,41.37,0.16,,USDA_FDC_SR_LEGACY,9278,2018-04,True,
"Plantains, yellow, fried, Latino restaurant",,,FRUIT,236.0,1.42,40.77,7.51,,USDA_FDC_SR_LEGACY,9447,2018-04,True,
"Plantains, yellow, raw",,,FRUIT,122.0,1.3,31.89,0.35,,USDA_FDC_SR_LEGACY,9277,2018-04,True,
"Plum, black, with skin, raw",,,FRUIT,52.75,0.58,13.46,0.28,,USDA_FDC_FOUNDATION,100363,2026-04-30,True,
"Plums, canned, heavy syrup, drained",,,FRUIT,89.0,0.44,23.12,0.14,,USDA_FDC_SR_LEGACY,9379,2018-04,True,
"Plums, canned, purple, extra heavy syrup pack, solids and liquids",,,FRUIT,101.0,0.36,26.31,0.1,,USDA_FDC_SR_LEGACY,9285,2018-04,True,
"Plums, canned, purple, heavy syrup pack, solids and liquids",,,FRUIT,89.0,0.36,23.24,0.1,,USDA_FDC_SR_LEGACY,9284,2018-04,True,
"Plums, canned, purple, juice pack, solids and liquids",,,FRUIT,58.0,0.51,15.15,0.02,,USDA_FDC_SR_LEGACY,9282,2018-04,True,
"Plums, canned, purple, light syrup pack, solids and liquids",,,FRUIT,63.0,0.37,16.28,0.1,,USDA_FDC_SR_LEGACY,9283,2018-04,True,
"Plums, canned, purple, water pack, solids and liquids",,,FRUIT,41.0,0.39,11.03,0.01,,USDA_FDC_SR_LEGACY,9281,2018-04,True,
"Plums, dried (prunes), stewed, with added sugar",,,FRUIT,124.0,1.09,32.88,0.22,,USDA_FDC_SR_LEGACY,9293,2018-04,True,
"Plums, dried (prunes), stewed, without added sugar",,,FRUIT,107.0,0.96,28.08,0.16,,USDA_FDC_SR_LEGACY,9292,2018-04,True,
"Plums, dried (prunes), uncooked",,,FRUIT,240.0,2.18,63.88,0.38,,USDA_FDC_SR_LEGACY,9291,2018-04,True,
"Plums, raw",,,FRUIT,46.0,0.7,11.42,0.28,,USDA_FDC_SR_LEGACY,9279,2018-04,True,
"Pomegranate juice, bottled",,,FRUIT,54.0,0.15,13.13,0.29,,USDA_FDC_SR_LEGACY,9442,2018-04,True,
"Pomegranates, raw",,,FRUIT,83.0,1.67,18.7,1.17,,USDA_FDC_SR_LEGACY,9286,2018-04,True,
"Prickly pears, raw",,,FRUIT,41.0,0.73,9.57,0.51,,USDA_FDC_SR_LEGACY,9287,2018-04,True,
"Prune juice, canned",,,FRUIT,71.0,0.61,17.45,0.03,,USDA_FDC_SR_LEGACY,9294,2018-04,True,
Prune puree,,,FRUIT,257.0,2.1,65.1,0.2,,USDA_FDC_SR_LEGACY,9423,2018-04,True,
"Prunes, canned, heavy syrup pack, solids and liquids",,,FRUIT,105.0,0.87,27.8,0.2,,USDA_FDC_SR_LEGACY,9288,2018-04,True,
"Prunes, dehydrated (low-moisture), stewed",,,FRUIT,113.0,1.23,29.7,0.24,,USDA_FDC_SR_LEGACY,9290,2018-04,True,
"Prunes, dehydrated (low-moisture), uncooked",,,FRUIT,339.0,3.7,89.07,0.73,,USDA_FDC_SR_LEGACY,9289,2018-04,True,
"Pummelo, raw",,,FRUIT,38.0,0.76,9.62,0.04,,USDA_FDC_SR_LEGACY,9295,2018-04,True,
"Quinces, raw",,,FRUIT,57.0,0.4,15.3,0.1,,USDA_FDC_SR_LEGACY,9296,2018-04,True,
"Raisins, dark, seedless (Includes foods for USDA's Food Distribution Program)",,,FRUIT,299.0,3.3,79.32,0.25,,USDA_FDC_SR_LEGACY,9298,2018-04,True,
"Raisins, golden, seedless",,,FRUIT,301.0,3.28,80.02,0.2,,USDA_FDC_SR_LEGACY,9297,2018-04,True,
"Raisins, seeded",,,FRUIT,296.0,2.52,78.47,0.54,,USDA_FDC_SR_LEGACY,9299,2018-04,True,
"Rambutan, canned, syrup pack",,,FRUIT,82.0,0.65,20.87,0.21,,USDA_FDC_SR_LEGACY,9301,2018-04,True,
"Raspberries, canned, red, heavy syrup pack, solids and liquids",,,FRUIT,91.0,0.83,23.36,0.12,,USDA_FDC_SR_LEGACY,9304,2018-04,True,
"Raspberries, frozen, red, sweetened",,,FRUIT,103.0,0.7,26.16,0.16,,USDA_FDC_SR_LEGACY,9306,2018-04,True,
"Raspberries, frozen, red, unsweetened",,,FRUIT,56.0,1.15,12.55,0.81,,USDA_FDC_SR_LEGACY,9518,2018-04,True,
"Raspberries, puree, seedless",,,FRUIT,41.0,1.02,7.99,0.87,,USDA_FDC_SR_LEGACY,9552,2018-04,True,
"Raspberries, puree, with seeds",,,FRUIT,55.0,1.1,11.51,0.97,,USDA_FDC_SR_LEGACY,9553,2018-04,True,
"Raspberries, raw",,,FRUIT,51.41,1.01,12.9,0.19,,USDA_FDC_FOUNDATION,2263888,2026-04-30,True,
Raspberry juice concentrate,,,FRUIT,221.0,3.04,53.19,1.34,,USDA_FDC_SR_LEGACY,9554,2018-04,True,
"Rhubarb, frozen, cooked, with sugar",,,FRUIT,116.0,0.39,31.2,0.05,,USDA_FDC_SR_LEGACY,9310,2018-04,True,
"Rhubarb, frozen, uncooked",,,FRUIT,21.0,0.55,5.1,0.11,,USDA_FDC_SR_LEGACY,9309,2018-04,True,
"Rhubarb, raw",,,FRUIT,21.0,0.9,4.54,0.2,,USDA_FDC_SR_LEGACY,9307,2018-04,True,
"Rose-apples, raw",,,FRUIT,25.0,0.6,5.7,0.3,,USDA_FDC_SR_LEGACY,9312,2018-04,True,
"Roselle, raw",,,FRUIT,49.0,0.96,11.31,0.64,,USDA_FDC_SR_LEGACY,9311,2018-04,True,
"Rowal, raw",,,FRUIT,111.0,2.3,23.9,2.0,,USDA_FDC_SR_LEGACY,9428,2018-04,True,
"Ruby Red grapefruit juice blend (grapefruit, grape, apple), OCEAN SPRAY, bottled, with added vitamin C",,,FRUIT,44.0,0.5,10.53,0.1,,USDA_FDC_SR_LEGACY,9528,2018-04,True,
"Sapodilla, raw",,,FRUIT,83.0,0.44,19.96,1.1,,USDA_FDC_SR_LEGACY,9313,2018-04,True,
"Sapote, mamey, raw",,,FRUIT,124.0,1.45,32.1,0.46,,USDA_FDC_SR_LEGACY,9314,2018-04,True,
"Soursop, raw",,,FRUIT,66.0,1.0,16.84,0.3,,USDA_FDC_SR_LEGACY,9315,2018-04,True,
"Strawberries, canned, heavy syrup pack, solids and liquids",,,FRUIT,92.0,0.56,23.53,0.26,,USDA_FDC_SR_LEGACY,9317,2018-04,True,
"Strawberries, frozen, sweetened, sliced",,,FRUIT,96.0,0.53,25.92,0.13,,USDA_FDC_SR_LEGACY,9320,2018-04,True,
"Strawberries, frozen, unsweetened (Includes foods for USDA's Food Distribution Program)",,,FRUIT,35.0,0.43,9.13,0.11,,USDA_FDC_SR_LEGACY,9318,2018-04,True,
"Strawberries, raw",,,FRUIT,32.67,0.64,7.96,0.22,,USDA_FDC_FOUNDATION,2263887,2026-04-30,True,
"Sugar-apples, (sweetsop), raw",,,FRUIT,94.0,2.06,23.64,0.29,,USDA_FDC_SR_LEGACY,9321,2018-04,True,
"Tamarind nectar, canned",,,FRUIT,57.0,0.09,14.73,0.12,,USDA_FDC_SR_LEGACY,9437,2018-04,True,
"Tamarinds, raw",,,FRUIT,239.0,2.8,62.5,0.6,,USDA_FDC_SR_LEGACY,9322,2018-04,True,
"Tangerine juice, raw",,,FRUIT,43.0,0.5,10.1,0.2,,USDA_FDC_SR_LEGACY,9221,2018-04,True,
"Tangerines, (mandarin oranges), canned, juice pack",,,FRUIT,37.0,0.62,9.57,0.03,,USDA_FDC_SR_LEGACY,9219,2018-04,True,
"Tangerines, (mandarin oranges), canned, juice pack, drained",,,FRUIT,38.0,0.75,9.41,0.04,,USDA_FDC_SR_LEGACY,9383,2018-04,True,
"Tangerines, (mandarin oranges), canned, light syrup pack",,,FRUIT,61.0,0.45,16.19,0.1,,USDA_FDC_SR_LEGACY,9220,2018-04,True,
"Tangerines, (mandarin oranges), raw",,,FRUIT,53.0,0.81,13.34,0.31,,USDA_FDC_SR_LEGACY,9218,2018-04,True,
"Watermelon, raw",,,FRUIT,30.0,0.61,7.55,0.15,,USDA_FDC_SR_LEGACY,9326,2018-04,True,
"Watermelon, seedless, rind only, raw",,,FRUIT,19.42,0.53,4.17,0.07,,USDA_FDC_FOUNDATION,100384,2026-04-30,True,
"Amaranth grain, cooked",,,GRAINS,102.0,3.8,18.69,1.58,,USDA_FDC_SR_LEGACY,20002,2018-04,True,
"Amaranth grain, uncooked",,,GRAINS,371.0,13.56,65.25,7.02,,USDA_FDC_SR_LEGACY,20001,2018-04,True,
Arrowroot flour,,,GRAINS,357.0,0.3,88.15,0.1,,USDA_FDC_SR_LEGACY,20003,2018-04,True,
Barley flour or meal,,,GRAINS,345.0,10.5,74.52,1.6,,USDA_FDC_SR_LEGACY,20130,2018-04,True,
Barley malt flour,,,GRAINS,361.0,10.28,78.3,1.84,,USDA_FDC_SR_LEGACY,20131,2018-04,True,
"Barley, hulled",,,GRAINS,354.0,12.48,73.48,2.3,,USDA_FDC_SR_LEGACY,20004,2018-04,True,
"Barley, pearled, cooked",,,GRAINS,123.0,2.26,28.22,0.44,,USDA_FDC_SR_LEGACY,20006,2018-04,True,
"Barley, pearled, raw",,,GRAINS,352.0,9.91,77.72,1.16,,USDA_FDC_SR_LEGACY,20005,2018-04,True,
Buckwheat,,,GRAINS,343.0,13.25,71.5,3.4,,USDA_FDC_SR_LEGACY,20008,2018-04,True,
"Buckwheat flour, whole-groat",,,GRAINS,335.0,12.62,70.59,3.1,,USDA_FDC_SR_LEGACY,20011,2018-04,True,
"Buckwheat groats, roasted, cooked",,,GRAINS,92.0,3.38,19.94,0.62,,USDA_FDC_SR_LEGACY,20010,2018-04,True,
"Buckwheat groats, roasted, dry",,,GRAINS,346.0,11.73,74.95,2.71,,USDA_FDC_SR_LEGACY,20009,2018-04,True,
"Buckwheat, whole grain",,,GRAINS,331.6,11.07,71.13,3.04,,USDA_FDC_FOUNDATION,20008,2026-04-30,True,
"Bulgur, cooked",,,GRAINS,83.0,3.08,18.58,0.24,,USDA_FDC_SR_LEGACY,20013,2018-04,True,
"Bulgur, dry",,,GRAINS,342.0,12.29,75.87,1.33,,USDA_FDC_SR_LEGACY,20012,2018-04,True,
"Bulgur, dry, raw",,,GRAINS,349.3,11.76,75.88,2.42,,USDA_FDC_FOUNDATION,20012,2026-04-30,True,
"Cereals ready-to-eat, ALPEN",,,GRAINS,352.0,11.2,75.7,3.3,,USDA_FDC_SR_LEGACY,43218,2018-04,True,
"Cereals ready-to-eat, BARBARA'S PUFFINS, original",,,GRAINS,333.0,7.41,84.0,3.7,,USDA_FDC_SR_LEGACY,8657,2018-04,True,
"Cereals ready-to-eat, FAMILIA",,,GRAINS,388.0,9.5,73.8,6.3,,USDA_FDC_SR_LEGACY,43241,2018-04,True,
"Cereals ready-to-eat, GENERAL MILLS, CHEERIOS",,,GRAINS,372.0,12.4,73.2,6.6,,USDA_FDC_SR_LEGACY,8013,2018-04,True,
"Cereals ready-to-eat, HEALTH VALLEY, FIBER 7 Flakes",,,GRAINS,353.0,14.44,78.15,1.41,,USDA_FDC_SR_LEGACY,8290,2018-04,True,
"Cereals ready-to-eat, MALT-O-MEAL, Apple ZINGS",,,GRAINS,390.0,4.51,87.3,2.71,,USDA_FDC_SR_LEGACY,8493,2018-04,True,
"Cereals ready-to-eat, MALT-O-MEAL, BERRY COLOSSAL CRUNCH",,,GRAINS,396.0,4.19,86.55,4.17,,USDA_FDC_SR_LEGACY,8347,2018-04,True,
"Cereals ready-to-eat, MALT-O-MEAL, Blueberry MUFFIN TOPS Cereal",,,GRAINS,443.0,4.9,79.91,11.48,,USDA_FDC_SR_LEGACY,8487,2018-04,True,
"Cereals ready-to-eat, MALT-O-MEAL, CHOCOLATE MARSHMALLOW MATEYS",,,GRAINS,392.0,3.5,88.18,3.67,,USDA_FDC_SR_LEGACY,8672,2018-04,True,
"Cereals ready-to-eat, MALT-O-MEAL, CINNAMON TOASTERS",,,GRAINS,425.0,3.32,78.33,12.06,,USDA_FDC_SR_LEGACY,8494,2018-04,True,
"Cereals ready-to-eat, MALT-O-MEAL, COCO-ROOS",,,GRAINS,389.0,3.41,86.75,4.61,,USDA_FDC_SR_LEGACY,8206,2018-04,True,
"Cereals ready-to-eat, MALT-O-MEAL, COLOSSAL CRUNCH",,,GRAINS,401.0,3.64,81.59,5.28,,USDA_FDC_SR_LEGACY,8346,2018-04,True,
"Cereals ready-to-eat, MALT-O-MEAL, CORN BURSTS",,,GRAINS,385.0,3.32,90.59,0.35,,USDA_FDC_SR_LEGACY,8083,2018-04,True,
"Cereals ready-to-eat, MALT-O-MEAL, Cocoa DYNO-BITES",,,GRAINS,397.0,4.15,87.93,3.43,,USDA_FDC_SR_LEGACY,8495,2018-04,True,
"Cereals ready-to-eat, MALT-O-MEAL, Crispy Rice",,,GRAINS,346.0,6.07,86.4,1.12,,USDA_FDC_SR_LEGACY,8348,2018-04,True,
"Cereals ready-to-eat, MALT-O-MEAL, Frosted Flakes",,,GRAINS,389.0,4.25,90.2,0.87,,USDA_FDC_SR_LEGACY,8409,2018-04,True,
"Cereals ready-to-eat, MALT-O-MEAL, Frosted Mini SPOONERS",,,GRAINS,354.0,9.09,81.81,1.94,,USDA_FDC_SR_LEGACY,8500,2018-04,True,
"Cereals ready-to-eat, MALT-O-MEAL, Fruity DYNO-BITES",,,GRAINS,404.0,3.9,90.1,3.15,,USDA_FDC_SR_LEGACY,8501,2018-04,True,
"Cereals ready-to-eat, MALT-O-MEAL, GOLDEN PUFFS",,,GRAINS,370.0,5.77,89.72,0.89,,USDA_FDC_SR_LEGACY,8478,2018-04,True,
"Cereals ready-to-eat, MALT-O-MEAL, HONEY GRAHAM SQUARES",,,GRAINS,398.0,4.46,74.68,9.97,,USDA_FDC_SR_LEGACY,8481,2018-04,True,
"Cereals ready-to-eat, MALT-O-MEAL, Honey BUZZERS",,,GRAINS,379.0,3.45,89.66,1.72,,USDA_FDC_SR_LEGACY,8476,2018-04,True,
"Cereals ready-to-eat, MALT-O-MEAL, Honey Nut SCOOTERS",,,GRAINS,387.0,8.59,79.62,4.51,,USDA_FDC_SR_LEGACY,8676,2018-04,True,
"Cereals ready-to-eat, MALT-O-MEAL, MARSHMALLOW MATEYS",,,GRAINS,387.0,6.94,82.77,3.53,,USDA_FDC_SR_LEGACY,8138,2018-04,True,
"Cereals ready-to-eat, MALT-O-MEAL, OAT BLENDERS with honey",,,GRAINS,396.0,6.78,84.94,4.17,,USDA_FDC_SR_LEGACY,8674,2018-04,True,
"Cereals ready-to-eat, MALT-O-MEAL, OAT BLENDERS with honey & almonds",,,GRAINS,379.0,7.8,77.26,4.88,,USDA_FDC_SR_LEGACY,8675,2018-04,True,
"Cereals ready-to-eat, MALT-O-MEAL, Raisin Bran Cereal",,,GRAINS,342.0,7.63,80.37,1.87,,USDA_FDC_SR_LEGACY,8484,2018-04,True,
"Cereals ready-to-eat, MALT-O-MEAL, TOOTIE FRUITIES",,,GRAINS,391.0,4.69,85.94,3.2,,USDA_FDC_SR_LEGACY,8349,2018-04,True,
"Cereals ready-to-eat, MOM'S BEST, Honey Nut TOASTY O'S",,,GRAINS,388.0,8.6,79.84,4.51,,USDA_FDC_SR_LEGACY,8491,2018-04,True,
"Cereals ready-to-eat, MOM'S BEST, Sweetened WHEAT-FULS",,,GRAINS,373.0,8.18,80.91,1.83,,USDA_FDC_SR_LEGACY,8709,2018-04,True,
"Cereals ready-to-eat, NATURE'S PATH, Organic FLAX PLUS flakes",,,GRAINS,350.0,11.91,75.27,5.46,,USDA_FDC_SR_LEGACY,8656,2018-04,True,
"Cereals ready-to-eat, NATURE'S PATH, Organic FLAX PLUS, Pumpkin Granola",,,GRAINS,467.0,11.23,66.1,18.33,,USDA_FDC_SR_LEGACY,8571,2018-04,True,
"Cereals ready-to-eat, OAT BRAN FLAKES, HEALTH VALLEY",,,GRAINS,380.0,10.0,78.0,3.0,,USDA_FDC_SR_LEGACY,43495,2018-04,True,
"Cereals ready-to-eat, POST Bran Flakes",,,GRAINS,328.0,9.9,80.5,2.1,,USDA_FDC_SR_LEGACY,8029,2018-04,True,
"Cereals ready-to-eat, POST GREAT GRAINS Banana Nut Crunch",,,GRAINS,390.0,9.8,70.9,8.8,,USDA_FDC_SR_LEGACY,42297,2018-04,True,
"Cereals ready-to-eat, POST GREAT GRAINS Cranberry Almond Crunch",,,GRAINS,384.0,8.9,76.6,5.9,,USDA_FDC_SR_LEGACY,8544,2018-04,True,
"Cereals ready-to-eat, POST HONEY BUNCHES OF OATS with cinnamon bunches",,,GRAINS,400.0,7.1,82.8,5.0,,USDA_FDC_SR_LEGACY,8665,2018-04,True,
"Cereals ready-to-eat, POST Raisin Bran Cereal",,,GRAINS,324.0,7.6,78.9,1.6,,USDA_FDC_SR_LEGACY,8061,2018-04,True,
"Cereals ready-to-eat, POST SELECTS Blueberry Morning",,,GRAINS,395.0,6.5,81.6,5.3,,USDA_FDC_SR_LEGACY,8192,2018-04,True,
"Cereals ready-to-eat, POST SELECTS Maple Pecan Crunch",,,GRAINS,413.0,8.5,77.4,8.7,,USDA_FDC_SR_LEGACY,8554,2018-04,True,
"Cereals ready-to-eat, POST, ALPHA-BITS",,,GRAINS,389.0,10.0,80.3,4.6,,USDA_FDC_SR_LEGACY,8002,2018-04,True,
"Cereals ready-to-eat, POST, COCOA PEBBLES",,,GRAINS,397.0,4.8,85.7,4.1,,USDA_FDC_SR_LEGACY,8015,2018-04,True,
"Cereals ready-to-eat, POST, FRUITY PEBBLES",,,GRAINS,402.0,4.62,86.1,4.02,,USDA_FDC_SR_LEGACY,8034,2018-04,True,
"Cereals ready-to-eat, POST, GOLDEN CRISP",,,GRAINS,380.0,5.5,90.1,1.7,,USDA_FDC_SR_LEGACY,8073,2018-04,True,
"Cereals ready-to-eat, POST, GRAPE-NUTS Cereal",,,GRAINS,361.0,11.22,80.49,1.81,,USDA_FDC_SR_LEGACY,8038,2018-04,True,
"Cereals ready-to-eat, POST, GRAPE-NUTS Flakes",,,GRAINS,376.0,9.4,82.0,3.7,,USDA_FDC_SR_LEGACY,8039,2018-04,True,
"Cereals ready-to-eat, POST, GREAT GRAINS Crunchy Pecan Cereal",,,GRAINS,403.0,9.0,73.0,10.5,,USDA_FDC_SR_LEGACY,42261,2018-04,True,
"Cereals ready-to-eat, POST, GREAT GRAINS, Raisin, Date & Pecan",,,GRAINS,378.0,7.9,74.3,7.1,,USDA_FDC_SR_LEGACY,42265,2018-04,True,
"Cereals ready-to-eat, POST, HONEY BUNCHES OF OATS with vanilla bunches",,,GRAINS,394.0,7.9,81.8,5.1,,USDA_FDC_SR_LEGACY,8633,2018-04,True,
"Cereals ready-to-eat, POST, HONEY BUNCHES OF OATS, honey roasted",,,GRAINS,401.0,7.12,81.19,5.46,,USDA_FDC_SR_LEGACY,43570,2018-04,True,
"Cereals ready-to-eat, POST, HONEY BUNCHES OF OATS, pecan bunches",,,GRAINS,399.0,7.0,82.0,5.4,,USDA_FDC_SR_LEGACY,8655,2018-04,True,
"Cereals ready-to-eat, POST, HONEY BUNCHES OF OATS, with almonds",,,GRAINS,409.0,7.7,79.6,7.3,,USDA_FDC_SR_LEGACY,42240,2018-04,True,
"Cereals ready-to-eat, POST, HONEY BUNCHES OF OATS, with real strawberries",,,GRAINS,399.0,6.7,83.3,4.9,,USDA_FDC_SR_LEGACY,8662,2018-04,True,
"Cereals ready-to-eat, POST, Honey Nut Shredded Wheat",,,GRAINS,373.0,8.5,83.6,2.9,,USDA_FDC_SR_LEGACY,8081,2018-04,True,
"Cereals ready-to-eat, POST, Honeycomb Cereal",,,GRAINS,394.0,6.01,86.63,2.93,,USDA_FDC_SR_LEGACY,8046,2018-04,True,
"Cereals ready-to-eat, POST, Shredded Wheat n' Bran, spoon-size",,,GRAINS,339.0,10.93,80.65,2.06,,USDA_FDC_SR_LEGACY,43393,2018-04,True,
"Cereals ready-to-eat, POST, Shredded Wheat, lightly frosted, spoon-size",,,GRAINS,352.0,7.8,83.8,1.9,,USDA_FDC_SR_LEGACY,8191,2018-04,True,
"Cereals ready-to-eat, POST, Shredded Wheat, original big biscuit",,,GRAINS,337.0,11.37,78.96,2.01,,USDA_FDC_SR_LEGACY,8147,2018-04,True,
"Cereals ready-to-eat, POST, Shredded Wheat, original spoon-size",,,GRAINS,351.0,11.8,81.4,2.1,,USDA_FDC_SR_LEGACY,8148,2018-04,True,
"Cereals ready-to-eat, Post, Waffle Crisp",,,GRAINS,390.0,6.6,83.0,5.0,,USDA_FDC_SR_LEGACY,8305,2018-04,True,
"Cereals ready-to-eat, QUAKER Oatmeal Squares, Golden Maple",,,GRAINS,380.0,11.3,78.04,4.83,,USDA_FDC_SR_LEGACY,8632,2018-04,True,
"Cereals ready-to-eat, QUAKER WHOLE HEARTS oat cereal",,,GRAINS,376.0,7.63,80.1,5.61,,USDA_FDC_SR_LEGACY,8685,2018-04,True,
"Cereals ready-to-eat, QUAKER, 100% Natural Granola, Oats, Wheat and Honey",,,GRAINS,421.0,10.55,73.65,11.62,,USDA_FDC_SR_LEGACY,8054,2018-04,True,
"Cereals ready-to-eat, QUAKER, CAP'N CRUNCH",,,GRAINS,398.0,4.39,85.51,5.12,,USDA_FDC_SR_LEGACY,8010,2018-04,True,
"Cereals ready-to-eat, QUAKER, CAP'N CRUNCH with CRUNCHBERRIES",,,GRAINS,397.0,4.45,85.93,4.83,,USDA_FDC_SR_LEGACY,8011,2018-04,True,
"Cereals ready-to-eat, QUAKER, CAP'N CRUNCH'S Halloween Crunch",,,GRAINS,402.0,4.41,85.14,5.66,,USDA_FDC_SR_LEGACY,8625,2018-04,True,
"Cereals ready-to-eat, QUAKER, CAP'N CRUNCH'S PEANUT BUTTER CRUNCH",,,GRAINS,417.0,7.1,78.65,9.23,,USDA_FDC_SR_LEGACY,8012,2018-04,True,
"Cereals ready-to-eat, QUAKER, Cap'n Crunch's OOPS! All Berries Cereal",,,GRAINS,395.0,4.6,87.1,3.99,,USDA_FDC_SR_LEGACY,8629,2018-04,True,
"Cereals ready-to-eat, QUAKER, Christmas Crunch",,,GRAINS,397.0,4.44,85.92,4.83,,USDA_FDC_SR_LEGACY,8550,2018-04,True,
"Cereals ready-to-eat, QUAKER, HONEY GRAHAM OH!S",,,GRAINS,412.0,3.92,83.65,7.63,,USDA_FDC_SR_LEGACY,8211,2018-04,True,
"Cereals ready-to-eat, QUAKER, KING VITAMAN",,,GRAINS,381.0,6.41,83.85,3.44,,USDA_FDC_SR_LEGACY,8047,2018-04,True,
"Cereals ready-to-eat, QUAKER, Low Fat 100% Natural Granola with Raisins",,,GRAINS,388.0,8.42,80.57,5.52,,USDA_FDC_SR_LEGACY,8220,2018-04,True,
"Cereals ready-to-eat, QUAKER, MOTHER'S COCOA BUMPERS",,,GRAINS,382.0,4.21,89.91,1.61,,USDA_FDC_SR_LEGACY,8355,2018-04,True,
"Cereals ready-to-eat, QUAKER, MOTHER'S Cinnamon Oat Crunch",,,GRAINS,382.0,10.6,79.79,4.56,,USDA_FDC_SR_LEGACY,8353,2018-04,True,
"Cereals ready-to-eat, QUAKER, MOTHER'S GRAHAM BUMPERS",,,GRAINS,379.0,4.55,88.89,1.45,,USDA_FDC_SR_LEGACY,8354,2018-04,True,
"Cereals ready-to-eat, QUAKER, MOTHER'S PEANUT BUTTER BUMPERS Cereal",,,GRAINS,407.0,7.62,79.68,7.33,,USDA_FDC_SR_LEGACY,8351,2018-04,True,
"Cereals ready-to-eat, QUAKER, MOTHER'S Toasted Oat Bran cereal",,,GRAINS,372.0,11.45,75.41,5.04,,USDA_FDC_SR_LEGACY,8352,2018-04,True,
"Cereals ready-to-eat, QUAKER, Maple Brown Sugar LIFE Cereal",,,GRAINS,373.0,9.17,78.86,4.06,,USDA_FDC_SR_LEGACY,8628,2018-04,True,
"Cereals ready-to-eat, QUAKER, Natural Granola Apple Cranberry Almond",,,GRAINS,418.0,9.21,74.73,11.06,,USDA_FDC_SR_LEGACY,8627,2018-04,True,
"Cereals ready-to-eat, QUAKER, Oatmeal Squares",,,GRAINS,379.0,11.38,77.77,4.83,,USDA_FDC_SR_LEGACY,8214,2018-04,True,
"Cereals ready-to-eat, QUAKER, Oatmeal Squares, cinnamon",,,GRAINS,379.0,11.23,78.09,4.88,,USDA_FDC_SR_LEGACY,8215,2018-04,True,
"Cereals ready-to-eat, QUAKER, QUAKER 100% Natural Granola with Oats, Wheat, Honey, and Raisins",,,GRAINS,412.0,9.66,74.67,10.38,,USDA_FDC_SR_LEGACY,8218,2018-04,True,
"Cereals ready-to-eat, QUAKER, QUAKER CRUNCHY BRAN",,,GRAINS,331.0,6.37,83.68,4.06,,USDA_FDC_SR_LEGACY,8018,2018-04,True,
"Cereals ready-to-eat, QUAKER, QUAKER Honey Graham LIFE Cereal",,,GRAINS,373.0,9.33,78.56,4.14,,USDA_FDC_SR_LEGACY,8549,2018-04,True,
"Cereals ready-to-eat, QUAKER, QUAKER OAT CINNAMON LIFE",,,GRAINS,374.0,9.14,79.02,4.1,,USDA_FDC_SR_LEGACY,8210,2018-04,True,
"Cereals ready-to-eat, QUAKER, QUAKER OAT LIFE, plain",,,GRAINS,374.0,9.98,77.74,4.43,,USDA_FDC_SR_LEGACY,8049,2018-04,True,
"Cereals ready-to-eat, QUAKER, QUAKER Puffed Rice",,,GRAINS,383.0,7.01,87.78,0.9,,USDA_FDC_SR_LEGACY,8066,2018-04,True,
"Cereals ready-to-eat, QUAKER, QUAKER Puffed Wheat",,,GRAINS,366.0,16.26,76.39,2.15,,USDA_FDC_SR_LEGACY,8146,2018-04,True,
"Cereals ready-to-eat, QUAKER, SWEET CRUNCH/QUISP",,,GRAINS,406.0,4.51,85.03,6.08,,USDA_FDC_SR_LEGACY,8059,2018-04,True,
"Cereals ready-to-eat, QUAKER, Shredded Wheat, bagged cereal",,,GRAINS,348.0,11.24,81.01,2.01,,USDA_FDC_SR_LEGACY,8365,2018-04,True,
"Cereals ready-to-eat, QUAKER, Toasted Multigrain Crisps",,,GRAINS,372.0,12.38,74.9,5.11,,USDA_FDC_SR_LEGACY,8216,2018-04,True,
"Cereals ready-to-eat, RALSTON CRISP RICE",,,GRAINS,383.0,6.69,86.22,1.26,,USDA_FDC_SR_LEGACY,8025,2018-04,True,
"Cereals ready-to-eat, RALSTON Corn Biscuits",,,GRAINS,376.0,5.83,85.79,1.05,,USDA_FDC_SR_LEGACY,8505,2018-04,True,
"Cereals ready-to-eat, RALSTON Corn Flakes",,,GRAINS,384.0,5.9,88.01,0.91,,USDA_FDC_SR_LEGACY,8506,2018-04,True,
"Cereals ready-to-eat, RALSTON Crispy Hexagons",,,GRAINS,379.0,5.94,86.78,0.95,,USDA_FDC_SR_LEGACY,8507,2018-04,True,
"Cereals ready-to-eat, RALSTON Enriched Wheat Bran flakes",,,GRAINS,390.0,10.21,79.77,3.36,,USDA_FDC_SR_LEGACY,8504,2018-04,True,
"Cereals ready-to-eat, RALSTON TASTEEOS",,,GRAINS,395.0,10.71,75.96,5.36,,USDA_FDC_SR_LEGACY,8074,2018-04,True,
"Cereals ready-to-eat, SUN COUNTRY, KRETSCHMER Honey Crunch Wheat Germ",,,GRAINS,372.0,26.55,58.11,7.78,,USDA_FDC_SR_LEGACY,8085,2018-04,True,
"Cereals ready-to-eat, SUN COUNTRY, KRETSCHMER Toasted Wheat Bran",,,GRAINS,200.0,17.56,59.51,5.16,,USDA_FDC_SR_LEGACY,8363,2018-04,True,
"Cereals ready-to-eat, SUN COUNTRY, KRETSCHMER Wheat Germ, Regular",,,GRAINS,366.0,31.43,49.38,9.56,,USDA_FDC_SR_LEGACY,8366,2018-04,True,
"Cereals ready-to-eat, UNCLE SAM CEREAL",,,GRAINS,346.0,15.98,65.78,11.6,,USDA_FDC_SR_LEGACY,8435,2018-04,True,
"Cereals ready-to-eat, WEETABIX whole grain cereal",,,GRAINS,371.0,11.43,81.5,2.86,,USDA_FDC_SR_LEGACY,42237,2018-04,True,
"Cereals ready-to-eat, chocolate-flavored frosted puffed corn",,,GRAINS,405.0,3.34,87.2,3.5,,USDA_FDC_SR_LEGACY,8204,2018-04,True,
"Cereals ready-to-eat, frosted oat cereal with marshmallows",,,GRAINS,400.0,7.1,84.7,3.33,,USDA_FDC_SR_LEGACY,42236,2018-04,True,
"Cereals ready-to-eat, granola, homemade",,,GRAINS,489.0,13.67,53.88,24.31,,USDA_FDC_SR_LEGACY,8037,2018-04,True,
"Cereals ready-to-eat, rice, puffed, fortified",,,GRAINS,402.0,6.3,89.8,0.5,,USDA_FDC_SR_LEGACY,8156,2018-04,True,
"Cereals ready-to-eat, wheat and bran, presweetened with nuts and fruits",,,GRAINS,385.0,7.1,76.2,5.6,,USDA_FDC_SR_LEGACY,43245,2018-04,True,
"Cereals ready-to-eat, wheat germ, toasted, plain",,,GRAINS,382.0,29.1,49.6,10.7,,USDA_FDC_SR_LEGACY,8084,2018-04,True,
"Cereals ready-to-eat, wheat, puffed, fortified",,,GRAINS,364.0,14.7,79.6,1.2,,USDA_FDC_SR_LEGACY,8157,2018-04,True,
"Cereals, CREAM OF RICE, cooked with water, with salt",,,GRAINS,52.0,0.9,11.5,0.1,,USDA_FDC_SR_LEGACY,8168,2018-04,True,
"Cereals, CREAM OF RICE, dry",,,GRAINS,370.0,6.3,82.4,0.5,,USDA_FDC_SR_LEGACY,8100,2018-04,True,
"Cereals, CREAM OF WHEAT, 1 minute cook time, cooked with water, microwaved, without salt",,,GRAINS,55.0,1.95,10.67,0.37,,USDA_FDC_SR_LEGACY,8578,2018-04,True,
"Cereals, CREAM OF WHEAT, 1 minute cook time, cooked with water, stove-top, without salt",,,GRAINS,56.0,1.65,11.16,0.42,,USDA_FDC_SR_LEGACY,8577,2018-04,True,
"Cereals, CREAM OF WHEAT, 1 minute cook time, dry",,,GRAINS,359.0,11.77,72.63,1.47,,USDA_FDC_SR_LEGACY,8576,2018-04,True,
"Cereals, CREAM OF WHEAT, 2 1/2 minute cook time, cooked with water, microwaved, without salt",,,GRAINS,52.0,1.88,10.1,0.37,,USDA_FDC_SR_LEGACY,8575,2018-04,True,
"Cereals, CREAM OF WHEAT, 2 1/2 minute cook time, cooked with water, stove-top, without salt",,,GRAINS,56.0,1.44,11.74,0.2,,USDA_FDC_SR_LEGACY,8574,2018-04,True,
"Cereals, CREAM OF WHEAT, 2 1/2 minute cook time, dry",,,GRAINS,355.0,11.61,71.79,1.41,,USDA_FDC_SR_LEGACY,8573,2018-04,True,
"Cereals, CREAM OF WHEAT, instant, dry",,,GRAINS,366.0,10.6,75.5,1.4,,USDA_FDC_SR_LEGACY,8106,2018-04,True,
"Cereals, CREAM OF WHEAT, instant, prepared with water, without salt",,,GRAINS,62.0,1.84,13.08,0.24,,USDA_FDC_SR_LEGACY,8107,2018-04,True,
"Cereals, CREAM OF WHEAT, regular (10 minute), cooked with water, with salt",,,GRAINS,50.0,1.46,10.66,0.21,,USDA_FDC_SR_LEGACY,8169,2018-04,True,
"Cereals, CREAM OF WHEAT, regular (10 minute), cooked with water, without salt",,,GRAINS,50.0,1.44,10.52,0.21,,USDA_FDC_SR_LEGACY,8103,2018-04,True,
"Cereals, CREAM OF WHEAT, regular, 10 minute cooking, dry",,,GRAINS,370.0,10.5,76.5,1.5,,USDA_FDC_SR_LEGACY,8102,2018-04,True,
"Cereals, MALT-O-MEAL, Farina Hot Wheat Cereal, dry",,,GRAINS,365.0,10.48,77.2,0.49,,USDA_FDC_SR_LEGACY,8488,2018-04,True,
"Cereals, MALT-O-MEAL, Maple & Brown Sugar Hot Wheat Cereal, dry",,,GRAINS,368.0,8.82,80.52,0.47,,USDA_FDC_SR_LEGACY,8489,2018-04,True,
"Cereals, MALT-O-MEAL, chocolate, dry",,,GRAINS,363.0,10.6,79.55,0.82,,USDA_FDC_SR_LEGACY,8177,2018-04,True,
"Cereals, MALT-O-MEAL, chocolate, prepared with water, without salt",,,GRAINS,47.0,1.37,9.22,0.1,,USDA_FDC_SR_LEGACY,8512,2018-04,True,
"Cereals, MALT-O-MEAL, original, plain, dry",,,GRAINS,365.0,11.8,77.25,0.7,,USDA_FDC_SR_LEGACY,8116,2018-04,True,
"Cereals, MALT-O-MEAL, original, plain, prepared with water, without salt",,,GRAINS,48.0,1.67,10.09,0.09,,USDA_FDC_SR_LEGACY,8511,2018-04,True,
"Cereals, Oat Bran, QUAKER, QUAKER/MOTHER'S Oat Bran, prepared with water, salt",,,GRAINS,43.0,2.03,7.49,0.95,,USDA_FDC_SR_LEGACY,8240,2018-04,True,
"Cereals, QUAKER, Instant Grits Product with American Cheese Flavor, dry",,,GRAINS,360.0,8.8,74.18,4.67,,USDA_FDC_SR_LEGACY,8449,2018-04,True,
"Cereals, QUAKER, Instant Grits, Butter flavor, dry",,,GRAINS,369.0,8.12,74.83,5.64,,USDA_FDC_SR_LEGACY,8221,2018-04,True,
"Cereals, QUAKER, Instant Grits, Country Bacon flavor, dry",,,GRAINS,340.0,9.93,75.39,1.73,,USDA_FDC_SR_LEGACY,8096,2018-04,True,
"Cereals, QUAKER, Instant Grits, Ham 'n' Cheese flavor, dry",,,GRAINS,355.0,10.73,71.08,4.68,,USDA_FDC_SR_LEGACY,8450,2018-04,True,
"Cereals, QUAKER, Instant Grits, Redeye Gravy & Country Ham flavor, dry",,,GRAINS,342.0,9.83,75.86,1.58,,USDA_FDC_SR_LEGACY,8444,2018-04,True,
"Cereals, QUAKER, Instant Oatmeal Organic, Regular",,,GRAINS,367.0,16.0,67.0,6.3,,USDA_FDC_SR_LEGACY,8640,2018-04,True,
"Cereals, QUAKER, Instant Oatmeal, Apple and Cinnamon, reduced sugar",,,GRAINS,358.0,10.29,72.17,5.64,,USDA_FDC_SR_LEGACY,8642,2018-04,True,
"Cereals, QUAKER, Instant Oatmeal, Banana Bread, dry",,,GRAINS,368.0,8.97,75.7,4.85,,USDA_FDC_SR_LEGACY,8417,2018-04,True,
"Cereals, QUAKER, Instant Oatmeal, Cinnamon Spice, reduced sugar",,,GRAINS,358.0,11.26,69.45,6.11,,USDA_FDC_SR_LEGACY,8639,2018-04,True,
"Cereals, QUAKER, Instant Oatmeal, Cinnamon Swirl, high fiber",,,GRAINS,366.0,8.79,75.67,4.8,,USDA_FDC_SR_LEGACY,8688,2018-04,True,
"Cereals, QUAKER, Instant Oatmeal, Cinnamon-Spice, dry",,,GRAINS,369.0,10.39,74.52,5.1,,USDA_FDC_SR_LEGACY,8410,2018-04,True,
"Cereals, QUAKER, Instant Oatmeal, DINOSAUR EGGS, Brown Sugar, dry",,,GRAINS,384.0,8.69,73.68,7.59,,USDA_FDC_SR_LEGACY,8411,2018-04,True,
"Cereals, QUAKER, Instant Oatmeal, Raisin and Spice, dry",,,GRAINS,360.0,9.11,75.68,4.0,,USDA_FDC_SR_LEGACY,8436,2018-04,True,
"Cereals, QUAKER, Instant Oatmeal, apples and cinnamon, dry",,,GRAINS,366.0,8.62,76.74,4.61,,USDA_FDC_SR_LEGACY,8124,2018-04,True,
"Cereals, QUAKER, Instant Oatmeal, fruit and cream variety, dry",,,GRAINS,379.0,8.3,75.42,6.37,,USDA_FDC_SR_LEGACY,8225,2018-04,True,
"Cereals, QUAKER, Instant Oatmeal, fruit and cream, variety of flavors, reduced sugar",,,GRAINS,376.0,10.16,71.57,7.46,,USDA_FDC_SR_LEGACY,8641,2018-04,True,
"Cereals, QUAKER, Instant Oatmeal, maple and brown sugar, dry",,,GRAINS,368.0,9.2,76.91,4.63,,USDA_FDC_SR_LEGACY,8130,2018-04,True,
"Cereals, QUAKER, Instant Oatmeal, raisins, dates and walnuts, dry",,,GRAINS,371.0,8.82,72.41,6.98,,USDA_FDC_SR_LEGACY,8228,2018-04,True,
"Cereals, QUAKER, Instant Oatmeal, weight control, cinnamon",,,GRAINS,361.0,16.5,64.21,6.28,,USDA_FDC_SR_LEGACY,8694,2018-04,True,
"Cereals, QUAKER, Oat Bran, QUAKER/MOTHER'S Oat Bran, dry",,,GRAINS,364.0,17.03,62.94,7.97,,USDA_FDC_SR_LEGACY,8231,2018-04,True,
"Cereals, QUAKER, Oat Bran, QUAKER/MOTHER'S Oat Bran, prepared with water, no salt",,,GRAINS,43.0,2.03,7.49,0.95,,USDA_FDC_SR_LEGACY,8236,2018-04,True,
"Cereals, QUAKER, QUAKER MultiGrain Oatmeal, dry",,,GRAINS,334.0,12.64,72.62,2.73,,USDA_FDC_SR_LEGACY,8200,2018-04,True,
"Cereals, QUAKER, QUAKER MultiGrain Oatmeal, prepared with water, no salt",,,GRAINS,61.0,2.08,13.49,0.47,,USDA_FDC_SR_LEGACY,8249,2018-04,True,
"Cereals, QUAKER, QUAKER MultiGrain Oatmeal, prepared with water, salt",,,GRAINS,61.0,2.07,13.47,0.47,,USDA_FDC_SR_LEGACY,8252,2018-04,True,
"Cereals, QUAKER, Quick Oats with Iron, Dry",,,GRAINS,371.0,13.7,68.18,6.87,,USDA_FDC_SR_LEGACY,8451,2018-04,True,
"Cereals, QUAKER, Quick Oats, Dry",,,GRAINS,371.0,13.7,68.18,6.87,,USDA_FDC_SR_LEGACY,8402,2018-04,True,
"Cereals, QUAKER, Weight Control Instant Oatmeal, banana bread",,,GRAINS,361.0,16.5,64.42,6.16,,USDA_FDC_SR_LEGACY,8687,2018-04,True,
"Cereals, QUAKER, Weight Control Instant Oatmeal, maple and brown sugar",,,GRAINS,361.0,16.37,64.25,6.2,,USDA_FDC_SR_LEGACY,8686,2018-04,True,
"Cereals, QUAKER, Whole Wheat Natural Cereal, dry",,,GRAINS,333.0,11.8,74.8,2.0,,USDA_FDC_SR_LEGACY,8452,2018-04,True,
"Cereals, QUAKER, corn grits, instant, cheddar cheese flavor, dry",,,GRAINS,363.0,8.98,72.96,5.46,,USDA_FDC_SR_LEGACY,8094,2018-04,True,
"Cereals, QUAKER, corn grits, instant, plain, dry",,,GRAINS,343.0,7.31,78.42,2.14,,USDA_FDC_SR_LEGACY,8092,2018-04,True,
"Cereals, QUAKER, corn grits, instant, plain, prepared (microwaved or boiling water added), without salt",,,GRAINS,74.0,1.58,15.95,0.49,,USDA_FDC_SR_LEGACY,8093,2018-04,True,
"Cereals, QUAKER, hominy grits, white, quick, dry",,,GRAINS,348.0,8.8,79.6,1.2,,USDA_FDC_SR_LEGACY,8314,2018-04,True,
"Cereals, QUAKER, hominy grits, white, regular, dry",,,GRAINS,361.0,8.8,79.2,1.6,,USDA_FDC_SR_LEGACY,8316,2018-04,True,
"Cereals, QUAKER, oatmeal, REAL MEDLEYS, apple walnut, dry",,,GRAINS,390.0,8.18,70.53,10.36,,USDA_FDC_SR_LEGACY,8690,2018-04,True,
"Cereals, QUAKER, oatmeal, REAL MEDLEYS, blueberry hazelnut, dry",,,GRAINS,386.0,9.81,69.47,9.8,,USDA_FDC_SR_LEGACY,8689,2018-04,True,
"Cereals, QUAKER, oatmeal, REAL MEDLEYS, cherry pistachio, dry",,,GRAINS,394.0,12.02,66.73,11.02,,USDA_FDC_SR_LEGACY,8693,2018-04,True,
"Cereals, QUAKER, oatmeal, REAL MEDLEYS, peach almond, dry",,,GRAINS,387.0,10.1,68.61,9.84,,USDA_FDC_SR_LEGACY,8692,2018-04,True,
"Cereals, QUAKER, oatmeal, REAL MEDLEYS, summer berry, dry",,,GRAINS,353.0,11.31,72.58,4.4,,USDA_FDC_SR_LEGACY,8691,2018-04,True,
"Cereals, WHEATENA, cooked with water",,,GRAINS,56.0,2.0,11.8,0.5,,USDA_FDC_SR_LEGACY,8143,2018-04,True,
"Cereals, WHEATENA, cooked with water, with salt",,,GRAINS,59.0,2.03,11.74,0.45,,USDA_FDC_SR_LEGACY,8182,2018-04,True,
"Cereals, WHEATENA, dry",,,GRAINS,357.0,13.1,75.6,2.9,,USDA_FDC_SR_LEGACY,8142,2018-04,True,
"Cereals, corn grits, white, regular and quick, enriched, cooked with water, with salt",,,GRAINS,71.0,1.71,14.76,0.46,,USDA_FDC_SR_LEGACY,8161,2018-04,True,
"Cereals, corn grits, white, regular and quick, enriched, cooked with water, without salt",,,GRAINS,71.0,1.71,14.76,0.46,,USDA_FDC_SR_LEGACY,8091,2018-04,True,
"Cereals, corn grits, white, regular and quick, enriched, dry",,,GRAINS,370.0,7.65,79.09,1.75,,USDA_FDC_SR_LEGACY,8090,2018-04,True,
"Cereals, corn grits, yellow, regular and quick, enriched, cooked with water, without salt",,,GRAINS,65.0,1.23,13.86,0.39,,USDA_FDC_SR_LEGACY,8164,2018-04,True,
"Cereals, corn grits, yellow, regular and quick, unenriched, dry",,,GRAINS,371.0,8.8,79.6,1.2,,USDA_FDC_SR_LEGACY,8160,2018-04,True,
"Cereals, corn grits, yellow, regular, quick, enriched, cooked with water, with salt",,,GRAINS,65.0,1.23,13.86,0.39,,USDA_FDC_SR_LEGACY,8165,2018-04,True,
"Cereals, farina, enriched, assorted brands including CREAM OF WHEAT, quick (1-3 minutes), cooked with water, without salt",,,GRAINS,55.0,1.82,10.92,0.34,,USDA_FDC_SR_LEGACY,8105,2018-04,True,
"Cereals, farina, enriched, assorted brands including CREAM OF WHEAT, quick (1-3 minutes), dry",,,GRAINS,360.0,11.6,73.19,1.41,,USDA_FDC_SR_LEGACY,8104,2018-04,True,
"Cereals, farina, enriched, cooked with water, with salt",,,GRAINS,53.0,1.82,10.92,0.34,,USDA_FDC_SR_LEGACY,8173,2018-04,True,
"Cereals, farina, unenriched, dry",,,GRAINS,369.0,10.6,78.0,0.5,,USDA_FDC_SR_LEGACY,8172,2018-04,True,
"Cereals, oats, instant, fortified, maple and brown sugar, dry",,,GRAINS,386.0,9.25,76.67,4.73,,USDA_FDC_SR_LEGACY,8680,2018-04,True,
"Cereals, oats, instant, fortified, plain, dry",,,GRAINS,362.0,11.92,69.52,6.9,,USDA_FDC_SR_LEGACY,8122,2018-04,True,
"Cereals, oats, instant, fortified, plain, prepared with water (boiling water added or microwaved)",,,GRAINS,68.0,2.37,11.67,1.36,,USDA_FDC_SR_LEGACY,8123,2018-04,True,
"Cereals, oats, instant, fortified, with cinnamon and spice, dry",,,GRAINS,369.0,9.53,76.08,4.84,,USDA_FDC_SR_LEGACY,8128,2018-04,True,
"Cereals, oats, instant, fortified, with cinnamon and spice, prepared with water",,,GRAINS,96.0,2.37,18.95,1.21,,USDA_FDC_SR_LEGACY,8129,2018-04,True,
"Cereals, oats, instant, fortified, with raisins and spice, prepared with water",,,GRAINS,88.0,1.98,17.91,0.95,,USDA_FDC_SR_LEGACY,8133,2018-04,True,
"Cereals, oats, regular and quick and instant, unenriched, cooked with water (includes boiling and microwaving), with salt",,,GRAINS,71.0,2.54,12.0,1.52,,USDA_FDC_SR_LEGACY,8180,2018-04,True,
"Cereals, oats, regular and quick, not fortified, dry",,,GRAINS,379.0,13.15,67.7,6.52,,USDA_FDC_SR_LEGACY,8120,2018-04,True,
"Cereals, oats, regular and quick, unenriched, cooked with water (includes boiling and microwaving), without salt",,,GRAINS,71.0,2.54,12.0,1.52,,USDA_FDC_SR_LEGACY,8121,2018-04,True,
"Cereals, ready-to-eat, MALT-O-MEAL, Blueberry Mini SPOONERS",,,GRAINS,350.0,8.81,79.4,1.92,,USDA_FDC_SR_LEGACY,8673,2018-04,True,
"Cereals, whole wheat hot natural cereal, cooked with water, with salt",,,GRAINS,62.0,2.0,13.7,0.4,,USDA_FDC_SR_LEGACY,8183,2018-04,True,
"Cereals, whole wheat hot natural cereal, cooked with water, without salt",,,GRAINS,62.0,2.0,13.7,0.4,,USDA_FDC_SR_LEGACY,8145,2018-04,True,
"Cereals, whole wheat hot natural cereal, dry",,,GRAINS,342.0,11.2,75.2,2.0,,USDA_FDC_SR_LEGACY,8144,2018-04,True,
"Chia seeds, dry, raw",,,GRAINS,490.1,17.01,38.27,32.89,,USDA_FDC_FOUNDATION,12006,2026-04-30,True,
"Corn bran, crude",,,GRAINS,224.0,8.36,85.64,0.92,,USDA_FDC_SR_LEGACY,20015,2018-04,True,
"Corn flour, masa harina, white or yellow, dry, raw",,,GRAINS,366.03,7.56,76.69,4.34,,USDA_FDC_FOUNDATION,100361,2026-04-30,True,
"Corn flour, masa, enriched, white",,,GRAINS,363.0,8.46,76.59,3.69,,USDA_FDC_SR_LEGACY,20017,2018-04,True,
"Corn flour, masa, unenriched, white",,,GRAINS,363.0,8.46,76.59,3.69,,USDA_FDC_SR_LEGACY,20019,2018-04,True,
"Corn flour, whole-grain, blue (harina de maiz morado)",,,GRAINS,364.0,8.75,73.89,5.09,,USDA_FDC_SR_LEGACY,20315,2018-04,True,
"Corn flour, whole-grain, white",,,GRAINS,361.0,6.93,76.85,3.86,,USDA_FDC_SR_LEGACY,20316,2018-04,True,
"Corn flour, whole-grain, yellow",,,GRAINS,361.0,6.93,76.85,3.86,,USDA_FDC_SR_LEGACY,20016,2018-04,True,
"Corn flour, yellow, degermed, unenriched",,,GRAINS,375.0,5.59,82.75,1.39,,USDA_FDC_SR_LEGACY,20018,2018-04,True,
"Corn flour, yellow, masa, enriched",,,GRAINS,363.0,8.46,76.59,3.69,,USDA_FDC_SR_LEGACY,20317,2018-04,True,
"Corn grain, white",,,GRAINS,365.0,9.42,74.26,4.74,,USDA_FDC_SR_LEGACY,20314,2018-04,True,
"Corn grain, yellow",,,GRAINS,365.0,9.42,74.26,4.74,,USDA_FDC_SR_LEGACY,20014,2018-04,True,
"Cornmeal, degermed, enriched, white",,,GRAINS,370.0,7.11,79.45,1.75,,USDA_FDC_SR_LEGACY,20322,2018-04,True,
"Cornmeal, degermed, enriched, yellow",,,GRAINS,370.0,7.11,79.45,1.75,,USDA_FDC_SR_LEGACY,20022,2018-04,True,
"Cornmeal, degermed, unenriched, white",,,GRAINS,370.0,7.11,79.45,1.75,,USDA_FDC_SR_LEGACY,20522,2018-04,True,
"Cornmeal, degermed, unenriched, yellow",,,GRAINS,370.0,7.11,79.45,1.75,,USDA_FDC_SR_LEGACY,20422,2018-04,True,
"Cornmeal, white, self-rising, bolted, plain, enriched",,,GRAINS,334.0,8.28,70.28,3.4,,USDA_FDC_SR_LEGACY,20323,2018-04,True,
"Cornmeal, white, self-rising, bolted, with wheat flour added, enriched",,,GRAINS,348.0,8.41,73.43,2.85,,USDA_FDC_SR_LEGACY,20324,2018-04,True,
"Cornmeal, white, self-rising, degermed, enriched",,,GRAINS,355.0,8.41,74.79,1.72,,USDA_FDC_SR_LEGACY,20325,2018-04,True,
"Cornmeal, whole-grain, white",,,GRAINS,362.0,8.12,76.89,3.59,,USDA_FDC_SR_LEGACY,20320,2018-04,True,
"Cornmeal, whole-grain, yellow",,,GRAINS,362.0,8.12,76.89,3.59,,USDA_FDC_SR_LEGACY,20020,2018-04,True,
"Cornmeal, yellow, self-rising, bolted, plain, enriched",,,GRAINS,334.0,8.28,70.28,3.4,,USDA_FDC_SR_LEGACY,20023,2018-04,True,
"Cornmeal, yellow, self-rising, bolted, with wheat flour added, enriched",,,GRAINS,348.0,8.41,73.43,2.85,,USDA_FDC_SR_LEGACY,20024,2018-04,True,
"Cornmeal, yellow, self-rising, degermed, enriched",,,GRAINS,355.0,8.41,74.79,1.72,,USDA_FDC_SR_LEGACY,20025,2018-04,True,
Cornstarch,,,GRAINS,381.0,0.26,91.27,0.05,,USDA_FDC_SR_LEGACY,20027,2018-04,True,
"Couscous, cooked",,,GRAINS,112.0,3.79,23.22,0.16,,USDA_FDC_SR_LEGACY,20029,2018-04,True,
"Couscous, dry",,,GRAINS,376.0,12.76,77.43,0.64,,USDA_FDC_SR_LEGACY,20028,2018-04,True,
"Einkorn, grain, dry, raw",,,GRAINS,345.68,15.12,68.65,3.81,,USDA_FDC_FOUNDATION,100351,2026-04-30,True,
"Farro, pearled, dry, raw",,,GRAINS,344.0,12.64,72.13,3.1,,USDA_FDC_FOUNDATION,100352,2026-04-30,True,
"Flour, 00",,,GRAINS,365.61,11.4,74.45,1.52,,USDA_FDC_FOUNDATION,100268,2026-04-30,True,
"Flour, amaranth",,,GRAINS,377.96,13.21,68.78,6.24,,USDA_FDC_FOUNDATION,100287,2026-04-30,True,
"Flour, barley",,,GRAINS,357.19,8.72,77.4,2.45,,USDA_FDC_FOUNDATION,20130,2026-04-30,True,
"Flour, bread, white, enriched, unbleached",,,GRAINS,372.0,14.3,72.8,1.65,,USDA_FDC_FOUNDATION,20083,2026-04-30,True,
"Flour, buckwheat",,,GRAINS,334.3,8.88,75.02,2.48,,USDA_FDC_FOUNDATION,20011,2026-04-30,True,
"Flour, corn, yellow, fine meal, enriched",,,GRAINS,372.0,6.2,80.8,1.74,,USDA_FDC_FOUNDATION,100251,2026-04-30,True,
"Flour, oat, whole grain",,,GRAINS,386.43,13.17,69.92,6.31,,USDA_FDC_FOUNDATION,100274,2026-04-30,True,
"Flour, pastry, unenriched, unbleached",,,GRAINS,367.0,8.75,77.2,1.64,,USDA_FDC_FOUNDATION,100256,2026-04-30,True,
"Flour, quinoa",,,GRAINS,378.39,11.92,69.52,6.6,,USDA_FDC_FOUNDATION,100288,2026-04-30,True,
"Flour, rice, brown",,,GRAINS,368.0,7.19,75.5,3.85,,USDA_FDC_FOUNDATION,20090,2026-04-30,True,
"Flour, rice, glutinous",,,GRAINS,368.0,6.69,80.1,1.16,,USDA_FDC_FOUNDATION,100257,2026-04-30,True,
"Flour, rice, white, unenriched",,,GRAINS,369.0,6.94,79.8,1.3,,USDA_FDC_FOUNDATION,20061,2026-04-30,True,
"Flour, rye",,,GRAINS,350.96,8.4,77.16,1.91,,USDA_FDC_FOUNDATION,100290,2026-04-30,True,
"Flour, semolina, coarse and semi-coarse",,,GRAINS,365.03,11.73,73.82,1.6,,USDA_FDC_FOUNDATION,100269,2026-04-30,True,
"Flour, semolina, fine",,,GRAINS,365.96,13.33,71.99,1.84,,USDA_FDC_FOUNDATION,100270,2026-04-30,True,
"Flour, sorghum",,,GRAINS,363.86,8.27,77.39,3.59,,USDA_FDC_FOUNDATION,100289,2026-04-30,True,
"Flour, spelt, whole grain",,,GRAINS,340.58,14.48,70.72,2.54,,USDA_FDC_FOUNDATION,20140,2026-04-30,True,
"Flour, wheat, all-purpose, enriched, bleached",,,GRAINS,375.0,10.9,77.3,1.48,,USDA_FDC_FOUNDATION,20081,2026-04-30,True,
"Flour, wheat, all-purpose, enriched, unbleached",,,GRAINS,367.0,13.1,73.2,1.48,,USDA_FDC_FOUNDATION,20581,2026-04-30,True,
"Flour, wheat, all-purpose, unenriched, unbleached",,,GRAINS,370.0,12.0,74.6,1.7,,USDA_FDC_FOUNDATION,20481,2026-04-30,True,
"Flour, whole wheat, unenriched",,,GRAINS,346.0,15.1,71.2,2.73,,USDA_FDC_FOUNDATION,20080,2026-04-30,True,
"Fonio, grain, dry, raw",,,GRAINS,376.89,7.17,81.31,1.69,,USDA_FDC_FOUNDATION,100353,2026-04-30,True,
"Hominy, canned, white",,,GRAINS,72.0,1.48,14.26,0.88,,USDA_FDC_SR_LEGACY,20030,2018-04,True,
"Hominy, canned, yellow",,,GRAINS,72.0,1.48,14.26,0.88,,USDA_FDC_SR_LEGACY,20330,2018-04,True,
"Incaparina, dry mix (corn and soy flours), unprepared",,,GRAINS,379.0,21.75,60.53,5.58,,USDA_FDC_SR_LEGACY,8580,2018-04,True,
"Khorasan, grain, dry, raw",,,GRAINS,347.79,14.76,71.79,2.8,,USDA_FDC_FOUNDATION,100356,2026-04-30,True,
"Macaroni, vegetable, enriched, cooked",,,GRAINS,128.0,4.53,26.61,0.11,,USDA_FDC_SR_LEGACY,20106,2018-04,True,
"Macaroni, vegetable, enriched, dry",,,GRAINS,367.0,13.14,74.88,1.04,,USDA_FDC_SR_LEGACY,20105,2018-04,True,
Millet flour,,,GRAINS,382.0,10.75,75.12,4.25,,USDA_FDC_SR_LEGACY,20647,2018-04,True,
"Millet, cooked",,,GRAINS,119.0,3.51,23.67,1.0,,USDA_FDC_SR_LEGACY,20032,2018-04,True,
"Millet, puffed",,,GRAINS,354.0,13.0,80.0,3.4,,USDA_FDC_SR_LEGACY,43483,2018-04,True,
"Millet, raw",,,GRAINS,378.0,11.02,72.85,4.22,,USDA_FDC_SR_LEGACY,20031,2018-04,True,
"Millet, whole grain",,,GRAINS,380.61,10.02,74.45,4.19,,USDA_FDC_FOUNDATION,20031,2026-04-30,True,
"Noodles, chinese, chow mein",,,GRAINS,471.0,10.88,63.64,21.24,,USDA_FDC_SR_LEGACY,20113,2018-04,True,
"Noodles, egg, cooked, enriched, with added salt",,,GRAINS,138.0,4.54,25.16,2.07,,USDA_FDC_SR_LEGACY,20310,2018-04,True,
"Noodles, egg, cooked, unenriched, with added salt",,,GRAINS,138.0,4.54,25.16,2.07,,USDA_FDC_SR_LEGACY,20510,2018-04,True,
"Noodles, egg, dry, enriched",,,GRAINS,384.0,14.16,71.27,4.44,,USDA_FDC_SR_LEGACY,20109,2018-04,True,
"Noodles, egg, dry, unenriched",,,GRAINS,384.0,14.16,71.27,4.44,,USDA_FDC_SR_LEGACY,20409,2018-04,True,
"Noodles, egg, enriched, cooked",,,GRAINS,138.0,4.54,25.16,2.07,,USDA_FDC_SR_LEGACY,20110,2018-04,True,
"Noodles, egg, spinach, enriched, cooked",,,GRAINS,132.0,5.04,24.25,1.57,,USDA_FDC_SR_LEGACY,20112,2018-04,True,
"Noodles, egg, spinach, enriched, dry",,,GRAINS,382.0,14.61,70.32,4.55,,USDA_FDC_SR_LEGACY,20111,2018-04,True,
"Noodles, egg, unenriched, cooked, without added salt",,,GRAINS,138.0,4.54,25.16,2.07,,USDA_FDC_SR_LEGACY,20410,2018-04,True,
"Noodles, flat, crunchy, Chinese restaurant",,,GRAINS,521.0,10.33,51.9,31.72,,USDA_FDC_SR_LEGACY,20118,2018-04,True,
"Noodles, japanese, soba, cooked",,,GRAINS,99.0,5.06,21.44,0.1,,USDA_FDC_SR_LEGACY,20115,2018-04,True,
"Noodles, japanese, soba, dry",,,GRAINS,336.0,14.38,74.62,0.71,,USDA_FDC_SR_LEGACY,20114,2018-04,True,
"Noodles, japanese, somen, cooked",,,GRAINS,131.0,4.0,27.54,0.18,,USDA_FDC_SR_LEGACY,20117,2018-04,True,
"Noodles, japanese, somen, dry",,,GRAINS,356.0,11.35,74.1,0.81,,USDA_FDC_SR_LEGACY,20116,2018-04,True,
"Oat bran, cooked",,,GRAINS,40.0,3.21,11.44,0.86,,USDA_FDC_SR_LEGACY,20034,2018-04,True,
"Oat bran, raw",,,GRAINS,246.0,17.3,66.22,7.03,,USDA_FDC_SR_LEGACY,20033,2018-04,True,
"Oat flour, partially debranned",,,GRAINS,404.0,14.66,65.7,9.12,,USDA_FDC_SR_LEGACY,20132,2018-04,True,
Oats (Includes foods for USDA's Food Distribution Program),,,GRAINS,389.0,16.89,66.27,6.9,,USDA_FDC_SR_LEGACY,20038,2018-04,True,
"Oats, whole grain, rolled, old fashioned",,,GRAINS,378.87,13.5,68.66,5.89,,USDA_FDC_FOUNDATION,20038,2026-04-30,True,
"Oats, whole grain, steel cut",,,GRAINS,379.21,12.51,69.75,5.8,,USDA_FDC_FOUNDATION,100282,2026-04-30,True,
"Pasta, cooked, enriched, with added salt",,,GRAINS,157.0,5.8,30.59,0.93,,USDA_FDC_SR_LEGACY,20321,2018-04,True,
"Pasta, cooked, enriched, without added salt",,,GRAINS,158.0,5.8,30.86,0.93,,USDA_FDC_SR_LEGACY,20121,2018-04,True,
"Pasta, cooked, unenriched, with added salt",,,GRAINS,157.0,5.8,30.59,0.93,,USDA_FDC_SR_LEGACY,20521,2018-04,True,
"Pasta, cooked, unenriched, without added salt",,,GRAINS,158.0,5.8,30.86,0.93,,USDA_FDC_SR_LEGACY,20421,2018-04,True,
"Pasta, dry, enriched",,,GRAINS,371.0,13.04,74.67,1.51,,USDA_FDC_SR_LEGACY,20120,2018-04,True,
"Pasta, dry, unenriched",,,GRAINS,371.0,13.04,74.67,1.51,,USDA_FDC_SR_LEGACY,20420,2018-04,True,
"Pasta, fresh-refrigerated, plain, as purchased",,,GRAINS,288.0,11.31,54.73,2.3,,USDA_FDC_SR_LEGACY,20093,2018-04,True,
"Pasta, fresh-refrigerated, plain, cooked",,,GRAINS,131.0,5.15,24.93,1.05,,USDA_FDC_SR_LEGACY,20094,2018-04,True,
"Pasta, fresh-refrigerated, spinach, as purchased",,,GRAINS,289.0,11.26,55.72,2.1,,USDA_FDC_SR_LEGACY,20095,2018-04,True,
"Pasta, fresh-refrigerated, spinach, cooked",,,GRAINS,130.0,5.06,25.04,0.94,,USDA_FDC_SR_LEGACY,20096,2018-04,True,
"Pasta, gluten-free, brown rice flour, cooked, TINKYADA",,,GRAINS,138.0,3.46,32.2,1.67,,USDA_FDC_SR_LEGACY,20654,2018-04,True,
"Pasta, gluten-free, corn and rice flour, cooked",,,GRAINS,179.0,3.2,38.05,1.0,,USDA_FDC_SR_LEGACY,20657,2018-04,True,
"Pasta, gluten-free, corn flour and quinoa flour, cooked, ANCIENT HARVEST",,,GRAINS,152.0,3.23,31.11,2.07,,USDA_FDC_SR_LEGACY,20655,2018-04,True,
"Pasta, gluten-free, corn, cooked",,,GRAINS,126.0,2.63,27.91,0.73,,USDA_FDC_SR_LEGACY,20092,2018-04,True,
"Pasta, gluten-free, corn, dry",,,GRAINS,357.0,7.46,79.26,2.08,,USDA_FDC_SR_LEGACY,20091,2018-04,True,
"Pasta, gluten-free, rice flour and rice bran extract, cooked, DE BOLES",,,GRAINS,200.0,4.21,40.75,1.7,,USDA_FDC_SR_LEGACY,20656,2018-04,True,
"Pasta, homemade, made with egg, cooked",,,GRAINS,130.0,5.28,23.54,1.74,,USDA_FDC_SR_LEGACY,20097,2018-04,True,
"Pasta, homemade, made without egg, cooked",,,GRAINS,124.0,4.37,25.12,0.98,,USDA_FDC_SR_LEGACY,20098,2018-04,True,
"Pasta, whole grain, 51% whole wheat, remaining enriched semolina, cooked (Includes foods for USDA's Food Distribution Program)",,,GRAINS,156.0,5.67,30.87,1.48,,USDA_FDC_SR_LEGACY,20652,2018-04,True,
"Pasta, whole grain, 51% whole wheat, remaining enriched semolina, dry (Includes foods for USDA's Food Distribution Program)",,,GRAINS,361.0,13.2,73.3,2.55,,USDA_FDC_SR_LEGACY,20653,2018-04,True,
"Pasta, whole grain, 51% whole wheat, remaining unenriched semolina, cooked",,,GRAINS,159.0,5.82,31.51,1.5,,USDA_FDC_SR_LEGACY,20136,2018-04,True,
"Pasta, whole grain, 51% whole wheat, remaining unenriched semolina, dry",,,GRAINS,362.0,13.51,73.1,2.68,,USDA_FDC_SR_LEGACY,20135,2018-04,True,
"Pasta, whole-wheat, cooked (Includes foods for USDA's Food Distribution Program)",,,GRAINS,149.0,5.99,30.07,1.71,,USDA_FDC_SR_LEGACY,20125,2018-04,True,
"Pasta, whole-wheat, dry (Includes foods for USDA's Food Distribution Program)",,,GRAINS,352.0,13.87,73.37,2.93,,USDA_FDC_SR_LEGACY,20124,2018-04,True,
"Quinoa, cooked",,,GRAINS,120.0,4.4,21.3,1.92,,USDA_FDC_SR_LEGACY,20137,2018-04,True,
"Quinoa, uncooked",,,GRAINS,368.0,14.12,64.16,6.07,,USDA_FDC_SR_LEGACY,20035,2018-04,True,
"Rice bran, crude",,,GRAINS,316.0,13.35,49.69,20.85,,USDA_FDC_SR_LEGACY,20060,2018-04,True,
"Rice flour, brown",,,GRAINS,363.0,7.23,76.48,2.78,,USDA_FDC_SR_LEGACY,20090,2018-04,True,
"Rice flour, white, unenriched",,,GRAINS,366.0,5.95,80.13,1.42,,USDA_FDC_SR_LEGACY,20061,2018-04,True,
"Rice noodles, cooked",,,GRAINS,108.0,1.79,24.01,0.2,,USDA_FDC_SR_LEGACY,20134,2018-04,True,
"Rice noodles, dry",,,GRAINS,364.0,5.95,80.18,0.56,,USDA_FDC_SR_LEGACY,20133,2018-04,True,
"Rice, black, unenriched, raw",,,GRAINS,360.54,7.57,77.19,3.44,,USDA_FDC_FOUNDATION,100349,2026-04-30,True,
"Rice, brown, long grain, unenriched, raw",,,GRAINS,368.36,7.25,76.69,3.31,,USDA_FDC_FOUNDATION,20036,2026-04-30,True,
"Rice, brown, long-grain, cooked (Includes foods for USDA's Food Distribution Program)",,,GRAINS,123.0,2.74,25.58,0.97,,USDA_FDC_SR_LEGACY,20037,2018-04,True,
"Rice, brown, long-grain, raw (Includes foods for USDA's Food Distribution Program)",,,GRAINS,367.0,7.54,76.25,3.2,,USDA_FDC_SR_LEGACY,20036,2018-04,True,
"Rice, brown, medium-grain, cooked (Includes foods for USDA's Food Distribution Program)",,,GRAINS,112.0,2.32,23.51,0.83,,USDA_FDC_SR_LEGACY,20041,2018-04,True,
"Rice, brown, medium-grain, raw (Includes foods for USDA's Food Distribution Program)",,,GRAINS,362.0,7.5,76.17,2.68,,USDA_FDC_SR_LEGACY,20040,2018-04,True,
"Rice, brown, parboiled, cooked, UNCLE BENS",,,GRAINS,147.0,3.09,31.33,0.85,,USDA_FDC_SR_LEGACY,20651,2018-04,True,
"Rice, brown, parboiled, dry, UNCLE BEN'S",,,GRAINS,370.0,7.6,78.68,2.75,,USDA_FDC_SR_LEGACY,20042,2018-04,True,
"Rice, red, unenriched, dry, raw",,,GRAINS,360.0,8.56,76.15,3.44,,USDA_FDC_FOUNDATION,100364,2026-04-30,True,
"Rice, white, glutinous, unenriched, cooked",,,GRAINS,97.0,2.02,21.09,0.19,,USDA_FDC_SR_LEGACY,20055,2018-04,True,
"Rice, white, glutinous, unenriched, uncooked",,,GRAINS,370.0,6.81,81.68,0.55,,USDA_FDC_SR_LEGACY,20054,2018-04,True,
"Rice, white, long grain, unenriched, raw",,,GRAINS,369.64,7.04,80.31,1.03,,USDA_FDC_FOUNDATION,20444,2026-04-30,True,
"Rice, white, long-grain, parboiled, enriched, cooked",,,GRAINS,123.0,2.91,26.05,0.37,,USDA_FDC_SR_LEGACY,20047,2018-04,True,
"Rice, white, long-grain, parboiled, enriched, dry",,,GRAINS,374.0,7.51,80.89,1.03,,USDA_FDC_SR_LEGACY,20046,2018-04,True,
"Rice, white, long-grain, parboiled, unenriched, cooked",,,GRAINS,123.0,2.91,26.05,0.37,,USDA_FDC_SR_LEGACY,20447,2018-04,True,
"Rice, white, long-grain, parboiled, unenriched, dry",,,GRAINS,374.0,7.51,80.89,1.03,,USDA_FDC_SR_LEGACY,20446,2018-04,True,
"Rice, white, long-grain, precooked or instant, enriched, dry",,,GRAINS,380.0,7.82,82.32,0.94,,USDA_FDC_SR_LEGACY,20048,2018-04,True,
"Rice, white, long-grain, precooked or instant, enriched, prepared",,,GRAINS,124.0,2.18,26.76,0.5,,USDA_FDC_SR_LEGACY,20049,2018-04,True,
"Rice, white, long-grain, regular, cooked, enriched, with salt",,,GRAINS,130.0,2.69,28.17,0.28,,USDA_FDC_SR_LEGACY,20345,2018-04,True,
"Rice, white, long-grain, regular, cooked, unenriched, with salt",,,GRAINS,130.0,2.69,28.17,0.28,,USDA_FDC_SR_LEGACY,20545,2018-04,True,
"Rice, white, long-grain, regular, enriched, cooked",,,GRAINS,130.0,2.69,28.17,0.28,,USDA_FDC_SR_LEGACY,20045,2018-04,True,
"Rice, white, long-grain, regular, raw, enriched",,,GRAINS,365.0,7.13,79.95,0.66,,USDA_FDC_SR_LEGACY,20044,2018-04,True,
"Rice, white, long-grain, regular, raw, unenriched",,,GRAINS,365.0,7.13,79.95,0.66,,USDA_FDC_SR_LEGACY,20444,2018-04,True,
"Rice, white, long-grain, regular, unenriched, cooked without salt",,,GRAINS,130.0,2.69,28.17,0.28,,USDA_FDC_SR_LEGACY,20445,2018-04,True,
"Rice, white, medium-grain, cooked, unenriched",,,GRAINS,130.0,2.38,28.59,0.21,,USDA_FDC_SR_LEGACY,20451,2018-04,True,
"Rice, white, medium-grain, enriched, cooked",,,GRAINS,130.0,2.38,28.59,0.21,,USDA_FDC_SR_LEGACY,20051,2018-04,True,
"Rice, white, medium-grain, raw, enriched",,,GRAINS,360.0,6.61,79.34,0.58,,USDA_FDC_SR_LEGACY,20050,2018-04,True,
"Rice, white, medium-grain, raw, unenriched",,,GRAINS,360.0,6.61,79.34,0.58,,USDA_FDC_SR_LEGACY,20450,2018-04,True,
"Rice, white, short-grain, cooked, unenriched",,,GRAINS,130.0,2.36,28.73,0.19,,USDA_FDC_SR_LEGACY,20453,2018-04,True,
"Rice, white, short-grain, enriched, cooked",,,GRAINS,130.0,2.36,28.73,0.19,,USDA_FDC_SR_LEGACY,20053,2018-04,True,
"Rice, white, short-grain, enriched, uncooked",,,GRAINS,358.0,6.5,79.15,0.52,,USDA_FDC_SR_LEGACY,20052,2018-04,True,
"Rice, white, short-grain, raw, unenriched",,,GRAINS,358.0,6.5,79.15,0.52,,USDA_FDC_SR_LEGACY,20452,2018-04,True,
"Rice, white, steamed, Chinese restaurant",,,GRAINS,151.0,3.2,33.88,0.27,,USDA_FDC_SR_LEGACY,20058,2018-04,True,
"Rye flour, dark",,,GRAINS,325.0,15.91,68.63,2.22,,USDA_FDC_SR_LEGACY,20063,2018-04,True,
"Rye flour, light",,,GRAINS,357.0,9.82,76.68,1.33,,USDA_FDC_SR_LEGACY,20065,2018-04,True,
"Rye flour, medium",,,GRAINS,349.0,10.88,75.43,1.52,,USDA_FDC_SR_LEGACY,20064,2018-04,True,
Rye grain,,,GRAINS,338.0,10.34,75.86,1.63,,USDA_FDC_SR_LEGACY,20062,2018-04,True,
"Semolina, enriched",,,GRAINS,360.0,12.68,72.83,1.05,,USDA_FDC_SR_LEGACY,20066,2018-04,True,
"Semolina, unenriched",,,GRAINS,360.0,12.68,72.83,1.05,,USDA_FDC_SR_LEGACY,20466,2018-04,True,
"Sorghum bran, white, unenriched, dry, raw",,,GRAINS,364.5,11.17,68.7,9.26,,USDA_FDC_FOUNDATION,100365,2026-04-30,True,
"Sorghum flour, refined, unenriched",,,GRAINS,357.0,9.53,76.85,1.24,,USDA_FDC_SR_LEGACY,20650,2018-04,True,
"Sorghum flour, white, pearled, unenriched, dry, raw",,,GRAINS,349.56,10.21,73.51,3.24,,USDA_FDC_FOUNDATION,100366,2026-04-30,True,
"Sorghum flour, whole-grain",,,GRAINS,359.0,8.43,76.64,3.34,,USDA_FDC_SR_LEGACY,20648,2018-04,True,
Sorghum grain,,,GRAINS,329.0,10.62,72.09,3.46,,USDA_FDC_SR_LEGACY,20067,2018-04,True,
"Sorghum grain, white, pearled, unenriched, dry, raw",,,GRAINS,338.39,10.25,74.87,3.26,,USDA_FDC_FOUNDATION,100367,2026-04-30,True,
"Sorghum, whole grain, white, dry, raw",,,GRAINS,340.99,10.08,73.57,4.22,,USDA_FDC_FOUNDATION,100368,2026-04-30,True,
"Spaghetti, protein-fortified, cooked, enriched (n x 6.25)",,,GRAINS,164.0,8.86,30.88,0.21,,USDA_FDC_SR_LEGACY,20523,2018-04,True,
"Spaghetti, protein-fortified, dry, enriched (n x 6.25)",,,GRAINS,374.0,21.78,65.65,2.23,,USDA_FDC_SR_LEGACY,20622,2018-04,True,
"Spaghetti, spinach, cooked",,,GRAINS,130.0,4.58,26.15,0.63,,USDA_FDC_SR_LEGACY,20127,2018-04,True,
"Spaghetti, spinach, dry",,,GRAINS,372.0,13.35,74.81,1.57,,USDA_FDC_SR_LEGACY,20126,2018-04,True,
"Spelt, cooked",,,GRAINS,127.0,5.5,26.44,0.85,,USDA_FDC_SR_LEGACY,20141,2018-04,True,
"Spelt, uncooked",,,GRAINS,338.0,14.57,70.19,2.43,,USDA_FDC_SR_LEGACY,20140,2018-04,True,
"Tapioca, pearl, dry",,,GRAINS,358.0,0.19,88.69,0.02,,USDA_FDC_SR_LEGACY,20068,2018-04,True,
"Teff, cooked",,,GRAINS,101.0,3.87,19.86,0.65,,USDA_FDC_SR_LEGACY,20143,2018-04,True,
"Teff, uncooked",,,GRAINS,367.0,13.3,73.13,2.38,,USDA_FDC_SR_LEGACY,20142,2018-04,True,
Triticale,,,GRAINS,336.0,13.05,72.13,2.09,,USDA_FDC_SR_LEGACY,20069,2018-04,True,
"Triticale flour, whole-grain",,,GRAINS,338.0,13.18,73.14,1.81,,USDA_FDC_SR_LEGACY,20070,2018-04,True,
Vital wheat gluten,,,GRAINS,370.0,75.16,13.79,1.85,,USDA_FDC_SR_LEGACY,48052,2018-04,True,
"Wheat bran, crude",,,GRAINS,216.0,15.55,64.51,4.25,,USDA_FDC_SR_LEGACY,20077,2018-04,True,
"Wheat flour, white (industrial), 10% protein, bleached, enriched",,,GRAINS,366.0,9.71,76.22,1.48,,USDA_FDC_SR_LEGACY,20628,2018-04,True,
"Wheat flour, white (industrial), 10% protein, bleached, unenriched",,,GRAINS,366.0,9.71,76.22,1.48,,USDA_FDC_SR_LEGACY,20629,2018-04,True,
"Wheat flour, white (industrial), 10% protein, unbleached, enriched",,,GRAINS,366.0,9.71,76.22,1.48,,USDA_FDC_SR_LEGACY,20630,2018-04,True,
"Wheat flour, white (industrial), 11.5% protein, bleached, enriched",,,GRAINS,363.0,11.5,73.81,1.45,,USDA_FDC_SR_LEGACY,20634,2018-04,True,
"Wheat flour, white (industrial), 11.5% protein, bleached, unenriched",,,GRAINS,363.0,11.5,73.81,1.45,,USDA_FDC_SR_LEGACY,20635,2018-04,True,
"Wheat flour, white (industrial), 11.5% protein, unbleached, enriched",,,GRAINS,363.0,11.5,73.81,1.45,,USDA_FDC_SR_LEGACY,20636,2018-04,True,
"Wheat flour, white (industrial), 13% protein, bleached, enriched",,,GRAINS,362.0,13.07,72.2,1.38,,USDA_FDC_SR_LEGACY,20640,2018-04,True,
"Wheat flour, white (industrial), 13% protein, bleached, unenriched",,,GRAINS,362.0,13.07,72.2,1.38,,USDA_FDC_SR_LEGACY,20641,2018-04,True,
"Wheat flour, white (industrial), 15% protein, bleached, enriched",,,GRAINS,362.0,15.33,69.88,1.41,,USDA_FDC_SR_LEGACY,20645,2018-04,True,
"Wheat flour, white (industrial), 15% protein, bleached, unenriched",,,GRAINS,362.0,15.33,69.88,1.41,,USDA_FDC_SR_LEGACY,20646,2018-04,True,
"Wheat flour, white (industrial), 9% protein, bleached, enriched",,,GRAINS,367.0,8.89,77.32,1.43,,USDA_FDC_SR_LEGACY,20623,2018-04,True,
"Wheat flour, white (industrial), 9% protein, bleached, unenriched",,,GRAINS,367.0,8.89,77.32,1.43,,USDA_FDC_SR_LEGACY,20624,2018-04,True,
"Wheat flour, white, all-purpose, enriched, bleached",,,GRAINS,364.0,10.33,76.31,0.98,,USDA_FDC_SR_LEGACY,20081,2018-04,True,
"Wheat flour, white, all-purpose, enriched, calcium-fortified",,,GRAINS,364.0,10.33,76.31,0.98,,USDA_FDC_SR_LEGACY,20381,2018-04,True,
"Wheat flour, white, all-purpose, enriched, unbleached",,,GRAINS,364.0,10.33,76.31,0.98,,USDA_FDC_SR_LEGACY,20581,2018-04,True,
"Wheat flour, white, all-purpose, self-rising, enriched",,,GRAINS,354.0,9.89,74.22,0.97,,USDA_FDC_SR_LEGACY,20082,2018-04,True,
"Wheat flour, white, all-purpose, unenriched",,,GRAINS,364.0,10.33,76.31,0.98,,USDA_FDC_SR_LEGACY,20481,2018-04,True,
"Wheat flour, white, bread, enriched",,,GRAINS,361.0,11.98,72.53,1.66,,USDA_FDC_SR_LEGACY,20083,2018-04,True,
"Wheat flour, white, cake, enriched",,,GRAINS,362.0,8.2,78.03,0.86,,USDA_FDC_SR_LEGACY,20084,2018-04,True,
"Wheat flour, white, tortilla mix, enriched",,,GRAINS,405.0,9.66,67.14,10.63,,USDA_FDC_SR_LEGACY,20086,2018-04,True,
"Wheat flour, whole-grain (Includes foods for USDA's Food Distribution Program)",,,GRAINS,340.0,13.21,71.97,2.5,,USDA_FDC_SR_LEGACY,20080,2018-04,True,
"Wheat flour, whole-grain, soft wheat",,,GRAINS,332.0,9.61,74.48,1.95,,USDA_FDC_SR_LEGACY,20649,2018-04,True,
"Wheat flours, bread, unenriched",,,GRAINS,361.0,11.98,72.53,1.66,,USDA_FDC_SR_LEGACY,20129,2018-04,True,
"Wheat germ, crude",,,GRAINS,360.0,23.15,51.8,9.72,,USDA_FDC_SR_LEGACY,20078,2018-04,True,
"Wheat, KAMUT khorasan, cooked",,,GRAINS,132.0,5.71,27.6,0.83,,USDA_FDC_SR_LEGACY,20139,2018-04,True,
"Wheat, KAMUT khorasan, uncooked",,,GRAINS,337.0,14.54,70.58,2.13,,USDA_FDC_SR_LEGACY,20138,2018-04,True,
"Wheat, durum",,,GRAINS,339.0,13.68,71.13,2.47,,USDA_FDC_SR_LEGACY,20076,2018-04,True,
"Wheat, hard red spring",,,GRAINS,329.0,15.4,68.03,1.92,,USDA_FDC_SR_LEGACY,20071,2018-04,True,
"Wheat, hard red winter",,,GRAINS,327.0,12.61,71.18,1.54,,USDA_FDC_SR_LEGACY,20072,2018-04,True,
"Wheat, hard white",,,GRAINS,342.0,11.31,75.9,1.71,,USDA_FDC_SR_LEGACY,20074,2018-04,True,
"Wheat, soft red winter",,,GRAINS,331.0,10.35,74.24,1.56,,USDA_FDC_SR_LEGACY,20073,2018-04,True,
"Wheat, soft white",,,GRAINS,340.0,10.69,75.36,1.99,,USDA_FDC_SR_LEGACY,20075,2018-04,True,
"Wheat, sprouted",,,GRAINS,198.0,7.49,42.53,1.27,,USDA_FDC_SR_LEGACY,20087,2018-04,True,
"Wild rice, cooked",,,GRAINS,101.0,3.99,21.34,0.34,,USDA_FDC_SR_LEGACY,20089,2018-04,True,
"Wild rice, dry, raw",,,GRAINS,358.55,12.79,75.67,1.7,,USDA_FDC_FOUNDATION,20088,2026-04-30,True,
"Wild rice, raw",,,GRAINS,357.0,14.73,74.9,1.08,,USDA_FDC_SR_LEGACY,20088,2018-04,True,
"Bacon bits, meatless",,,LEGUMES,476.0,32.0,28.6,25.9,,USDA_FDC_SR_LEGACY,43212,2018-04,True,
"Bacon, meatless",,,LEGUMES,309.0,11.69,5.31,29.52,,USDA_FDC_SR_LEGACY,16104,2018-04,True,
"Beans, adzuki, mature seed, cooked, boiled, with salt",,,LEGUMES,128.0,7.52,24.77,0.1,,USDA_FDC_SR_LEGACY,16302,2018-04,True,
"Beans, adzuki, mature seeds, canned, sweetened",,,LEGUMES,237.0,3.8,55.01,0.03,,USDA_FDC_SR_LEGACY,16003,2018-04,True,
"Beans, adzuki, mature seeds, cooked, boiled, without salt",,,LEGUMES,128.0,7.52,24.77,0.1,,USDA_FDC_SR_LEGACY,16002,2018-04,True,
"Beans, adzuki, mature seeds, raw",,,LEGUMES,329.0,19.87,62.9,0.53,,USDA_FDC_SR_LEGACY,16001,2018-04,True,
"Beans, baked, canned, no salt added",,,LEGUMES,105.0,4.8,20.49,0.4,,USDA_FDC_SR_LEGACY,43449,2018-04,True,
"Beans, baked, canned, plain or vegetarian",,,LEGUMES,94.0,4.75,21.14,0.37,,USDA_FDC_SR_LEGACY,16006,2018-04,True,
"Beans, baked, canned, with beef",,,LEGUMES,121.0,6.38,16.91,3.45,,USDA_FDC_SR_LEGACY,16007,2018-04,True,
"Beans, baked, canned, with franks",,,LEGUMES,142.0,6.75,15.39,6.57,,USDA_FDC_SR_LEGACY,16008,2018-04,True,
"Beans, baked, canned, with pork",,,LEGUMES,106.0,5.19,19.99,1.55,,USDA_FDC_SR_LEGACY,16009,2018-04,True,
"Beans, baked, canned, with pork and sweet sauce",,,LEGUMES,105.0,4.52,21.57,0.89,,USDA_FDC_SR_LEGACY,16010,2018-04,True,
"Beans, baked, canned, with pork and tomato sauce",,,LEGUMES,94.0,5.15,18.69,0.93,,USDA_FDC_SR_LEGACY,16011,2018-04,True,
"Beans, baked, home prepared",,,LEGUMES,155.0,5.54,21.63,5.15,,USDA_FDC_SR_LEGACY,16005,2018-04,True,
"Beans, black turtle, mature seeds, canned",,,LEGUMES,91.0,6.03,16.55,0.29,,USDA_FDC_SR_LEGACY,16018,2018-04,True,
"Beans, black turtle, mature seeds, cooked, boiled, with salt",,,LEGUMES,130.0,8.18,24.35,0.35,,USDA_FDC_SR_LEGACY,16317,2018-04,True,
"Beans, black turtle, mature seeds, cooked, boiled, without salt",,,LEGUMES,130.0,8.18,24.35,0.35,,USDA_FDC_SR_LEGACY,16017,2018-04,True,
"Beans, black turtle, mature seeds, raw",,,LEGUMES,339.0,21.25,63.25,0.9,,USDA_FDC_SR_LEGACY,16016,2018-04,True,
"Beans, black, canned, sodium added, drained and rinsed",,,LEGUMES,115.28,6.91,19.81,1.27,,USDA_FDC_FOUNDATION,100314,2026-04-30,True,
"Beans, black, mature seeds, canned, low sodium",,,LEGUMES,91.0,6.03,16.55,0.29,,USDA_FDC_SR_LEGACY,16316,2018-04,True,
"Beans, black, mature seeds, cooked, boiled, with salt",,,LEGUMES,132.0,8.86,23.71,0.54,,USDA_FDC_SR_LEGACY,16315,2018-04,True,
"Beans, black, mature seeds, cooked, boiled, without salt",,,LEGUMES,132.0,8.86,23.71,0.54,,USDA_FDC_SR_LEGACY,16015,2018-04,True,
"Beans, black, mature seeds, raw",,,LEGUMES,341.0,21.6,62.36,1.42,,USDA_FDC_SR_LEGACY,16014,2018-04,True,
"Beans, cannellini, canned, sodium added, drained and rinsed",,,LEGUMES,112.1,7.41,18.82,1.17,,USDA_FDC_FOUNDATION,100316,2026-04-30,True,
"Beans, cannellini, dry",,,LEGUMES,336.6,21.56,59.8,2.2,,USDA_FDC_FOUNDATION,100310,2026-04-30,True,
"Beans, chili, barbecue, ranch style, cooked",,,LEGUMES,97.0,5.0,16.9,1.0,,USDA_FDC_SR_LEGACY,43112,2018-04,True,
"Beans, cranberry (roman), mature seeds, canned",,,LEGUMES,83.0,5.54,15.12,0.28,,USDA_FDC_SR_LEGACY,16021,2018-04,True,
"Beans, cranberry (roman), mature seeds, cooked, boiled, with salt",,,LEGUMES,136.0,9.34,24.46,0.46,,USDA_FDC_SR_LEGACY,16320,2018-04,True,
"Beans, cranberry (roman), mature seeds, cooked, boiled, without salt",,,LEGUMES,136.0,9.34,24.46,0.46,,USDA_FDC_SR_LEGACY,16020,2018-04,True,
"Beans, cranberry (roman), mature seeds, raw",,,LEGUMES,335.0,23.03,60.05,1.23,,USDA_FDC_SR_LEGACY,16019,2018-04,True,
"Beans, french, mature seeds, cooked, boiled, with salt",,,LEGUMES,129.0,7.05,24.02,0.76,,USDA_FDC_SR_LEGACY,16323,2018-04,True,
"Beans, french, mature seeds, cooked, boiled, without salt",,,LEGUMES,129.0,7.05,24.02,0.76,,USDA_FDC_SR_LEGACY,16023,2018-04,True,
"Beans, french, mature seeds, raw",,,LEGUMES,343.0,18.81,64.11,2.02,,USDA_FDC_SR_LEGACY,16022,2018-04,True,
"Beans, great northern, canned, sodium added, drained and rinsed",,,LEGUMES,113.66,7.03,19.33,1.27,,USDA_FDC_FOUNDATION,100323,2026-04-30,True,
"Beans, great northern, mature seeds, canned",,,LEGUMES,114.0,7.37,21.02,0.39,,USDA_FDC_SR_LEGACY,16026,2018-04,True,
"Beans, great northern, mature seeds, canned, low sodium",,,LEGUMES,114.0,7.37,21.02,0.39,,USDA_FDC_SR_LEGACY,16326,2018-04,True,
"Beans, great northern, mature seeds, cooked, boiled, with salt",,,LEGUMES,118.0,8.33,21.09,0.45,,USDA_FDC_SR_LEGACY,16325,2018-04,True,
"Beans, great northern, mature seeds, cooked, boiled, without salt",,,LEGUMES,118.0,8.33,21.09,0.45,,USDA_FDC_SR_LEGACY,16025,2018-04,True,
"Beans, great northern, mature seeds, raw (Includes foods for USDA's Food Distribution Program)",,,LEGUMES,339.0,21.86,62.37,1.14,,USDA_FDC_SR_LEGACY,16024,2018-04,True,
"Beans, kidney, all types, mature seeds, canned",,,LEGUMES,84.0,5.22,14.5,0.6,,USDA_FDC_SR_LEGACY,16029,2018-04,True,
"Beans, kidney, all types, mature seeds, cooked, boiled, with salt",,,LEGUMES,127.0,8.67,22.8,0.5,,USDA_FDC_SR_LEGACY,16328,2018-04,True,
"Beans, kidney, all types, mature seeds, cooked, boiled, without salt",,,LEGUMES,127.0,8.67,22.8,0.5,,USDA_FDC_SR_LEGACY,16028,2018-04,True,
"Beans, kidney, all types, mature seeds, raw",,,LEGUMES,333.0,23.58,60.01,0.83,,USDA_FDC_SR_LEGACY,16027,2018-04,True,
"Beans, kidney, california red, mature seeds, cooked, boiled, with salt",,,LEGUMES,124.0,9.13,22.41,0.09,,USDA_FDC_SR_LEGACY,16331,2018-04,True,
"Beans, kidney, california red, mature seeds, cooked, boiled, without salt",,,LEGUMES,124.0,9.13,22.41,0.09,,USDA_FDC_SR_LEGACY,16031,2018-04,True,
"Beans, kidney, california red, mature seeds, raw",,,LEGUMES,330.0,24.37,59.8,0.25,,USDA_FDC_SR_LEGACY,16030,2018-04,True,
"Beans, kidney, dark red, canned, sodium added, sugar added, drained and rinsed",,,LEGUMES,123.17,7.8,21.03,1.26,,USDA_FDC_FOUNDATION,100318,2026-04-30,True,
"Beans, kidney, light red, canned, sodium added, sugar added, drained and rinsed",,,LEGUMES,123.51,7.31,21.45,1.3,,USDA_FDC_FOUNDATION,100319,2026-04-30,True,
"Beans, kidney, red, mature seeds, canned, drained solids",,,LEGUMES,124.0,7.98,21.49,1.05,,USDA_FDC_SR_LEGACY,16145,2018-04,True,
"Beans, kidney, red, mature seeds, canned, drained solids, rinsed in tap water",,,LEGUMES,121.0,8.12,20.8,0.93,,USDA_FDC_SR_LEGACY,16335,2018-04,True,
"Beans, kidney, red, mature seeds, canned, solids and liquid, low sodium",,,LEGUMES,81.0,5.22,14.83,0.36,,USDA_FDC_SR_LEGACY,16337,2018-04,True,
"Beans, kidney, red, mature seeds, canned, solids and liquids",,,LEGUMES,81.0,5.22,14.83,0.36,,USDA_FDC_SR_LEGACY,16034,2018-04,True,
"Beans, kidney, red, mature seeds, cooked, boiled, with salt",,,LEGUMES,127.0,8.67,22.8,0.5,,USDA_FDC_SR_LEGACY,16333,2018-04,True,
"Beans, kidney, red, mature seeds, cooked, boiled, without salt",,,LEGUMES,127.0,8.67,22.8,0.5,,USDA_FDC_SR_LEGACY,16033,2018-04,True,
"Beans, kidney, red, mature seeds, raw",,,LEGUMES,337.0,22.53,61.29,1.06,,USDA_FDC_SR_LEGACY,16032,2018-04,True,
"Beans, kidney, royal red, mature seeds, cooked, boiled with salt",,,LEGUMES,123.0,9.49,21.85,0.17,,USDA_FDC_SR_LEGACY,16336,2018-04,True,
"Beans, kidney, royal red, mature seeds, cooked, boiled, without salt",,,LEGUMES,123.0,9.49,21.85,0.17,,USDA_FDC_SR_LEGACY,16036,2018-04,True,
"Beans, kidney, royal red, mature seeds, raw",,,LEGUMES,329.0,25.33,58.33,0.45,,USDA_FDC_SR_LEGACY,16035,2018-04,True,
"Beans, liquid from stewed kidney beans",,,LEGUMES,47.0,1.8,2.8,3.2,,USDA_FDC_SR_LEGACY,43125,2018-04,True,
"Beans, navy, canned, sodium added, drained and rinsed",,,LEGUMES,115.83,6.57,19.98,1.4,,USDA_FDC_FOUNDATION,100315,2026-04-30,True,
"Beans, navy, mature seeds, canned",,,LEGUMES,113.0,7.53,20.45,0.43,,USDA_FDC_SR_LEGACY,16039,2018-04,True,
"Beans, navy, mature seeds, cooked, boiled, with salt",,,LEGUMES,140.0,8.23,26.05,0.62,,USDA_FDC_SR_LEGACY,16338,2018-04,True,
"Beans, navy, mature seeds, cooked, boiled, without salt",,,LEGUMES,140.0,8.23,26.05,0.62,,USDA_FDC_SR_LEGACY,16038,2018-04,True,
"Beans, navy, mature seeds, raw",,,LEGUMES,337.0,22.33,60.75,1.5,,USDA_FDC_SR_LEGACY,16037,2018-04,True,
"Beans, pink, mature seeds, cooked, boiled, with salt",,,LEGUMES,149.0,9.06,27.91,0.49,,USDA_FDC_SR_LEGACY,16341,2018-04,True,
"Beans, pink, mature seeds, cooked, boiled, without salt",,,LEGUMES,149.0,9.06,27.91,0.49,,USDA_FDC_SR_LEGACY,16041,2018-04,True,
"Beans, pink, mature seeds, raw",,,LEGUMES,343.0,20.96,64.19,1.13,,USDA_FDC_SR_LEGACY,16040,2018-04,True,
"Beans, pinto, canned, drained solids",,,LEGUMES,114.0,6.99,20.22,0.9,,USDA_FDC_SR_LEGACY,16146,2018-04,True,
"Beans, pinto, canned, sodium added, drained and rinsed",,,LEGUMES,113.6,6.69,19.6,1.27,,USDA_FDC_FOUNDATION,100321,2026-04-30,True,
"Beans, pinto, mature seeds, canned, drained solids, rinsed in tap water",,,LEGUMES,117.0,7.04,20.77,0.97,,USDA_FDC_SR_LEGACY,16345,2018-04,True,
"Beans, pinto, mature seeds, canned, solids and liquids",,,LEGUMES,82.0,4.6,15.18,0.56,,USDA_FDC_SR_LEGACY,16044,2018-04,True,
"Beans, pinto, mature seeds, canned, solids and liquids, low sodium",,,LEGUMES,82.0,4.6,15.18,0.56,,USDA_FDC_SR_LEGACY,16347,2018-04,True,
"Beans, pinto, mature seeds, cooked, boiled, with salt",,,LEGUMES,143.0,9.01,26.22,0.65,,USDA_FDC_SR_LEGACY,16343,2018-04,True,
"Beans, pinto, mature seeds, cooked, boiled, without salt",,,LEGUMES,143.0,9.01,26.22,0.65,,USDA_FDC_SR_LEGACY,16043,2018-04,True,
"Beans, pinto, mature seeds, raw (Includes foods for USDA's Food Distribution Program)",,,LEGUMES,347.0,21.42,62.55,1.23,,USDA_FDC_SR_LEGACY,16042,2018-04,True,
"Beans, small white, mature seeds, cooked, boiled, with salt",,,LEGUMES,142.0,8.97,25.81,0.64,,USDA_FDC_SR_LEGACY,16346,2018-04,True,
"Beans, small white, mature seeds, cooked, boiled, without salt",,,LEGUMES,142.0,8.97,25.81,0.64,,USDA_FDC_SR_LEGACY,16046,2018-04,True,
"Beans, small white, mature seeds, raw",,,LEGUMES,336.0,21.11,62.25,1.18,,USDA_FDC_SR_LEGACY,16045,2018-04,True,
"Beans, white, mature seeds, canned",,,LEGUMES,114.0,7.26,21.2,0.29,,USDA_FDC_SR_LEGACY,16051,2018-04,True,
"Beans, white, mature seeds, cooked, boiled, with salt",,,LEGUMES,139.0,9.73,25.09,0.35,,USDA_FDC_SR_LEGACY,16350,2018-04,True,
"Beans, white, mature seeds, cooked, boiled, without salt",,,LEGUMES,139.0,9.73,25.09,0.35,,USDA_FDC_SR_LEGACY,16050,2018-04,True,
"Beans, white, mature seeds, raw",,,LEGUMES,333.0,23.36,60.27,0.85,,USDA_FDC_SR_LEGACY,16049,2018-04,True,
"Beans, yellow, mature seeds, cooked, boiled, with salt",,,LEGUMES,144.0,9.16,25.28,1.08,,USDA_FDC_SR_LEGACY,16348,2018-04,True,
"Beans, yellow, mature seeds, cooked, boiled, without salt",,,LEGUMES,144.0,9.16,25.28,1.08,,USDA_FDC_SR_LEGACY,16048,2018-04,True,
"Beans, yellow, mature seeds, raw",,,LEGUMES,345.0,22.0,60.7,2.6,,USDA_FDC_SR_LEGACY,16047,2018-04,True,
"Blackeye pea, canned, sodium added, drained and rinsed",,,LEGUMES,112.88,6.92,19.17,1.3,,USDA_FDC_FOUNDATION,100322,2026-04-30,True,
"Blackeye pea, dry",,,LEGUMES,345.57,21.22,61.84,2.42,,USDA_FDC_FOUNDATION,100313,2026-04-30,True,
"Broadbeans (fava beans), mature seeds, canned",,,LEGUMES,71.0,5.47,12.41,0.22,,USDA_FDC_SR_LEGACY,16054,2018-04,True,
"Broadbeans (fava beans), mature seeds, cooked, boiled, with salt",,,LEGUMES,110.0,7.6,19.65,0.4,,USDA_FDC_SR_LEGACY,16353,2018-04,True,
"Broadbeans (fava beans), mature seeds, cooked, boiled, without salt",,,LEGUMES,110.0,7.6,19.65,0.4,,USDA_FDC_SR_LEGACY,16053,2018-04,True,
"Broadbeans (fava beans), mature seeds, raw",,,LEGUMES,341.0,26.12,58.29,1.53,,USDA_FDC_SR_LEGACY,16052,2018-04,True,
Carob flour,,,LEGUMES,222.0,4.62,88.88,0.65,,USDA_FDC_SR_LEGACY,16055,2018-04,True,
"Chicken, meatless",,,LEGUMES,224.0,23.64,3.64,12.73,,USDA_FDC_SR_LEGACY,43128,2018-04,True,
"Chicken, meatless, breaded, fried",,,LEGUMES,234.0,21.28,8.51,12.77,,USDA_FDC_SR_LEGACY,43410,2018-04,True,
Chickpea flour (besan),,,LEGUMES,387.0,22.39,57.82,6.69,,USDA_FDC_SR_LEGACY,16157,2018-04,True,
"Chickpeas (garbanzo beans, bengal gram), canned, sodium added, drained and rinsed",,,LEGUMES,132.97,7.02,20.32,3.1,,USDA_FDC_FOUNDATION,100317,2026-04-30,True,
"Chickpeas (garbanzo beans, bengal gram), mature seeds, canned, drained solids",,,LEGUMES,139.0,7.05,22.53,2.77,,USDA_FDC_SR_LEGACY,16358,2018-04,True,
"Chickpeas (garbanzo beans, bengal gram), mature seeds, canned, drained, rinsed in tap water",,,LEGUMES,138.0,7.04,22.87,2.47,,USDA_FDC_SR_LEGACY,16359,2018-04,True,
"Chickpeas (garbanzo beans, bengal gram), mature seeds, canned, solids and liquids",,,LEGUMES,88.0,4.92,13.49,1.95,,USDA_FDC_SR_LEGACY,16058,2018-04,True,
"Chickpeas (garbanzo beans, bengal gram), mature seeds, canned, solids and liquids, low sodium",,,LEGUMES,88.0,4.92,13.49,1.95,,USDA_FDC_SR_LEGACY,16360,2018-04,True,
"Chickpeas (garbanzo beans, bengal gram), mature seeds, cooked, boiled, with salt",,,LEGUMES,164.0,8.86,27.42,2.59,,USDA_FDC_SR_LEGACY,16357,2018-04,True,
"Chickpeas (garbanzo beans, bengal gram), mature seeds, cooked, boiled, without salt",,,LEGUMES,164.0,8.86,27.42,2.59,,USDA_FDC_SR_LEGACY,16057,2018-04,True,
"Chickpeas (garbanzo beans, bengal gram), mature seeds, raw",,,LEGUMES,378.0,20.47,62.95,6.04,,USDA_FDC_SR_LEGACY,16056,2018-04,True,
"Chickpeas, (garbanzo beans, bengal gram), dry",,,LEGUMES,371.99,21.28,60.36,6.27,,USDA_FDC_FOUNDATION,100311,2026-04-30,True,
"Chili with beans, canned",,,LEGUMES,103.0,6.12,13.24,3.76,,USDA_FDC_SR_LEGACY,16059,2018-04,True,
"Cowpeas, catjang, mature seeds, cooked, boiled, with salt",,,LEGUMES,117.0,8.13,20.32,0.71,,USDA_FDC_SR_LEGACY,16361,2018-04,True,
"Cowpeas, catjang, mature seeds, cooked, boiled, without salt",,,LEGUMES,117.0,8.13,20.32,0.71,,USDA_FDC_SR_LEGACY,16061,2018-04,True,
"Cowpeas, catjang, mature seeds, raw",,,LEGUMES,343.0,23.85,59.64,2.07,,USDA_FDC_SR_LEGACY,16060,2018-04,True,
"Cowpeas, common (blackeyes, crowder, southern), mature seeds, canned with pork",,,LEGUMES,83.0,2.74,16.53,1.6,,USDA_FDC_SR_LEGACY,16065,2018-04,True,
"Cowpeas, common (blackeyes, crowder, southern), mature seeds, canned, plain",,,LEGUMES,77.0,4.74,13.63,0.55,,USDA_FDC_SR_LEGACY,16064,2018-04,True,
"Cowpeas, common (blackeyes, crowder, southern), mature seeds, cooked, boiled, with salt",,,LEGUMES,116.0,7.73,20.76,0.53,,USDA_FDC_SR_LEGACY,16363,2018-04,True,
"Cowpeas, common (blackeyes, crowder, southern), mature seeds, cooked, boiled, without salt",,,LEGUMES,116.0,7.73,20.76,0.53,,USDA_FDC_SR_LEGACY,16063,2018-04,True,
"Cowpeas, common (blackeyes, crowder, southern), mature seeds, raw",,,LEGUMES,336.0,23.52,60.03,1.26,,USDA_FDC_SR_LEGACY,16062,2018-04,True,
"Falafel, home-prepared",,,LEGUMES,333.0,13.31,31.84,17.8,,USDA_FDC_SR_LEGACY,16138,2018-04,True,
"Flour, soy, defatted",,,LEGUMES,339.0,51.1,32.9,3.33,,USDA_FDC_FOUNDATION,16117,2026-04-30,True,
"Flour, soy, full-fat",,,LEGUMES,421.0,38.6,27.9,20.7,,USDA_FDC_FOUNDATION,16115,2026-04-30,True,
"Frankfurter, meatless",,,LEGUMES,233.0,19.61,7.7,13.73,,USDA_FDC_SR_LEGACY,43130,2018-04,True,
"Frijoles rojos volteados (Refried beans, red, canned)",,,LEGUMES,144.0,5.0,15.47,6.93,,USDA_FDC_SR_LEGACY,16173,2018-04,True,
HOUSE FOODS Premium Firm Tofu,,,LEGUMES,85.0,10.92,0.97,4.19,,USDA_FDC_SR_LEGACY,16281,2018-04,True,
HOUSE FOODS Premium Soft Tofu,,,LEGUMES,59.0,6.38,2.19,2.71,,USDA_FDC_SR_LEGACY,16279,2018-04,True,
"Hummus, commercial",,,LEGUMES,229.0,7.35,14.9,17.1,,USDA_FDC_FOUNDATION,16158,2026-04-30,True,
"Hummus, home prepared",,,LEGUMES,177.0,4.86,20.12,8.59,,USDA_FDC_SR_LEGACY,16137,2018-04,True,
"Hyacinth beans, mature seeds, cooked, boiled, with salt",,,LEGUMES,117.0,8.14,20.7,0.58,,USDA_FDC_SR_LEGACY,16368,2018-04,True,
"Hyacinth beans, mature seeds, cooked, boiled, without salt",,,LEGUMES,117.0,8.14,20.69,0.58,,USDA_FDC_SR_LEGACY,16068,2018-04,True,
"Hyacinth beans, mature seeds, raw",,,LEGUMES,344.0,23.9,60.74,1.69,,USDA_FDC_SR_LEGACY,16067,2018-04,True,
"Lentils, dry",,,LEGUMES,350.93,23.57,62.17,1.92,,USDA_FDC_FOUNDATION,100312,2026-04-30,True,
"Lentils, mature seeds, cooked, boiled, with salt",,,LEGUMES,114.0,9.02,19.54,0.38,,USDA_FDC_SR_LEGACY,16370,2018-04,True,
"Lentils, mature seeds, cooked, boiled, without salt",,,LEGUMES,116.0,9.02,20.13,0.38,,USDA_FDC_SR_LEGACY,16070,2018-04,True,
"Lentils, pink or red, raw",,,LEGUMES,358.0,23.91,63.1,2.17,,USDA_FDC_SR_LEGACY,16144,2018-04,True,
"Lentils, raw",,,LEGUMES,352.0,24.63,63.35,1.06,,USDA_FDC_SR_LEGACY,16069,2018-04,True,
"Lima beans, large, mature seeds, canned",,,LEGUMES,79.0,4.93,14.91,0.17,,USDA_FDC_SR_LEGACY,16073,2018-04,True,
"Lima beans, large, mature seeds, cooked, boiled, with salt",,,LEGUMES,115.0,7.8,20.88,0.38,,USDA_FDC_SR_LEGACY,16372,2018-04,True,
"Lima beans, large, mature seeds, cooked, boiled, without salt",,,LEGUMES,115.0,7.8,20.88,0.38,,USDA_FDC_SR_LEGACY,16072,2018-04,True,
"Lima beans, large, mature seeds, raw",,,LEGUMES,338.0,21.46,63.38,0.69,,USDA_FDC_SR_LEGACY,16071,2018-04,True,
"Lima beans, thin seeded (baby), mature seeds, cooked, boiled, with salt",,,LEGUMES,126.0,8.04,23.31,0.38,,USDA_FDC_SR_LEGACY,16375,2018-04,True,
"Lima beans, thin seeded (baby), mature seeds, cooked, boiled, without salt",,,LEGUMES,126.0,8.04,23.31,0.38,,USDA_FDC_SR_LEGACY,16075,2018-04,True,
"Lima beans, thin seeded (baby), mature seeds, raw",,,LEGUMES,335.0,20.62,62.83,0.93,,USDA_FDC_SR_LEGACY,16074,2018-04,True,
"Luncheon slices, meatless",,,LEGUMES,189.0,17.78,4.44,11.11,,USDA_FDC_SR_LEGACY,43131,2018-04,True,
"Lupins, mature seeds, cooked, boiled, with salt",,,LEGUMES,116.0,15.57,9.29,2.92,,USDA_FDC_SR_LEGACY,16377,2018-04,True,
"Lupins, mature seeds, cooked, boiled, without salt",,,LEGUMES,119.0,15.57,9.88,2.92,,USDA_FDC_SR_LEGACY,16077,2018-04,True,
"Lupins, mature seeds, raw",,,LEGUMES,371.0,36.17,40.37,9.74,,USDA_FDC_SR_LEGACY,16076,2018-04,True,
"MORI-NU, Tofu, silken, extra firm",,,LEGUMES,55.0,7.4,2.0,1.9,,USDA_FDC_SR_LEGACY,16163,2018-04,True,
"MORI-NU, Tofu, silken, firm",,,LEGUMES,62.0,6.9,2.4,2.7,,USDA_FDC_SR_LEGACY,16162,2018-04,True,
"MORI-NU, Tofu, silken, lite extra firm",,,LEGUMES,38.0,7.0,1.0,0.7,,USDA_FDC_SR_LEGACY,16165,2018-04,True,
"MORI-NU, Tofu, silken, lite firm",,,LEGUMES,37.0,6.3,1.1,0.8,,USDA_FDC_SR_LEGACY,16164,2018-04,True,
"MORI-NU, Tofu, silken, soft",,,LEGUMES,55.0,4.8,2.9,2.7,,USDA_FDC_SR_LEGACY,16161,2018-04,True,
Meat extender,,,LEGUMES,311.0,41.71,34.71,2.97,,USDA_FDC_SR_LEGACY,16106,2018-04,True,
"Meatballs, meatless",,,LEGUMES,197.0,21.0,8.0,9.0,,USDA_FDC_SR_LEGACY,43132,2018-04,True,
Miso,,,LEGUMES,198.0,12.79,25.37,6.01,,USDA_FDC_SR_LEGACY,16112,2018-04,True,
"Mothbeans, mature seeds, cooked, boiled, with salt",,,LEGUMES,117.0,7.81,20.96,0.55,,USDA_FDC_SR_LEGACY,16379,2018-04,True,
"Mothbeans, mature seeds, cooked, boiled, without salt",,,LEGUMES,117.0,7.81,20.96,0.55,,USDA_FDC_SR_LEGACY,16079,2018-04,True,
"Mothbeans, mature seeds, raw",,,LEGUMES,343.0,22.94,61.52,1.61,,USDA_FDC_SR_LEGACY,16078,2018-04,True,
"Mung beans, mature seeds, cooked, boiled, with salt",,,LEGUMES,105.0,7.02,19.15,0.38,,USDA_FDC_SR_LEGACY,16381,2018-04,True,
"Mung beans, mature seeds, cooked, boiled, without salt",,,LEGUMES,105.0,7.02,19.15,0.38,,USDA_FDC_SR_LEGACY,16081,2018-04,True,
"Mung beans, mature seeds, raw",,,LEGUMES,347.0,23.86,62.62,1.15,,USDA_FDC_SR_LEGACY,16080,2018-04,True,
"Mungo beans, mature seeds, cooked, boiled, with salt",,,LEGUMES,105.0,7.54,18.34,0.55,,USDA_FDC_SR_LEGACY,16384,2018-04,True,
"Mungo beans, mature seeds, cooked, boiled, without salt",,,LEGUMES,105.0,7.54,18.34,0.55,,USDA_FDC_SR_LEGACY,16084,2018-04,True,
"Mungo beans, mature seeds, raw",,,LEGUMES,341.0,25.21,58.99,1.64,,USDA_FDC_SR_LEGACY,16083,2018-04,True,
Natto,,,LEGUMES,211.0,19.4,12.68,11.0,,USDA_FDC_SR_LEGACY,16113,2018-04,True,
"Noodles, chinese, cellophane or long rice (mung beans), dehydrated",,,LEGUMES,351.0,0.16,86.09,0.06,,USDA_FDC_SR_LEGACY,16082,2018-04,True,
Okara,,,LEGUMES,76.0,3.52,12.23,1.73,,USDA_FDC_SR_LEGACY,16130,2018-04,True,
Papad,,,LEGUMES,371.0,25.56,59.87,3.25,,USDA_FDC_SR_LEGACY,42200,2018-04,True,
"Peanut Butter, smooth (Includes foods for USDA's Food Distribution Program)",,,LEGUMES,588.0,21.93,23.98,49.54,,USDA_FDC_SR_LEGACY,16167,2018-04,True,
"Peanut butter with omega-3, creamy",,,LEGUMES,608.0,24.47,17.0,54.17,,USDA_FDC_SR_LEGACY,16399,2018-04,True,
"Peanut butter, chunk style, with salt",,,LEGUMES,589.0,24.06,21.57,49.94,,USDA_FDC_SR_LEGACY,16097,2018-04,True,
"Peanut butter, chunk style, without salt",,,LEGUMES,589.0,24.06,21.57,49.94,,USDA_FDC_SR_LEGACY,16397,2018-04,True,
"Peanut butter, chunky, vitamin and mineral fortified",,,LEGUMES,593.0,26.06,17.69,51.47,,USDA_FDC_SR_LEGACY,16156,2018-04,True,
"Peanut butter, creamy",,,LEGUMES,589.38,23.99,22.7,49.43,,USDA_FDC_FOUNDATION,16098,2026-04-30,True,
"Peanut butter, reduced sodium",,,LEGUMES,590.0,24.0,21.83,49.9,,USDA_FDC_SR_LEGACY,42291,2018-04,True,
"Peanut butter, smooth style, with salt",,,LEGUMES,597.0,22.5,22.3,51.1,,USDA_FDC_FOUNDATION,324860,2026-04-30,True,
"Peanut butter, smooth style, with salt (Includes foods for USDA's Food Distribution Program)",,,LEGUMES,598.0,22.21,22.31,51.36,,USDA_FDC_SR_LEGACY,16098,2018-04,True,
"Peanut butter, smooth style, without salt",,,LEGUMES,598.0,22.21,22.31,51.36,,USDA_FDC_SR_LEGACY,16398,2018-04,True,
"Peanut butter, smooth, reduced fat",,,LEGUMES,520.0,25.9,35.65,34.0,,USDA_FDC_SR_LEGACY,16150,2018-04,True,
"Peanut butter, smooth, vitamin and mineral fortified",,,LEGUMES,591.0,25.72,18.75,50.81,,USDA_FDC_SR_LEGACY,16155,2018-04,True,
"Peanut flour, defatted",,,LEGUMES,327.0,52.2,34.7,0.55,,USDA_FDC_SR_LEGACY,16099,2018-04,True,
"Peanut flour, low fat",,,LEGUMES,428.0,33.8,31.27,21.9,,USDA_FDC_SR_LEGACY,16100,2018-04,True,
"Peanut spread, reduced sugar",,,LEGUMES,650.0,24.8,14.23,54.89,,USDA_FDC_SR_LEGACY,16149,2018-04,True,
"Peanuts, all types, cooked, boiled, with salt",,,LEGUMES,318.0,13.5,21.26,22.01,,USDA_FDC_SR_LEGACY,16088,2018-04,True,
"Peanuts, all types, dry-roasted, with salt",,,LEGUMES,587.0,24.35,21.26,49.66,,USDA_FDC_SR_LEGACY,16090,2018-04,True,
"Peanuts, all types, dry-roasted, without salt",,,LEGUMES,587.0,24.35,21.26,49.66,,USDA_FDC_SR_LEGACY,16390,2018-04,True,
"Peanuts, all types, oil-roasted, with salt",,,LEGUMES,599.0,28.03,15.26,52.5,,USDA_FDC_SR_LEGACY,16089,2018-04,True,
"Peanuts, all types, oil-roasted, without salt",,,LEGUMES,599.0,28.03,15.26,52.5,,USDA_FDC_SR_LEGACY,16389,2018-04,True,
"Peanuts, all types, raw",,,LEGUMES,567.0,25.8,16.13,49.24,,USDA_FDC_SR_LEGACY,16087,2018-04,True,
"Peanuts, raw",,,LEGUMES,550.62,23.2,26.5,43.28,,USDA_FDC_FOUNDATION,16087,2026-04-30,True,
"Peanuts, spanish, oil-roasted, with salt",,,LEGUMES,579.0,28.01,17.45,49.04,,USDA_FDC_SR_LEGACY,16092,2018-04,True,
"Peanuts, spanish, oil-roasted, without salt",,,LEGUMES,579.0,28.01,17.45,49.04,,USDA_FDC_SR_LEGACY,16392,2018-04,True,
"Peanuts, spanish, raw",,,LEGUMES,570.0,26.15,15.83,49.6,,USDA_FDC_SR_LEGACY,16091,2018-04,True,
"Peanuts, valencia, oil-roasted, with salt",,,LEGUMES,589.0,27.04,16.3,51.24,,USDA_FDC_SR_LEGACY,16094,2018-04,True,
"Peanuts, valencia, oil-roasted, without salt",,,LEGUMES,589.0,27.04,16.3,51.24,,USDA_FDC_SR_LEGACY,16394,2018-04,True,
"Peanuts, valencia, raw",,,LEGUMES,570.0,25.09,20.91,47.58,,USDA_FDC_SR_LEGACY,16093,2018-04,True,
"Peanuts, virginia, oil-roasted, with salt",,,LEGUMES,578.0,25.87,19.86,48.62,,USDA_FDC_SR_LEGACY,16096,2018-04,True,
"Peanuts, virginia, oil-roasted, without salt",,,LEGUMES,578.0,25.87,19.86,48.62,,USDA_FDC_SR_LEGACY,16396,2018-04,True,
"Peanuts, virginia, raw",,,LEGUMES,563.0,25.19,16.54,48.75,,USDA_FDC_SR_LEGACY,16095,2018-04,True,
"Peas, green, split, mature seeds, raw",,,LEGUMES,364.0,23.12,61.63,3.89,,USDA_FDC_SR_LEGACY,16085,2018-04,True,
"Peas, split, mature seeds, cooked, boiled, with salt",,,LEGUMES,116.0,8.34,20.51,0.39,,USDA_FDC_SR_LEGACY,16386,2018-04,True,
"Peas, split, mature seeds, cooked, boiled, without salt",,,LEGUMES,118.0,8.34,21.1,0.39,,USDA_FDC_SR_LEGACY,16086,2018-04,True,
"Pigeon peas (red gram), mature seeds, cooked, boiled, with salt",,,LEGUMES,121.0,6.76,23.25,0.38,,USDA_FDC_SR_LEGACY,16402,2018-04,True,
"Pigeon peas (red gram), mature seeds, cooked, boiled, without salt",,,LEGUMES,121.0,6.76,23.25,0.38,,USDA_FDC_SR_LEGACY,16102,2018-04,True,
"Pigeon peas (red gram), mature seeds, raw",,,LEGUMES,343.0,21.7,62.78,1.49,,USDA_FDC_SR_LEGACY,16101,2018-04,True,
"Refried beans, canned, fat-free",,,LEGUMES,79.0,5.34,13.5,0.45,,USDA_FDC_SR_LEGACY,16172,2018-04,True,
"Refried beans, canned, traditional style",,,LEGUMES,90.0,4.98,13.55,2.01,,USDA_FDC_SR_LEGACY,16103,2018-04,True,
"Refried beans, canned, traditional, reduced sodium",,,LEGUMES,89.0,4.98,13.55,2.01,,USDA_FDC_SR_LEGACY,16403,2018-04,True,
"Refried beans, canned, vegetarian",,,LEGUMES,83.0,5.28,13.5,0.87,,USDA_FDC_SR_LEGACY,16171,2018-04,True,
SILK Banana-Strawberry soy yogurt,,,LEGUMES,88.0,2.35,17.06,1.18,,USDA_FDC_SR_LEGACY,16259,2018-04,True,
SILK Black Cherry soy yogurt,,,LEGUMES,88.0,2.35,17.06,1.18,,USDA_FDC_SR_LEGACY,16256,2018-04,True,
SILK Blueberry soy yogurt,,,LEGUMES,88.0,2.35,17.06,1.18,,USDA_FDC_SR_LEGACY,16257,2018-04,True,
"SILK Chai, soymilk",,,LEGUMES,53.0,2.47,7.82,1.44,,USDA_FDC_SR_LEGACY,16247,2018-04,True,
"SILK Chocolate, soymilk",,,LEGUMES,58.0,2.06,9.47,1.44,,USDA_FDC_SR_LEGACY,16237,2018-04,True,
"SILK Coffee, soymilk",,,LEGUMES,62.0,2.06,10.29,1.44,,USDA_FDC_SR_LEGACY,16249,2018-04,True,
SILK French Vanilla Creamer,,,LEGUMES,133.0,0.0,20.0,6.67,,USDA_FDC_SR_LEGACY,16261,2018-04,True,
SILK Hazelnut Creamer,,,LEGUMES,133.0,0.0,20.0,6.67,,USDA_FDC_SR_LEGACY,16262,2018-04,True,
SILK Key Lime soy yogurt,,,LEGUMES,88.0,2.35,17.65,1.18,,USDA_FDC_SR_LEGACY,16258,2018-04,True,
"SILK Light Chocolate, soymilk",,,LEGUMES,49.0,2.06,9.05,0.62,,USDA_FDC_SR_LEGACY,16240,2018-04,True,
"SILK Light Plain, soymilk",,,LEGUMES,29.0,2.47,3.29,0.82,,USDA_FDC_SR_LEGACY,16238,2018-04,True,
"SILK Light Vanilla, soymilk",,,LEGUMES,33.0,2.47,4.12,0.82,,USDA_FDC_SR_LEGACY,16239,2018-04,True,
"SILK Mocha, soymilk",,,LEGUMES,58.0,2.06,9.05,1.44,,USDA_FDC_SR_LEGACY,16248,2018-04,True,
"SILK Nog, soymilk",,,LEGUMES,74.0,2.46,12.3,1.64,,USDA_FDC_SR_LEGACY,16246,2018-04,True,
SILK Original Creamer,,,LEGUMES,100.0,0.0,6.67,6.67,,USDA_FDC_SR_LEGACY,16260,2018-04,True,
SILK Peach soy yogurt,,,LEGUMES,94.0,2.35,18.82,1.18,,USDA_FDC_SR_LEGACY,16255,2018-04,True,
SILK Plain soy yogurt,,,LEGUMES,66.0,2.64,9.69,1.76,,USDA_FDC_SR_LEGACY,16252,2018-04,True,
"SILK Plain, soymilk",,,LEGUMES,41.0,2.88,3.29,1.65,,USDA_FDC_SR_LEGACY,16235,2018-04,True,
"SILK Plus Fiber, soymilk",,,LEGUMES,41.0,2.47,5.76,1.44,,USDA_FDC_SR_LEGACY,16243,2018-04,True,
"SILK Plus Omega-3 DHA, soymilk",,,LEGUMES,45.0,2.88,3.29,2.06,,USDA_FDC_SR_LEGACY,16241,2018-04,True,
"SILK Plus for Bone Health, soymilk",,,LEGUMES,41.0,2.47,4.53,1.44,,USDA_FDC_SR_LEGACY,16242,2018-04,True,
SILK Raspberry soy yogurt,,,LEGUMES,88.0,2.35,17.65,1.18,,USDA_FDC_SR_LEGACY,16254,2018-04,True,
SILK Strawberry soy yogurt,,,LEGUMES,94.0,2.35,18.24,1.18,,USDA_FDC_SR_LEGACY,16253,2018-04,True,
"SILK Unsweetened, soymilk",,,LEGUMES,33.0,2.88,1.65,1.65,,USDA_FDC_SR_LEGACY,16244,2018-04,True,
SILK Vanilla soy yogurt (family size),,,LEGUMES,79.0,2.64,13.66,1.76,,USDA_FDC_SR_LEGACY,16250,2018-04,True,
SILK Vanilla soy yogurt (single serving size),,,LEGUMES,88.0,2.94,14.71,1.76,,USDA_FDC_SR_LEGACY,16251,2018-04,True,
"SILK Vanilla, soymilk",,,LEGUMES,41.0,2.47,4.12,1.44,,USDA_FDC_SR_LEGACY,16236,2018-04,True,
"SILK Very Vanilla, soymilk",,,LEGUMES,53.0,2.47,7.82,1.65,,USDA_FDC_SR_LEGACY,16245,2018-04,True,
"Sandwich spread, meatless",,,LEGUMES,149.0,8.0,9.0,9.0,,USDA_FDC_SR_LEGACY,43135,2018-04,True,
"Sausage, meatless",,,LEGUMES,255.0,20.28,8.09,18.16,,USDA_FDC_SR_LEGACY,16107,2018-04,True,
"Soy flour, defatted",,,LEGUMES,327.0,51.46,33.92,1.22,,USDA_FDC_SR_LEGACY,16117,2018-04,True,
"Soy flour, full-fat, raw",,,LEGUMES,434.0,37.81,31.92,20.65,,USDA_FDC_SR_LEGACY,16115,2018-04,True,
"Soy flour, full-fat, roasted",,,LEGUMES,439.0,38.09,30.38,21.86,,USDA_FDC_SR_LEGACY,16116,2018-04,True,
"Soy flour, low-fat",,,LEGUMES,372.0,49.81,30.63,8.9,,USDA_FDC_SR_LEGACY,16118,2018-04,True,
"Soy meal, defatted, raw",,,LEGUMES,337.0,49.2,35.89,2.39,,USDA_FDC_SR_LEGACY,16119,2018-04,True,
"Soy milk, sweetened, plain, refrigerated",,,LEGUMES,40.7,2.78,3.0,1.96,,USDA_FDC_FOUNDATION,100275,2026-04-30,True,
"Soy milk, unsweetened, plain, shelf stable",,,LEGUMES,38.48,3.55,1.29,2.12,,USDA_FDC_FOUNDATION,16222,2026-04-30,True,
"Soy protein concentrate, produced by acid wash",,,LEGUMES,328.0,63.63,25.41,0.46,,USDA_FDC_SR_LEGACY,16420,2018-04,True,
"Soy protein concentrate, produced by alcohol extraction",,,LEGUMES,328.0,63.63,25.41,0.46,,USDA_FDC_SR_LEGACY,16121,2018-04,True,
Soy protein isolate,,,LEGUMES,335.0,88.32,0.0,3.39,,USDA_FDC_SR_LEGACY,16122,2018-04,True,
"Soy protein isolate, potassium type",,,LEGUMES,321.0,88.32,2.59,0.53,,USDA_FDC_SR_LEGACY,16422,2018-04,True,
Soy sauce made from hydrolyzed vegetable protein,,,LEGUMES,60.0,7.0,7.84,0.51,,USDA_FDC_SR_LEGACY,16125,2018-04,True,
Soy sauce made from soy (tamari),,,LEGUMES,60.0,10.51,5.57,0.1,,USDA_FDC_SR_LEGACY,16124,2018-04,True,
Soy sauce made from soy and wheat (shoyu),,,LEGUMES,53.0,8.14,4.93,0.57,,USDA_FDC_SR_LEGACY,16123,2018-04,True,
"Soy sauce made from soy and wheat (shoyu), low sodium",,,LEGUMES,57.0,9.05,5.59,0.3,,USDA_FDC_SR_LEGACY,16424,2018-04,True,
"Soy sauce, reduced sodium, made from hydrolyzed vegetable protein",,,LEGUMES,90.0,8.19,14.44,0.31,,USDA_FDC_SR_LEGACY,16425,2018-04,True,
"Soybean, curd cheese",,,LEGUMES,151.0,12.5,6.9,8.1,,USDA_FDC_SR_LEGACY,43299,2018-04,True,
"Soybeans, mature cooked, boiled, without salt",,,LEGUMES,172.0,18.21,8.36,8.97,,USDA_FDC_SR_LEGACY,16109,2018-04,True,
"Soybeans, mature seeds, cooked, boiled, with salt",,,LEGUMES,172.0,18.21,8.36,8.97,,USDA_FDC_SR_LEGACY,16409,2018-04,True,
"Soybeans, mature seeds, dry roasted",,,LEGUMES,449.0,43.32,28.98,21.62,,USDA_FDC_SR_LEGACY,16111,2018-04,True,
"Soybeans, mature seeds, raw",,,LEGUMES,446.0,36.49,30.16,19.94,,USDA_FDC_SR_LEGACY,16108,2018-04,True,
"Soybeans, mature seeds, roasted, no salt added",,,LEGUMES,469.0,38.55,30.22,25.4,,USDA_FDC_SR_LEGACY,16410,2018-04,True,
"Soybeans, mature seeds, roasted, salted",,,LEGUMES,469.0,38.55,30.22,25.4,,USDA_FDC_SR_LEGACY,16110,2018-04,True,
"Soymilk (All flavors), enhanced",,,LEGUMES,45.0,2.94,3.45,1.99,,USDA_FDC_SR_LEGACY,16223,2018-04,True,
"Soymilk (All flavors), lowfat, with added calcium, vitamins A and D",,,LEGUMES,43.0,1.65,7.2,0.62,,USDA_FDC_SR_LEGACY,16229,2018-04,True,
"Soymilk (all flavors), nonfat, with added calcium, vitamins A and D",,,LEGUMES,28.0,2.47,4.14,0.04,,USDA_FDC_SR_LEGACY,16230,2018-04,True,
"Soymilk (all flavors), unsweetened, with added calcium, vitamins A and D",,,LEGUMES,33.0,2.86,1.74,1.61,,USDA_FDC_SR_LEGACY,16222,2018-04,True,
"Soymilk, chocolate and other flavors, light, with added calcium, vitamins A and D",,,LEGUMES,47.0,2.1,8.24,0.64,,USDA_FDC_SR_LEGACY,16227,2018-04,True,
"Soymilk, chocolate, nonfat, with added calcium, vitamins A and D",,,LEGUMES,44.0,2.47,8.51,0.04,,USDA_FDC_SR_LEGACY,16231,2018-04,True,
"Soymilk, chocolate, unfortified",,,LEGUMES,63.0,2.26,9.95,1.53,,USDA_FDC_SR_LEGACY,16166,2018-04,True,
"Soymilk, chocolate, with added calcium, vitamins A and D",,,LEGUMES,63.0,2.26,9.95,1.53,,USDA_FDC_SR_LEGACY,16168,2018-04,True,
"Soymilk, original and vanilla, light, unsweetened, with added calcium, vitamins A and D",,,LEGUMES,34.0,2.62,3.85,0.85,,USDA_FDC_SR_LEGACY,16228,2018-04,True,
"Soymilk, original and vanilla, light, with added calcium, vitamins A and D",,,LEGUMES,30.0,2.38,3.51,0.77,,USDA_FDC_SR_LEGACY,16225,2018-04,True,
"Soymilk, original and vanilla, unfortified",,,LEGUMES,54.0,3.27,6.28,1.75,,USDA_FDC_SR_LEGACY,16120,2018-04,True,
"Soymilk, original and vanilla, with added calcium, vitamins A and D",,,LEGUMES,43.0,2.6,4.92,1.47,,USDA_FDC_SR_LEGACY,16139,2018-04,True,
Tempeh,,,LEGUMES,192.0,20.29,7.64,10.8,,USDA_FDC_SR_LEGACY,16114,2018-04,True,
"Tempeh, cooked",,,LEGUMES,195.0,19.91,7.62,11.38,,USDA_FDC_SR_LEGACY,16174,2018-04,True,
Tofu yogurt,,,LEGUMES,94.0,3.5,15.96,1.8,,USDA_FDC_SR_LEGACY,43476,2018-04,True,
"Tofu, dried-frozen (koyadofu)",,,LEGUMES,477.0,52.47,10.03,30.34,,USDA_FDC_SR_LEGACY,16128,2018-04,True,
"Tofu, dried-frozen (koyadofu), prepared with calcium sulfate",,,LEGUMES,470.0,52.43,8.3,30.34,,USDA_FDC_SR_LEGACY,16428,2018-04,True,
"Tofu, extra firm, prepared with nigari",,,LEGUMES,83.0,9.98,1.18,5.26,,USDA_FDC_SR_LEGACY,16159,2018-04,True,
"Tofu, firm, prepared with calcium sulfate and magnesium chloride (nigari)",,,LEGUMES,78.0,9.04,2.85,4.17,,USDA_FDC_SR_LEGACY,16126,2018-04,True,
"Tofu, fried",,,LEGUMES,270.0,18.82,8.86,20.18,,USDA_FDC_SR_LEGACY,16129,2018-04,True,
"Tofu, fried, prepared with calcium sulfate",,,LEGUMES,270.0,18.82,8.86,20.18,,USDA_FDC_SR_LEGACY,16429,2018-04,True,
"Tofu, hard, prepared with nigari",,,LEGUMES,145.0,12.68,4.39,9.99,,USDA_FDC_SR_LEGACY,16160,2018-04,True,
"Tofu, raw, firm, prepared with calcium sulfate",,,LEGUMES,144.0,17.27,2.78,8.72,,USDA_FDC_SR_LEGACY,16426,2018-04,True,
"Tofu, raw, regular, prepared with calcium sulfate",,,LEGUMES,76.0,8.08,1.87,4.78,,USDA_FDC_SR_LEGACY,16427,2018-04,True,
"Tofu, salted and fermented (fuyu)",,,LEGUMES,116.0,8.92,4.38,8.0,,USDA_FDC_SR_LEGACY,16132,2018-04,True,
"Tofu, salted and fermented (fuyu), prepared with calcium sulfate",,,LEGUMES,116.0,8.15,5.15,8.0,,USDA_FDC_SR_LEGACY,16432,2018-04,True,
"Tofu, soft, prepared with calcium sulfate and magnesium chloride (nigari)",,,LEGUMES,61.0,7.17,1.18,3.69,,USDA_FDC_SR_LEGACY,16127,2018-04,True,
Vegetarian fillets,,,LEGUMES,290.0,23.0,9.0,18.0,,USDA_FDC_SR_LEGACY,43134,2018-04,True,
Vegetarian meatloaf or patties,,,LEGUMES,197.0,21.0,8.0,9.0,,USDA_FDC_SR_LEGACY,43137,2018-04,True,
"Veggie burgers or soyburgers, unprepared",,,LEGUMES,177.0,15.7,14.27,6.3,,USDA_FDC_SR_LEGACY,16147,2018-04,True,
"Vermicelli, made from soy",,,LEGUMES,331.0,0.1,82.32,0.1,,USDA_FDC_SR_LEGACY,43114,2018-04,True,
"Vitasoy USA Azumaya, Extra Firm Tofu",,,LEGUMES,88.0,10.07,1.53,4.6,,USDA_FDC_SR_LEGACY,16276,2018-04,True,
"Vitasoy USA Azumaya, Firm Tofu",,,LEGUMES,80.0,9.08,1.52,4.2,,USDA_FDC_SR_LEGACY,16277,2018-04,True,
"Vitasoy USA Azumaya, Silken Tofu",,,LEGUMES,43.0,4.82,0.58,2.4,,USDA_FDC_SR_LEGACY,16278,2018-04,True,
"Vitasoy USA Nasoya, Lite Silken Tofu",,,LEGUMES,43.0,8.21,0.0,1.1,,USDA_FDC_SR_LEGACY,16272,2018-04,True,
"Vitasoy USA Organic Nasoya Sprouted, Tofu Plus Super Firm",,,LEGUMES,115.0,13.24,2.16,5.9,,USDA_FDC_SR_LEGACY,16275,2018-04,True,
"Vitasoy USA Organic Nasoya, Soft Tofu",,,LEGUMES,70.0,8.76,0.74,3.5,,USDA_FDC_SR_LEGACY,16271,2018-04,True,
"Vitasoy USA Organic Nasoya, Tofu Plus Extra Firm",,,LEGUMES,92.0,10.18,1.82,4.9,,USDA_FDC_SR_LEGACY,16273,2018-04,True,
"Vitasoy USA Organic Nasoya, Tofu Plus Firm",,,LEGUMES,74.0,9.19,1.71,3.4,,USDA_FDC_SR_LEGACY,16274,2018-04,True,
"Vitasoy USA, Nasoya Lite Firm Tofu",,,LEGUMES,54.0,8.3,1.3,1.7,,USDA_FDC_SR_LEGACY,16210,2018-04,True,
"Vitasoy USA, Organic Nasoya Extra Firm Tofu",,,LEGUMES,98.0,10.1,2.6,5.2,,USDA_FDC_SR_LEGACY,16212,2018-04,True,
"Vitasoy USA, Organic Nasoya Firm Tofu",,,LEGUMES,84.0,8.9,2.3,4.4,,USDA_FDC_SR_LEGACY,16213,2018-04,True,
"Vitasoy USA, Organic Nasoya Silken Tofu",,,LEGUMES,47.0,4.8,1.4,2.5,,USDA_FDC_SR_LEGACY,16214,2018-04,True,
"Vitasoy USA, Organic Nasoya Super Firm Cubed Tofu",,,LEGUMES,118.0,12.4,2.8,6.3,,USDA_FDC_SR_LEGACY,16211,2018-04,True,
"Vitasoy USA, Vitasoy Light Vanilla Soymilk",,,LEGUMES,30.0,1.6,4.1,0.82,,USDA_FDC_SR_LEGACY,16219,2018-04,True,
"Vitasoy USA, Vitasoy Organic Classic Original Soymilk",,,LEGUMES,47.0,3.2,4.5,1.8,,USDA_FDC_SR_LEGACY,16216,2018-04,True,
"Vitasoy USA, Vitasoy Organic Creamy Original Soymilk",,,LEGUMES,44.0,2.9,4.5,1.6,,USDA_FDC_SR_LEGACY,16215,2018-04,True,
"Winged beans, mature seeds, cooked, boiled, with salt",,,LEGUMES,147.0,10.62,14.94,5.84,,USDA_FDC_SR_LEGACY,16436,2018-04,True,
"Winged beans, mature seeds, cooked, boiled, without salt",,,LEGUMES,147.0,10.62,14.94,5.84,,USDA_FDC_SR_LEGACY,16136,2018-04,True,
"Winged beans, mature seeds, raw",,,LEGUMES,409.0,29.65,41.71,16.32,,USDA_FDC_SR_LEGACY,16135,2018-04,True,
"Yardlong beans, mature seeds, cooked, boiled, with salt",,,LEGUMES,118.0,8.29,21.09,0.45,,USDA_FDC_SR_LEGACY,16434,2018-04,True,
"Yardlong beans, mature seeds, cooked, boiled, without salt",,,LEGUMES,118.0,8.29,21.09,0.45,,USDA_FDC_SR_LEGACY,16134,2018-04,True,
"Yardlong beans, mature seeds, raw",,,LEGUMES,347.0,24.33,61.91,1.31,,USDA_FDC_SR_LEGACY,16133,2018-04,True,
"Yokan, prepared from adzuki beans and sugar",,,LEGUMES,260.0,3.29,60.72,0.12,,USDA_FDC_SR_LEGACY,16004,2018-04,True,
Bacon and beef sticks,,,MEAT,517.0,29.1,0.8,44.2,,USDA_FDC_SR_LEGACY,7921,2018-04,True,
"Bacon, pre-sliced, reduced/low sodium, unprepared",,,MEAT,407.0,12.53,0.83,39.27,,USDA_FDC_SR_LEGACY,10994,2018-04,True,
"Bacon, turkey, low sodium",,,MEAT,253.0,13.33,4.8,20.0,,USDA_FDC_SR_LEGACY,7974,2018-04,True,
"Bacon, turkey, microwaved",,,MEAT,368.0,29.5,4.24,25.87,,USDA_FDC_SR_LEGACY,7973,2018-04,True,
"Bacon, turkey, unprepared",,,MEAT,226.0,15.94,1.89,16.93,,USDA_FDC_SR_LEGACY,7254,2018-04,True,
"Barbecue loaf, pork, beef",,,MEAT,173.0,15.84,6.4,8.9,,USDA_FDC_SR_LEGACY,7001,2018-04,True,
"Beef composite, separable lean only, trimmed to 1/8"" fat, choice, cooked",,,MEAT,203.0,28.73,0.0,9.16,,USDA_FDC_SR_LEGACY,23491,2018-04,True,
"Beef, Australian, imported, Wagyu, external fat, Aust. marble score 4/5, raw",,,MEAT,596.0,6.54,0.0,63.27,,USDA_FDC_SR_LEGACY,23298,2018-04,True,
"Beef, Australian, imported, Wagyu, external fat, Aust. marble score 9, raw",,,MEAT,639.0,5.54,0.97,68.07,,USDA_FDC_SR_LEGACY,23300,2018-04,True,
"Beef, Australian, imported, Wagyu, loin, tenderloin steak/roast, boneless, separable lean and fat, Aust. marble score 4/5, raw",,,MEAT,206.0,19.71,0.0,14.09,,USDA_FDC_SR_LEGACY,23304,2018-04,True,
"Beef, Australian, imported, Wagyu, loin, tenderloin steak/roast, boneless, separable lean and fat, Aust. marble score 9, raw",,,MEAT,248.0,18.5,0.58,19.11,,USDA_FDC_SR_LEGACY,23323,2018-04,True,
"Beef, Australian, imported, Wagyu, loin, tenderloin steak/roast, boneless, separable lean only, Aust. marble score 4/5, raw",,,MEAT,191.0,20.19,0.0,12.3,,USDA_FDC_SR_LEGACY,23295,2018-04,True,
"Beef, Australian, imported, Wagyu, loin, tenderloin steak/roast, boneless, separable lean only, Aust. marble score 9, raw",,,MEAT,237.0,18.87,0.57,17.73,,USDA_FDC_SR_LEGACY,23310,2018-04,True,
"Beef, Australian, imported, Wagyu, loin, top loin steak/roast, boneless, separable lean and fat, Aust. marble score 4/5, raw",,,MEAT,289.0,17.67,0.12,24.2,,USDA_FDC_SR_LEGACY,23319,2018-04,True,
"Beef, Australian, imported, Wagyu, loin, top loin steak/roast, boneless, separable lean only, Aust. marble score 4/5, raw",,,MEAT,223.0,20.15,0.2,15.69,,USDA_FDC_SR_LEGACY,23311,2018-04,True,
"Beef, Australian, imported, Wagyu, loin, top loin steak/roast, boneless, separable lean only, Aust. marble score 9, raw",,,MEAT,331.0,16.92,0.13,29.15,,USDA_FDC_SR_LEGACY,23312,2018-04,True,
"Beef, Australian, imported, Wagyu, loin, top loin steak/roast, separable lean and fat, Aust. marble score 9, raw",,,MEAT,392.0,14.58,0.14,36.98,,USDA_FDC_SR_LEGACY,23320,2018-04,True,
"Beef, Australian, imported, Wagyu, rib, small end rib steak/roast, boneless, separable lean and fat, Aust. marble score 4/5, raw",,,MEAT,317.0,17.07,0.0,27.64,,USDA_FDC_SR_LEGACY,23321,2018-04,True,
"Beef, Australian, imported, Wagyu, rib, small end rib steak/roast, boneless, separable lean and fat, Aust. marble score 9, raw",,,MEAT,404.0,14.54,0.28,38.3,,USDA_FDC_SR_LEGACY,23322,2018-04,True,
"Beef, Australian, imported, Wagyu, rib, small end rib steak/roast, boneless, separable lean only, Aust. marble score 4/5, raw",,,MEAT,234.0,20.35,0.0,16.93,,USDA_FDC_SR_LEGACY,23313,2018-04,True,
"Beef, Australian, imported, Wagyu, rib, small end rib steak/roast, boneless, separable lean only, Aust. marble score 9, raw",,,MEAT,330.0,17.61,0.46,28.61,,USDA_FDC_SR_LEGACY,23314,2018-04,True,
"Beef, Australian, imported, Wagyu, seam fat, Aust. marble score 4/5, raw",,,MEAT,594.0,6.0,0.0,63.3,,USDA_FDC_SR_LEGACY,23299,2018-04,True,
"Beef, Australian, imported, Wagyu, seam fat, Aust. marble score 9, raw",,,MEAT,627.0,5.16,0.0,67.33,,USDA_FDC_SR_LEGACY,23301,2018-04,True,
"Beef, Australian, imported, grass-fed, external fat, raw",,,MEAT,509.0,11.32,0.39,51.36,,USDA_FDC_SR_LEGACY,23296,2018-04,True,
"Beef, Australian, imported, grass-fed, ground, 85% lean / 15% fat, raw",,,MEAT,239.0,17.72,0.0,18.12,,USDA_FDC_SR_LEGACY,23293,2018-04,True,
"Beef, Australian, imported, grass-fed, loin, tenderloin steak/roast, boneless, separable lean and fat, raw",,,MEAT,151.0,20.53,0.01,7.63,,USDA_FDC_SR_LEGACY,23302,2018-04,True,
"Beef, Australian, imported, grass-fed, loin, tenderloin steak/roast, boneless, separable lean only, raw",,,MEAT,138.0,20.85,0.0,6.11,,USDA_FDC_SR_LEGACY,23294,2018-04,True,
"Beef, Australian, imported, grass-fed, loin, top loin steak/roast, boneless, separable lean and fat, raw",,,MEAT,199.0,19.9,0.11,13.17,,USDA_FDC_SR_LEGACY,23305,2018-04,True,
"Beef, Australian, imported, grass-fed, loin, top loin steak/roast, boneless, separable lean only, raw",,,MEAT,131.0,21.79,0.0,4.87,,USDA_FDC_SR_LEGACY,23303,2018-04,True,
"Beef, Australian, imported, grass-fed, loin, top sirloin cap-off steak/roast, boneless, separable lean and fat, raw",,,MEAT,127.0,21.77,0.01,4.45,,USDA_FDC_SR_LEGACY,23315,2018-04,True,
"Beef, Australian, imported, grass-fed, loin, top sirloin cap-off steak/roast, boneless, separable lean only, raw",,,MEAT,122.0,21.9,0.0,3.87,,USDA_FDC_SR_LEGACY,23306,2018-04,True,
"Beef, Australian, imported, grass-fed, rib, ribeye steak/roast lip-on, boneless, separable lean and fat, raw",,,MEAT,217.0,19.8,0.11,15.21,,USDA_FDC_SR_LEGACY,23316,2018-04,True,
"Beef, Australian, imported, grass-fed, rib, ribeye steak/roast lip-on, boneless, separable lean only, raw",,,MEAT,160.0,21.47,0.0,8.2,,USDA_FDC_SR_LEGACY,23307,2018-04,True,
"Beef, Australian, imported, grass-fed, round, bottom round steak/roast, boneless, separable lean and fat, raw",,,MEAT,140.0,21.13,0.01,6.16,,USDA_FDC_SR_LEGACY,23317,2018-04,True,
"Beef, Australian, imported, grass-fed, round, bottom round steak/roast, boneless, separable lean only, raw",,,MEAT,130.0,21.4,0.0,4.93,,USDA_FDC_SR_LEGACY,23308,2018-04,True,
"Beef, Australian, imported, grass-fed, round, top round cap-off steak/roast, boneless, separable lean and fat, raw",,,MEAT,129.0,22.24,0.0,4.4,,USDA_FDC_SR_LEGACY,23318,2018-04,True,
"Beef, Australian, imported, grass-fed, round, top round cap-off steak/roast, boneless, separable lean only, raw",,,MEAT,129.0,22.41,0.0,4.43,,USDA_FDC_SR_LEGACY,23309,2018-04,True,
"Beef, Australian, imported, grass-fed, seam fat, raw",,,MEAT,562.0,9.58,1.06,57.73,,USDA_FDC_SR_LEGACY,23297,2018-04,True,
"Beef, New Zealand, imported, bolar blade, separable lean and fat, cooked, fast roasted",,,MEAT,228.0,31.3,0.0,11.37,,USDA_FDC_SR_LEGACY,23446,2018-04,True,
"Beef, New Zealand, imported, bolar blade, separable lean and fat, raw",,,MEAT,159.0,21.29,0.0,8.22,,USDA_FDC_SR_LEGACY,23447,2018-04,True,
"Beef, New Zealand, imported, bolar blade, separable lean only, cooked, fast roasted",,,MEAT,193.0,33.53,0.0,6.57,,USDA_FDC_SR_LEGACY,23397,2018-04,True,
"Beef, New Zealand, imported, bolar blade, separable lean only, raw",,,MEAT,129.0,22.09,0.0,4.49,,USDA_FDC_SR_LEGACY,23398,2018-04,True,
"Beef, New Zealand, imported, brisket navel end, separable lean and fat, cooked, braised",,,MEAT,453.0,20.14,0.0,41.33,,USDA_FDC_SR_LEGACY,23448,2018-04,True,
"Beef, New Zealand, imported, brisket navel end, separable lean and fat, raw",,,MEAT,345.0,15.81,0.0,31.27,,USDA_FDC_SR_LEGACY,23449,2018-04,True,
"Beef, New Zealand, imported, brisket navel end, separable lean only, cooked, braised",,,MEAT,265.0,29.35,0.0,16.37,,USDA_FDC_SR_LEGACY,23399,2018-04,True,
"Beef, New Zealand, imported, brisket navel end, separable lean only, raw",,,MEAT,194.0,19.74,0.0,12.75,,USDA_FDC_SR_LEGACY,23401,2018-04,True,
"Beef, New Zealand, imported, brisket point end, separable lean and fat, cooked, braised",,,MEAT,250.0,31.94,0.0,13.6,,USDA_FDC_SR_LEGACY,23450,2018-04,True,
"Beef, New Zealand, imported, brisket point end, separable lean and fat, raw",,,MEAT,163.0,20.05,0.0,9.23,,USDA_FDC_SR_LEGACY,23451,2018-04,True,
"Beef, New Zealand, imported, brisket point end, separable lean only, cooked, braised",,,MEAT,202.0,34.51,0.0,7.05,,USDA_FDC_SR_LEGACY,23402,2018-04,True,
"Beef, New Zealand, imported, brisket point end, separable lean only, raw",,,MEAT,125.0,20.92,0.0,4.62,,USDA_FDC_SR_LEGACY,23403,2018-04,True,
"Beef, New Zealand, imported, chuck eye roll, separable lean and fat, cooked, braised",,,MEAT,252.0,29.92,0.0,14.74,,USDA_FDC_SR_LEGACY,23452,2018-04,True,
"Beef, New Zealand, imported, chuck eye roll, separable lean and fat, raw",,,MEAT,181.0,19.38,0.0,11.45,,USDA_FDC_SR_LEGACY,23453,2018-04,True,
"Beef, New Zealand, imported, chuck eye roll, separable lean only, cooked, braised",,,MEAT,208.0,32.08,0.0,8.89,,USDA_FDC_SR_LEGACY,23405,2018-04,True,
"Beef, New Zealand, imported, chuck eye roll, separable lean only, raw",,,MEAT,131.0,20.46,0.0,5.41,,USDA_FDC_SR_LEGACY,23404,2018-04,True,
"Beef, New Zealand, imported, cube roll, separable lean and fat, cooked, fast roasted",,,MEAT,286.0,27.79,0.03,19.45,,USDA_FDC_SR_LEGACY,23454,2018-04,True,
"Beef, New Zealand, imported, cube roll, separable lean and fat, raw",,,MEAT,225.0,18.22,1.26,16.31,,USDA_FDC_SR_LEGACY,23455,2018-04,True,
"Beef, New Zealand, imported, cube roll, separable lean only, cooked, fast roasted",,,MEAT,239.0,30.09,0.0,13.22,,USDA_FDC_SR_LEGACY,23406,2018-04,True,
"Beef, New Zealand, imported, cube roll, separable lean only, raw",,,MEAT,161.0,19.77,1.38,8.51,,USDA_FDC_SR_LEGACY,23407,2018-04,True,
"Beef, New Zealand, imported, eye round, separable lean and fat, cooked, slow roasted",,,MEAT,168.0,29.49,0.0,5.57,,USDA_FDC_SR_LEGACY,23456,2018-04,True,
"Beef, New Zealand, imported, eye round, separable lean and fat, raw",,,MEAT,129.0,19.88,1.32,4.92,,USDA_FDC_SR_LEGACY,23457,2018-04,True,
"Beef, New Zealand, imported, eye round, separable lean only, cooked, slow roasted",,,MEAT,164.0,29.68,0.0,4.98,,USDA_FDC_SR_LEGACY,23408,2018-04,True,
"Beef, New Zealand, imported, eye round, separable lean only, raw",,,MEAT,116.0,20.15,1.35,3.35,,USDA_FDC_SR_LEGACY,23409,2018-04,True,
"Beef, New Zealand, imported, flank, separable lean and fat, cooked, braised",,,MEAT,208.0,30.13,0.0,9.73,,USDA_FDC_SR_LEGACY,23458,2018-04,True,
"Beef, New Zealand, imported, flank, separable lean and fat, raw",,,MEAT,161.0,20.12,0.0,8.9,,USDA_FDC_SR_LEGACY,23459,2018-04,True,
"Beef, New Zealand, imported, flank, separable lean only, cooked, braised",,,MEAT,194.0,30.75,0.0,7.92,,USDA_FDC_SR_LEGACY,23410,2018-04,True,
"Beef, New Zealand, imported, flank, separable lean only, raw",,,MEAT,142.0,20.53,0.0,6.67,,USDA_FDC_SR_LEGACY,23411,2018-04,True,
"Beef, New Zealand, imported, flat, separable lean and fat, cooked, braised",,,MEAT,252.0,31.86,0.0,13.79,,USDA_FDC_SR_LEGACY,23460,2018-04,True,
"Beef, New Zealand, imported, flat, separable lean and fat, raw",,,MEAT,177.0,20.57,0.0,10.55,,USDA_FDC_SR_LEGACY,23461,2018-04,True,
"Beef, New Zealand, imported, flat, separable lean only, cooked, braised",,,MEAT,226.0,33.22,0.0,10.3,,USDA_FDC_SR_LEGACY,23412,2018-04,True,
"Beef, New Zealand, imported, flat, separable lean only, raw",,,MEAT,154.0,21.3,0.0,7.69,,USDA_FDC_SR_LEGACY,23413,2018-04,True,
"Beef, New Zealand, imported, hind shin, separable lean and fat, cooked, braised",,,MEAT,196.0,29.82,0.07,8.5,,USDA_FDC_SR_LEGACY,23462,2018-04,True,
"Beef, New Zealand, imported, hind shin, separable lean and fat, raw",,,MEAT,147.0,20.61,0.0,7.2,,USDA_FDC_SR_LEGACY,23463,2018-04,True,
"Beef, New Zealand, imported, hind shin, separable lean only, cooked, braised",,,MEAT,167.0,31.23,0.0,4.64,,USDA_FDC_SR_LEGACY,23416,2018-04,True,
"Beef, New Zealand, imported, hind shin, separable lean only, raw",,,MEAT,114.0,21.46,0.0,3.12,,USDA_FDC_SR_LEGACY,23417,2018-04,True,
"Beef, New Zealand, imported, inside, raw",,,MEAT,128.0,22.16,0.1,4.36,,USDA_FDC_SR_LEGACY,23418,2018-04,True,
"Beef, New Zealand, imported, intermuscular fat, cooked",,,MEAT,560.0,7.9,3.39,57.22,,USDA_FDC_SR_LEGACY,23419,2018-04,True,
"Beef, New Zealand, imported, intermuscular fat, raw",,,MEAT,602.0,6.97,0.01,63.78,,USDA_FDC_SR_LEGACY,23420,2018-04,True,
"Beef, New Zealand, imported, knuckle, cooked, fast fried",,,MEAT,178.0,27.51,0.0,7.58,,USDA_FDC_SR_LEGACY,23422,2018-04,True,
"Beef, New Zealand, imported, manufacturing beef, cooked, boiled",,,MEAT,126.0,24.21,0.0,3.26,,USDA_FDC_SR_LEGACY,23426,2018-04,True,
"Beef, New Zealand, imported, manufacturing beef, raw",,,MEAT,119.0,21.23,0.23,3.68,,USDA_FDC_SR_LEGACY,23427,2018-04,True,
"Beef, New Zealand, imported, oyster blade, separable lean and fat, cooked, braised",,,MEAT,197.0,29.79,0.0,8.68,,USDA_FDC_SR_LEGACY,23464,2018-04,True,
"Beef, New Zealand, imported, oyster blade, separable lean and fat, raw",,,MEAT,178.0,21.27,0.0,10.31,,USDA_FDC_SR_LEGACY,23440,2018-04,True,
"Beef, New Zealand, imported, oyster blade, separable lean only, cooked, braised",,,MEAT,196.0,29.87,0.0,8.46,,USDA_FDC_SR_LEGACY,23428,2018-04,True,
"Beef, New Zealand, imported, oyster blade, separable lean only, raw",,,MEAT,155.0,21.83,0.0,7.56,,USDA_FDC_SR_LEGACY,23429,2018-04,True,
"Beef, New Zealand, imported, ribs prepared, cooked, fast roasted",,,MEAT,197.0,27.23,0.09,9.74,,USDA_FDC_SR_LEGACY,23430,2018-04,True,
"Beef, New Zealand, imported, ribs prepared, raw",,,MEAT,146.0,21.31,0.0,6.78,,USDA_FDC_SR_LEGACY,23431,2018-04,True,
"Beef, New Zealand, imported, rump centre, separable lean and fat, cooked, fast fried",,,MEAT,192.0,30.01,0.0,7.96,,USDA_FDC_SR_LEGACY,23465,2018-04,True,
"Beef, New Zealand, imported, rump centre, separable lean and fat, raw",,,MEAT,145.0,21.65,0.0,6.5,,USDA_FDC_SR_LEGACY,23467,2018-04,True,
"Beef, New Zealand, imported, rump centre, separable lean only, cooked, fast fried",,,MEAT,188.0,30.17,0.0,7.48,,USDA_FDC_SR_LEGACY,23432,2018-04,True,
"Beef, New Zealand, imported, rump centre, separable lean only, raw",,,MEAT,141.0,21.74,0.0,6.05,,USDA_FDC_SR_LEGACY,23466,2018-04,True,
"Beef, New Zealand, imported, striploin, separable lean and fat, cooked, fast fried",,,MEAT,301.0,24.89,0.02,22.33,,USDA_FDC_SR_LEGACY,23468,2018-04,True,
"Beef, New Zealand, imported, striploin, separable lean and fat, raw",,,MEAT,252.0,18.49,0.6,19.53,,USDA_FDC_SR_LEGACY,23469,2018-04,True,
"Beef, New Zealand, imported, striploin, separable lean only, cooked, fast fried",,,MEAT,217.0,28.53,0.0,11.4,,USDA_FDC_SR_LEGACY,23433,2018-04,True,
"Beef, New Zealand, imported, striploin, separable lean only, raw",,,MEAT,150.0,20.93,0.74,7.0,,USDA_FDC_SR_LEGACY,23434,2018-04,True,
"Beef, New Zealand, imported, subcutaneous fat, cooked",,,MEAT,731.0,6.5,0.0,78.3,,USDA_FDC_SR_LEGACY,23435,2018-04,True,
"Beef, New Zealand, imported, subcutaneous fat, raw",,,MEAT,685.0,8.5,0.0,72.38,,USDA_FDC_SR_LEGACY,23436,2018-04,True,
"Beef, New Zealand, imported, sweetbread, cooked, boiled",,,MEAT,318.0,12.53,0.0,29.79,,USDA_FDC_SR_LEGACY,23437,2018-04,True,
"Beef, New Zealand, imported, sweetbread, raw",,,MEAT,303.0,11.51,0.0,28.6,,USDA_FDC_SR_LEGACY,23438,2018-04,True,
"Beef, New Zealand, imported, tenderloin, separable lean and fat, cooked, fast fried",,,MEAT,202.0,29.26,0.27,9.35,,USDA_FDC_SR_LEGACY,23470,2018-04,True,
"Beef, New Zealand, imported, tenderloin, separable lean and fat, raw",,,MEAT,146.0,21.04,0.0,6.88,,USDA_FDC_SR_LEGACY,23471,2018-04,True,
"Beef, New Zealand, imported, tenderloin, separable lean only, cooked, fast fried",,,MEAT,200.0,29.37,0.27,9.01,,USDA_FDC_SR_LEGACY,23439,2018-04,True,
"Beef, New Zealand, imported, tenderloin, separable lean only, raw",,,MEAT,140.0,21.19,0.0,6.1,,USDA_FDC_SR_LEGACY,23441,2018-04,True,
"Beef, New Zealand, imported, variety meats and by-products liver, cooked, boiled",,,MEAT,150.0,23.3,3.78,4.68,,USDA_FDC_SR_LEGACY,23424,2018-04,True,
"Beef, New Zealand, imported, variety meats and by-products, heart, cooked, boiled",,,MEAT,179.0,31.29,0.0,6.0,,USDA_FDC_SR_LEGACY,23414,2018-04,True,
"Beef, New Zealand, imported, variety meats and by-products, heart, raw",,,MEAT,105.0,18.52,0.0,3.4,,USDA_FDC_SR_LEGACY,23415,2018-04,True,
"Beef, New Zealand, imported, variety meats and by-products, kidney, cooked, boiled",,,MEAT,157.0,27.28,0.0,5.27,,USDA_FDC_SR_LEGACY,23421,2018-04,True,
"Beef, New Zealand, imported, variety meats and by-products, kidney, raw",,,MEAT,87.0,15.68,0.0,2.64,,USDA_FDC_SR_LEGACY,23423,2018-04,True,
"Beef, New Zealand, imported, variety meats and by-products, liver, raw",,,MEAT,133.0,20.5,3.6,4.05,,USDA_FDC_SR_LEGACY,23425,2018-04,True,
"Beef, New Zealand, imported, variety meats and by-products, tongue, cooked, boiled",,,MEAT,271.0,18.31,3.68,20.34,,USDA_FDC_SR_LEGACY,23442,2018-04,True,
"Beef, New Zealand, imported, variety meats and by-products, tongue, raw",,,MEAT,243.0,17.77,0.0,19.09,,USDA_FDC_SR_LEGACY,23443,2018-04,True,
"Beef, New Zealand, imported, variety meats and by-products, tripe cooked, boiled",,,MEAT,103.0,19.0,0.0,2.98,,USDA_FDC_SR_LEGACY,23444,2018-04,True,
"Beef, New Zealand, imported, variety meats and by-products, tripe uncooked, raw",,,MEAT,77.0,14.86,0.0,1.98,,USDA_FDC_SR_LEGACY,23445,2018-04,True,
"Beef, bologna, reduced sodium",,,MEAT,310.0,11.7,2.0,28.4,,USDA_FDC_SR_LEGACY,43384,2018-04,True,
"Beef, bottom sirloin, tri-tip roast, separable lean and fat, trimmed to 0"" fat, all grades, cooked, roasted",,,MEAT,211.0,26.05,0.0,11.07,,USDA_FDC_SR_LEGACY,13953,2018-04,True,
"Beef, bottom sirloin, tri-tip roast, separable lean and fat, trimmed to 0"" fat, all grades, raw",,,MEAT,165.0,20.64,0.0,8.55,,USDA_FDC_SR_LEGACY,13954,2018-04,True,
"Beef, bottom sirloin, tri-tip roast, separable lean and fat, trimmed to 0"" fat, choice, cooked, roasted",,,MEAT,221.0,25.66,0.0,12.36,,USDA_FDC_SR_LEGACY,13955,2018-04,True,
"Beef, bottom sirloin, tri-tip roast, separable lean and fat, trimmed to 0"" fat, choice, raw",,,MEAT,174.0,20.64,0.0,9.51,,USDA_FDC_SR_LEGACY,13956,2018-04,True,
"Beef, bottom sirloin, tri-tip roast, separable lean and fat, trimmed to 0"" fat, select, cooked, roasted",,,MEAT,201.0,26.44,0.0,9.78,,USDA_FDC_SR_LEGACY,13957,2018-04,True,
"Beef, bottom sirloin, tri-tip roast, separable lean and fat, trimmed to 0"" fat, select, raw",,,MEAT,157.0,20.64,0.0,7.68,,USDA_FDC_SR_LEGACY,13958,2018-04,True,
"Beef, bottom sirloin, tri-tip roast, separable lean only, trimmed to 0"" fat, all grades, raw",,,MEAT,142.0,21.26,0.0,5.63,,USDA_FDC_SR_LEGACY,23646,2018-04,True,
"Beef, bottom sirloin, tri-tip roast, separable lean only, trimmed to 0"" fat, choice, cooked, roasted",,,MEAT,193.0,26.34,0.0,9.73,,USDA_FDC_SR_LEGACY,23647,2018-04,True,
"Beef, bottom sirloin, tri-tip roast, separable lean only, trimmed to 0"" fat, choice, raw",,,MEAT,154.0,21.17,0.0,7.06,,USDA_FDC_SR_LEGACY,23648,2018-04,True,
"Beef, bottom sirloin, tri-tip roast, separable lean only, trimmed to 0"" fat, select, cooked, roasted",,,MEAT,179.0,27.17,0.0,6.95,,USDA_FDC_SR_LEGACY,23649,2018-04,True,
"Beef, bottom sirloin, tri-tip roast, separable lean only, trimmed to 0"" fat, select, raw",,,MEAT,129.0,21.34,0.0,4.21,,USDA_FDC_SR_LEGACY,23650,2018-04,True,
"Beef, brisket, flat half, boneless separable lean only, trimmed to 0"" fat, all grades, raw",,,MEAT,132.0,21.47,0.0,5.11,,USDA_FDC_SR_LEGACY,13595,2018-04,True,
"Beef, brisket, flat half, boneless, separable lean and fat, trimmed to 0"" fat, all grades, raw",,,MEAT,165.0,20.32,0.0,9.29,,USDA_FDC_SR_LEGACY,13904,2018-04,True,
"Beef, brisket, flat half, boneless, separable lean and fat, trimmed to 0"" fat, choice, raw",,,MEAT,169.0,20.15,0.0,9.86,,USDA_FDC_SR_LEGACY,13975,2018-04,True,
"Beef, brisket, flat half, boneless, separable lean and fat, trimmed to 0"" fat, select, raw",,,MEAT,158.0,20.57,0.0,8.45,,USDA_FDC_SR_LEGACY,13983,2018-04,True,
"Beef, brisket, flat half, boneless, separable lean only, trimmed to 0"" fat, choice, raw",,,MEAT,137.0,21.28,0.0,5.75,,USDA_FDC_SR_LEGACY,13596,2018-04,True,
"Beef, brisket, flat half, boneless, separable lean only, trimmed to 0"" fat, select, raw",,,MEAT,124.0,21.74,0.0,4.14,,USDA_FDC_SR_LEGACY,13597,2018-04,True,
"Beef, brisket, flat half, separable lean and fat, trimmed to 0"" fat, all grades, cooked, braised",,,MEAT,213.0,32.9,0.0,8.01,,USDA_FDC_SR_LEGACY,13369,2018-04,True,
"Beef, brisket, flat half, separable lean and fat, trimmed to 0"" fat, choice, cooked, braised",,,MEAT,221.0,32.21,0.0,9.24,,USDA_FDC_SR_LEGACY,13165,2018-04,True,
"Beef, brisket, flat half, separable lean and fat, trimmed to 0"" fat, select, cooked, braised",,,MEAT,205.0,33.59,0.0,6.77,,USDA_FDC_SR_LEGACY,13950,2018-04,True,
"Beef, brisket, flat half, separable lean and fat, trimmed to 1/8"" fat, all grades, cooked, braised",,,MEAT,289.0,28.82,0.0,18.42,,USDA_FDC_SR_LEGACY,13806,2018-04,True,
"Beef, brisket, flat half, separable lean and fat, trimmed to 1/8"" fat, all grades, raw",,,MEAT,277.0,17.94,0.0,22.18,,USDA_FDC_SR_LEGACY,13805,2018-04,True,
"Beef, brisket, flat half, separable lean and fat, trimmed to 1/8"" fat, choice, cooked, braised",,,MEAT,298.0,28.66,0.0,19.47,,USDA_FDC_SR_LEGACY,23660,2018-04,True,
"Beef, brisket, flat half, separable lean and fat, trimmed to 1/8"" fat, choice, raw",,,MEAT,278.0,18.12,0.12,22.15,,USDA_FDC_SR_LEGACY,23658,2018-04,True,
"Beef, brisket, flat half, separable lean and fat, trimmed to 1/8"" fat, select, cooked, braised",,,MEAT,280.0,28.97,0.0,17.37,,USDA_FDC_SR_LEGACY,13055,2018-04,True,
"Beef, brisket, flat half, separable lean and fat, trimmed to 1/8"" fat, select, raw",,,MEAT,276.0,17.77,0.0,22.21,,USDA_FDC_SR_LEGACY,23659,2018-04,True,
"Beef, brisket, flat half, separable lean only, trimmed to 0"" fat, all grades, cooked, braised",,,MEAT,205.0,33.26,0.0,6.99,,USDA_FDC_SR_LEGACY,13370,2018-04,True,
"Beef, brisket, flat half, separable lean only, trimmed to 0"" fat, choice, cooked, braised",,,MEAT,212.0,32.62,0.0,8.07,,USDA_FDC_SR_LEGACY,13343,2018-04,True,
"Beef, brisket, flat half, separable lean only, trimmed to 0"" fat, select, cooked, braised",,,MEAT,198.0,33.9,0.0,5.92,,USDA_FDC_SR_LEGACY,13485,2018-04,True,
"Beef, brisket, flat half, separable lean only, trimmed to 1/8"" fat, all grades, cooked, braised",,,MEAT,196.0,33.15,0.0,6.0,,USDA_FDC_SR_LEGACY,23595,2018-04,True,
"Beef, brisket, flat half, separable lean only, trimmed to 1/8"" fat, all grades, raw",,,MEAT,127.0,21.57,0.0,3.84,,USDA_FDC_SR_LEGACY,23596,2018-04,True,
"Beef, brisket, flat half, separable lean only, trimmed to 1/8"" fat, choice, cooked, braised",,,MEAT,203.0,33.13,0.0,6.79,,USDA_FDC_SR_LEGACY,23615,2018-04,True,
"Beef, brisket, flat half, separable lean only, trimmed to 1/8"" fat, choice, raw",,,MEAT,129.0,21.69,0.0,4.06,,USDA_FDC_SR_LEGACY,23613,2018-04,True,
"Beef, brisket, flat half, separable lean only, trimmed to 1/8"" fat, select, cooked, braised",,,MEAT,189.0,33.18,0.0,5.21,,USDA_FDC_SR_LEGACY,23634,2018-04,True,
"Beef, brisket, flat half, separable lean only, trimmed to 1/8"" fat, select, raw",,,MEAT,124.0,21.45,0.0,3.61,,USDA_FDC_SR_LEGACY,23632,2018-04,True,
"Beef, brisket, point half, separable lean and fat, trimmed to 0"" fat, all grades, cooked, braised",,,MEAT,358.0,23.53,0.0,28.5,,USDA_FDC_SR_LEGACY,13371,2018-04,True,
"Beef, brisket, point half, separable lean and fat, trimmed to 1/8"" fat, all grades, cooked, braised",,,MEAT,349.0,24.4,0.0,27.17,,USDA_FDC_SR_LEGACY,13808,2018-04,True,
"Beef, brisket, point half, separable lean and fat, trimmed to 1/8"" fat, all grades, raw",,,MEAT,267.0,17.65,0.59,20.98,,USDA_FDC_SR_LEGACY,13807,2018-04,True,
"Beef, brisket, point half, separable lean only, trimmed to 0"" fat, all grades, cooked, braised",,,MEAT,244.0,28.05,0.0,13.8,,USDA_FDC_SR_LEGACY,13372,2018-04,True,
"Beef, brisket, whole, separable lean and fat, trimmed to 0"" fat, all grades, cooked, braised",,,MEAT,291.0,26.79,0.0,19.52,,USDA_FDC_SR_LEGACY,13367,2018-04,True,
"Beef, brisket, whole, separable lean and fat, trimmed to 1/8"" fat, all grades, cooked, braised",,,MEAT,331.0,25.85,0.0,24.5,,USDA_FDC_SR_LEGACY,13804,2018-04,True,
"Beef, brisket, whole, separable lean and fat, trimmed to 1/8"" fat, all grades, raw",,,MEAT,253.0,18.42,0.56,19.06,,USDA_FDC_SR_LEGACY,13803,2018-04,True,
"Beef, brisket, whole, separable lean only, all grades, raw",,,MEAT,157.0,20.72,0.6,7.37,,USDA_FDC_SR_LEGACY,13023,2018-04,True,
"Beef, brisket, whole, separable lean only, trimmed to 0"" fat, all grades, cooked, braised",,,MEAT,218.0,29.75,0.0,10.08,,USDA_FDC_SR_LEGACY,13368,2018-04,True,
"Beef, carcass, separable lean and fat, choice, raw",,,MEAT,291.0,17.32,0.0,24.05,,USDA_FDC_SR_LEGACY,13001,2018-04,True,
"Beef, carcass, separable lean and fat, select, raw",,,MEAT,278.0,17.48,0.0,22.55,,USDA_FDC_SR_LEGACY,13002,2018-04,True,
"Beef, chopped, cured, smoked",,,MEAT,133.0,20.19,1.86,4.42,,USDA_FDC_SR_LEGACY,13358,2018-04,True,
"Beef, chuck eye Country-Style ribs, boneless, separable lean and fat, trimmed to 0"" fat, all grades, cooked, braised",,,MEAT,296.0,27.69,0.0,20.55,,USDA_FDC_SR_LEGACY,23134,2018-04,True,
"Beef, chuck eye Country-Style ribs, boneless, separable lean and fat, trimmed to 0"" fat, all grades, raw",,,MEAT,205.0,18.97,0.0,14.32,,USDA_FDC_SR_LEGACY,23137,2018-04,True,
"Beef, chuck eye Country-Style ribs, boneless, separable lean and fat, trimmed to 0"" fat, choice, cooked, braised",,,MEAT,303.0,27.16,0.0,21.56,,USDA_FDC_SR_LEGACY,23135,2018-04,True,
"Beef, chuck eye Country-Style ribs, boneless, separable lean and fat, trimmed to 0"" fat, choice, raw",,,MEAT,210.0,18.87,0.0,14.99,,USDA_FDC_SR_LEGACY,23138,2018-04,True,
"Beef, chuck eye Country-Style ribs, boneless, separable lean and fat, trimmed to 0"" fat, select, cooked, braised",,,MEAT,285.0,28.47,0.0,19.03,,USDA_FDC_SR_LEGACY,23136,2018-04,True,
"Beef, chuck eye Country-Style ribs, boneless, separable lean and fat, trimmed to 0"" fat, select, raw",,,MEAT,196.0,19.1,0.0,13.33,,USDA_FDC_SR_LEGACY,23139,2018-04,True,
"Beef, chuck eye Country-Style ribs, boneless, separable lean only, trimmed to 0"" fat, all grades, cooked, braised",,,MEAT,228.0,31.41,0.0,11.43,,USDA_FDC_SR_LEGACY,23071,2018-04,True,
"Beef, chuck eye Country-Style ribs, boneless, separable lean only, trimmed to 0"" fat, all grades, raw",,,MEAT,146.0,20.96,0.0,6.95,,USDA_FDC_SR_LEGACY,23074,2018-04,True,
"Beef, chuck eye Country-Style ribs, boneless, separable lean only, trimmed to 0"" fat, choice, cooked, braised",,,MEAT,234.0,30.95,0.0,12.22,,USDA_FDC_SR_LEGACY,23069,2018-04,True,
"Beef, chuck eye Country-Style ribs, boneless, separable lean only, trimmed to 0"" fat, choice, raw",,,MEAT,152.0,20.87,0.0,7.67,,USDA_FDC_SR_LEGACY,23072,2018-04,True,
"Beef, chuck eye Country-Style ribs, boneless, separable lean only, trimmed to 0"" fat, select, cooked, braised",,,MEAT,221.0,32.1,0.0,10.24,,USDA_FDC_SR_LEGACY,23070,2018-04,True,
"Beef, chuck eye Country-Style ribs, boneless, separable lean only, trimmed to 0"" fat, select, raw",,,MEAT,137.0,21.1,0.0,5.89,,USDA_FDC_SR_LEGACY,23073,2018-04,True,
"Beef, chuck eye roast, boneless, America's Beef Roast, separable lean and fat, trimmed to 0"" fat, all grades, cooked, roasted",,,MEAT,236.0,24.63,0.0,15.29,,USDA_FDC_SR_LEGACY,23113,2018-04,True,
"Beef, chuck eye roast, boneless, America's Beef Roast, separable lean and fat, trimmed to 0"" fat, all grades, raw",,,MEAT,180.0,19.18,0.0,11.48,,USDA_FDC_SR_LEGACY,13786,2018-04,True,
"Beef, chuck eye roast, boneless, America's Beef Roast, separable lean and fat, trimmed to 0"" fat, choice, cooked, roasted",,,MEAT,241.0,24.47,0.0,15.87,,USDA_FDC_SR_LEGACY,23114,2018-04,True,
"Beef, chuck eye roast, boneless, America's Beef Roast, separable lean and fat, trimmed to 0"" fat, choice, raw",,,MEAT,185.0,19.14,0.0,12.02,,USDA_FDC_SR_LEGACY,13788,2018-04,True,
"Beef, chuck eye roast, boneless, America's Beef Roast, separable lean and fat, trimmed to 0"" fat, select, cooked, roasted",,,MEAT,229.0,24.86,0.0,14.41,,USDA_FDC_SR_LEGACY,23115,2018-04,True,
"Beef, chuck eye roast, boneless, America's Beef Roast, separable lean and fat, trimmed to 0"" fat, select, raw",,,MEAT,173.0,19.25,0.0,10.67,,USDA_FDC_SR_LEGACY,13791,2018-04,True,
"Beef, chuck eye roast, boneless, America's Beef Roast, separable lean only, trimmed to 0"" fat, all grades, cooked, roasted",,,MEAT,183.0,26.65,0.0,8.46,,USDA_FDC_SR_LEGACY,13821,2018-04,True,
"Beef, chuck eye roast, boneless, America's Beef Roast, separable lean only, trimmed to 0"" fat, all grades, raw",,,MEAT,137.0,20.61,0.0,6.01,,USDA_FDC_SR_LEGACY,13972,2018-04,True,
"Beef, chuck eye roast, boneless, America's Beef Roast, separable lean only, trimmed to 0"" fat, choice, cooked, roasted",,,MEAT,190.0,26.41,0.0,9.36,,USDA_FDC_SR_LEGACY,13822,2018-04,True,
"Beef, chuck eye roast, boneless, America's Beef Roast, separable lean only, trimmed to 0"" fat, choice, raw",,,MEAT,139.0,20.67,0.0,6.21,,USDA_FDC_SR_LEGACY,13973,2018-04,True,
"Beef, chuck eye roast, boneless, America's Beef Roast, separable lean only, trimmed to 0"" fat, select, cooked, roasted",,,MEAT,172.0,27.02,0.0,7.12,,USDA_FDC_SR_LEGACY,13823,2018-04,True,
"Beef, chuck eye roast, boneless, America's Beef Roast, separable lean only, trimmed to 0"" fat, select, raw",,,MEAT,133.0,20.52,0.0,5.71,,USDA_FDC_SR_LEGACY,13974,2018-04,True,
"Beef, chuck eye steak, boneless, separable lean and fat, trimmed to 0"" fat, all grades, cooked, grilled",,,MEAT,277.0,24.98,0.0,19.64,,USDA_FDC_SR_LEGACY,23140,2018-04,True,
"Beef, chuck eye steak, boneless, separable lean and fat, trimmed to 0"" fat, all grades, raw",,,MEAT,223.0,18.86,0.0,16.35,,USDA_FDC_SR_LEGACY,23143,2018-04,True,
"Beef, chuck eye steak, boneless, separable lean and fat, trimmed to 0"" fat, choice, cooked, grilled",,,MEAT,283.0,24.95,0.0,20.35,,USDA_FDC_SR_LEGACY,23141,2018-04,True,
"Beef, chuck eye steak, boneless, separable lean and fat, trimmed to 0"" fat, choice, raw",,,MEAT,227.0,18.86,0.0,16.85,,USDA_FDC_SR_LEGACY,23144,2018-04,True,
"Beef, chuck eye steak, boneless, separable lean and fat, trimmed to 0"" fat, select, cooked, grilled",,,MEAT,267.0,25.03,0.0,18.57,,USDA_FDC_SR_LEGACY,23142,2018-04,True,
"Beef, chuck eye steak, boneless, separable lean and fat, trimmed to 0"" fat, select, raw",,,MEAT,216.0,18.86,0.0,15.6,,USDA_FDC_SR_LEGACY,23145,2018-04,True,
"Beef, chuck eye steak, boneless, separable lean only, trimmed to 0"" fat, all grades, cooked, grilled",,,MEAT,209.0,27.94,0.0,10.79,,USDA_FDC_SR_LEGACY,23077,2018-04,True,
"Beef, chuck eye steak, boneless, separable lean only, trimmed to 0"" fat, all grades, raw",,,MEAT,153.0,21.29,0.0,7.56,,USDA_FDC_SR_LEGACY,23080,2018-04,True,
"Beef, chuck eye steak, boneless, separable lean only, trimmed to 0"" fat, choice, cooked, grilled",,,MEAT,215.0,27.97,0.0,11.47,,USDA_FDC_SR_LEGACY,23075,2018-04,True,
"Beef, chuck eye steak, boneless, separable lean only, trimmed to 0"" fat, choice, raw",,,MEAT,160.0,21.31,0.0,8.29,,USDA_FDC_SR_LEGACY,23078,2018-04,True,
"Beef, chuck eye steak, boneless, separable lean only, trimmed to 0"" fat, select, cooked, grilled",,,MEAT,199.0,27.88,0.0,9.77,,USDA_FDC_SR_LEGACY,23076,2018-04,True,
"Beef, chuck eye steak, boneless, separable lean only, trimmed to 0"" fat, select, raw",,,MEAT,143.0,21.28,0.0,6.47,,USDA_FDC_SR_LEGACY,23079,2018-04,True,
"Beef, chuck for stew, separable lean and fat, all grades, cooked, braised",,,MEAT,191.0,32.41,0.0,6.82,,USDA_FDC_SR_LEGACY,23090,2018-04,True,
"Beef, chuck for stew, separable lean and fat, all grades, raw",,,MEAT,128.0,21.75,0.16,4.48,,USDA_FDC_SR_LEGACY,23093,2018-04,True,
"Beef, chuck for stew, separable lean and fat, choice, cooked, braised",,,MEAT,194.0,32.49,0.0,7.14,,USDA_FDC_SR_LEGACY,23092,2018-04,True,
"Beef, chuck for stew, separable lean and fat, choice, raw",,,MEAT,130.0,21.64,0.12,4.81,,USDA_FDC_SR_LEGACY,23095,2018-04,True,
"Beef, chuck for stew, separable lean and fat, select, cooked, braised",,,MEAT,186.0,32.29,0.0,6.34,,USDA_FDC_SR_LEGACY,23091,2018-04,True,
"Beef, chuck for stew, separable lean and fat, select, raw",,,MEAT,124.0,21.9,0.21,3.99,,USDA_FDC_SR_LEGACY,23094,2018-04,True,
"Beef, chuck, arm pot roast, separable lean and fat, trimmed to 0"" fat, all grades, cooked, braised",,,MEAT,297.0,28.94,0.0,19.17,,USDA_FDC_SR_LEGACY,13373,2018-04,True,
"Beef, chuck, arm pot roast, separable lean and fat, trimmed to 0"" fat, select, cooked, braised",,,MEAT,283.0,29.23,0.0,17.56,,USDA_FDC_SR_LEGACY,13375,2018-04,True,
"Beef, chuck, arm pot roast, separable lean and fat, trimmed to 1/8"" fat, all grades, cooked, braised",,,MEAT,302.0,30.12,0.0,19.22,,USDA_FDC_SR_LEGACY,13810,2018-04,True,
"Beef, chuck, arm pot roast, separable lean and fat, trimmed to 1/8"" fat, all grades, raw",,,MEAT,244.0,19.23,0.0,17.98,,USDA_FDC_SR_LEGACY,13809,2018-04,True,
"Beef, chuck, arm pot roast, separable lean and fat, trimmed to 1/8"" fat, choice, cooked, braised",,,MEAT,309.0,30.2,0.0,19.93,,USDA_FDC_SR_LEGACY,13812,2018-04,True,
"Beef, chuck, arm pot roast, separable lean and fat, trimmed to 1/8"" fat, choice, raw",,,MEAT,249.0,19.14,0.0,18.57,,USDA_FDC_SR_LEGACY,13811,2018-04,True,
"Beef, chuck, arm pot roast, separable lean and fat, trimmed to 1/8"" fat, select, cooked, braised",,,MEAT,295.0,30.05,0.0,18.5,,USDA_FDC_SR_LEGACY,13814,2018-04,True,
"Beef, chuck, arm pot roast, separable lean and fat, trimmed to 1/8"" fat, select, raw",,,MEAT,239.0,19.33,0.0,17.39,,USDA_FDC_SR_LEGACY,13813,2018-04,True,
"Beef, chuck, arm pot roast, separable lean only, trimmed to 0"" fat, choice, cooked, braised",,,MEAT,212.0,33.36,0.0,7.67,,USDA_FDC_SR_LEGACY,13377,2018-04,True,
"Beef, chuck, arm pot roast, separable lean only, trimmed to 0"" fat, select, cooked, braised",,,MEAT,195.0,33.37,0.0,5.8,,USDA_FDC_SR_LEGACY,13378,2018-04,True,
"Beef, chuck, arm pot roast, separable lean only, trimmed to 1/8"" fat, all grades, cooked, braised",,,MEAT,214.0,34.66,0.0,7.36,,USDA_FDC_SR_LEGACY,23602,2018-04,True,
"Beef, chuck, arm pot roast, separable lean only, trimmed to 1/8"" fat, all grades, raw",,,MEAT,132.0,22.11,0.0,4.19,,USDA_FDC_SR_LEGACY,23603,2018-04,True,
"Beef, chuck, arm pot roast, separable lean only, trimmed to 1/8"" fat, choice, cooked, braised",,,MEAT,224.0,34.72,0.0,8.37,,USDA_FDC_SR_LEGACY,23614,2018-04,True,
"Beef, chuck, arm pot roast, separable lean only, trimmed to 1/8"" fat, choice, raw",,,MEAT,139.0,21.96,0.0,5.05,,USDA_FDC_SR_LEGACY,23612,2018-04,True,
"Beef, chuck, arm pot roast, separable lean only, trimmed to 1/8"" fat, select, cooked, braised",,,MEAT,205.0,34.6,0.0,6.35,,USDA_FDC_SR_LEGACY,23633,2018-04,True,
"Beef, chuck, arm pot roast, separable lean only, trimmed to 1/8"" fat, select, raw",,,MEAT,125.0,22.26,0.0,3.32,,USDA_FDC_SR_LEGACY,23631,2018-04,True,
"Beef, chuck, blade roast, separable lean and fat, trimmed to 0"" fat, all grades, cooked, braised",,,MEAT,334.0,27.18,0.0,24.14,,USDA_FDC_SR_LEGACY,13379,2018-04,True,
"Beef, chuck, blade roast, separable lean and fat, trimmed to 1/8"" fat, all grades, cooked, braised",,,MEAT,341.0,26.78,0.0,25.12,,USDA_FDC_SR_LEGACY,13816,2018-04,True,
"Beef, chuck, blade roast, separable lean and fat, trimmed to 1/8"" fat, all grades, raw",,,MEAT,248.0,17.16,0.0,19.41,,USDA_FDC_SR_LEGACY,13815,2018-04,True,
"Beef, chuck, blade roast, separable lean and fat, trimmed to 1/8"" fat, choice, cooked, braised",,,MEAT,359.0,26.37,0.0,27.26,,USDA_FDC_SR_LEGACY,13818,2018-04,True,
"Beef, chuck, blade roast, separable lean and fat, trimmed to 1/8"" fat, choice, raw",,,MEAT,268.0,16.98,0.97,21.31,,USDA_FDC_SR_LEGACY,13817,2018-04,True,
"Beef, chuck, blade roast, separable lean and fat, trimmed to 1/8"" fat, select, cooked, braised",,,MEAT,318.0,27.33,0.0,22.35,,USDA_FDC_SR_LEGACY,13820,2018-04,True,
"Beef, chuck, blade roast, separable lean and fat, trimmed to 1/8"" fat, select, raw",,,MEAT,230.0,17.37,0.0,17.33,,USDA_FDC_SR_LEGACY,13819,2018-04,True,
"Beef, chuck, blade roast, separable lean only, trimmed to 0"" fat, all grades, cooked, braised",,,MEAT,253.0,31.06,0.0,13.3,,USDA_FDC_SR_LEGACY,13382,2018-04,True,
"Beef, chuck, clod roast, separable lean and fat, trimmed to 0"" fat, all grades, cooked, roasted",,,MEAT,207.0,25.7,0.0,10.84,,USDA_FDC_SR_LEGACY,23552,2018-04,True,
"Beef, chuck, clod roast, separable lean and fat, trimmed to 0"" fat, choice, cooked, roasted",,,MEAT,216.0,24.61,0.0,12.26,,USDA_FDC_SR_LEGACY,23528,2018-04,True,
"Beef, chuck, clod roast, separable lean and fat, trimmed to 0"" fat, select, cooked, roasted",,,MEAT,196.0,27.3,0.0,8.76,,USDA_FDC_SR_LEGACY,23531,2018-04,True,
"Beef, chuck, clod roast, separable lean only, trimmed to 0"" fat, all grades, cooked, roasted",,,MEAT,172.0,26.82,0.0,6.34,,USDA_FDC_SR_LEGACY,23514,2018-04,True,
"Beef, chuck, clod roast, separable lean only, trimmed to 0"" fat, choice, cooked, roasted",,,MEAT,171.0,25.95,0.0,6.69,,USDA_FDC_SR_LEGACY,13937,2018-04,True,
"Beef, chuck, clod roast, separable lean only, trimmed to 0"" fat, select, cooked, roasted",,,MEAT,172.0,28.09,0.0,5.82,,USDA_FDC_SR_LEGACY,13940,2018-04,True,
"Beef, chuck, clod roast, separable lean only, trimmed to 1/4"" fat, all grades, cooked, roasted",,,MEAT,173.0,26.36,0.0,6.75,,USDA_FDC_SR_LEGACY,23515,2018-04,True,
"Beef, chuck, clod roast, separable lean only, trimmed to 1/4"" fat, all grades, raw",,,MEAT,129.0,19.63,0.0,5.02,,USDA_FDC_SR_LEGACY,23513,2018-04,True,
"Beef, chuck, clod steak, separable lean only, trimmed to 1/4"" fat, all grades, cooked, braised",,,MEAT,189.0,29.34,0.0,7.04,,USDA_FDC_SR_LEGACY,23517,2018-04,True,
"Beef, chuck, mock tender steak, boneless, separable lean and fat, trimmed to 0"" fat, all grades, cooked, braised",,,MEAT,220.0,32.07,0.0,10.18,,USDA_FDC_SR_LEGACY,23119,2018-04,True,
"Beef, chuck, mock tender steak, boneless, separable lean and fat, trimmed to 0"" fat, all grades, raw",,,MEAT,128.0,21.13,0.0,4.79,,USDA_FDC_SR_LEGACY,23122,2018-04,True,
"Beef, chuck, mock tender steak, boneless, separable lean and fat, trimmed to 0"" fat, choice, cooked, braised",,,MEAT,225.0,32.21,0.0,10.74,,USDA_FDC_SR_LEGACY,23120,2018-04,True,
"Beef, chuck, mock tender steak, boneless, separable lean and fat, trimmed to 0"" fat, choice, raw",,,MEAT,131.0,21.19,0.0,5.18,,USDA_FDC_SR_LEGACY,23123,2018-04,True,
"Beef, chuck, mock tender steak, boneless, separable lean and fat, trimmed to 0"" fat, select, cooked, braised",,,MEAT,211.0,31.86,0.0,9.34,,USDA_FDC_SR_LEGACY,23121,2018-04,True,
"Beef, chuck, mock tender steak, boneless, separable lean and fat, trimmed to 0"" fat, select, raw",,,MEAT,122.0,21.05,0.0,4.2,,USDA_FDC_SR_LEGACY,23124,2018-04,True,
"Beef, chuck, mock tender steak, boneless, separable lean only, trimmed to 0"" fat, all grades, cooked, braised",,,MEAT,190.0,33.31,0.0,6.34,,USDA_FDC_SR_LEGACY,23086,2018-04,True,
"Beef, chuck, mock tender steak, boneless, separable lean only, trimmed to 0"" fat, all grades, raw",,,MEAT,123.0,21.3,0.0,4.17,,USDA_FDC_SR_LEGACY,23089,2018-04,True,
"Beef, chuck, mock tender steak, boneless, separable lean only, trimmed to 0"" fat, choice, cooked, braised",,,MEAT,197.0,33.55,0.0,6.94,,USDA_FDC_SR_LEGACY,23084,2018-04,True,
"Beef, chuck, mock tender steak, boneless, separable lean only, trimmed to 0"" fat, choice, raw",,,MEAT,127.0,21.36,0.0,4.6,,USDA_FDC_SR_LEGACY,23087,2018-04,True,
"Beef, chuck, mock tender steak, boneless, separable lean only, trimmed to 0"" fat, select, cooked, braised",,,MEAT,181.0,32.96,0.0,5.44,,USDA_FDC_SR_LEGACY,23085,2018-04,True,
"Beef, chuck, mock tender steak, boneless, separable lean only, trimmed to 0"" fat, select, raw",,,MEAT,117.0,21.22,0.0,3.53,,USDA_FDC_SR_LEGACY,23088,2018-04,True,
"Beef, chuck, mock tender steak, separable lean and fat, trimmed to 0"" fat, USDA choice, cooked, broiled",,,MEAT,161.0,25.73,0.0,5.72,,USDA_FDC_SR_LEGACY,23519,2018-04,True,
"Beef, chuck, mock tender steak, separable lean and fat, trimmed to 0"" fat, USDA select, cooked, broiled",,,MEAT,159.0,26.08,0.0,5.24,,USDA_FDC_SR_LEGACY,23521,2018-04,True,
"Beef, chuck, mock tender steak, separable lean and fat, trimmed to 0"" fat, all grades, cooked, broiled",,,MEAT,160.0,25.87,0.0,5.52,,USDA_FDC_SR_LEGACY,23547,2018-04,True,
"Beef, chuck, mock tender steak, separable lean only, trimmed to 0"" fat, all grades, cooked, broiled",,,MEAT,159.0,25.9,0.0,5.42,,USDA_FDC_SR_LEGACY,23509,2018-04,True,
"Beef, chuck, mock tender steak, separable lean only, trimmed to 0"" fat, choice, cooked, broiled",,,MEAT,161.0,25.74,0.0,5.69,,USDA_FDC_SR_LEGACY,13961,2018-04,True,
"Beef, chuck, mock tender steak, separable lean only, trimmed to 0"" fat, select, cooked, broiled",,,MEAT,157.0,26.13,0.0,5.02,,USDA_FDC_SR_LEGACY,13963,2018-04,True,
"Beef, chuck, roast, boneless, choice, raw",,,MEAT,237.1,18.4,0.0,17.8,,USDA_FDC_FOUNDATION,100308,2026-04-30,True,
"Beef, chuck, short ribs, boneless, separable lean and fat, trimmed to 0"" fat, all grades, cooked, braised",,,MEAT,305.0,25.48,0.0,22.58,,USDA_FDC_SR_LEGACY,23125,2018-04,True,
"Beef, chuck, short ribs, boneless, separable lean and fat, trimmed to 0"" fat, all grades, raw",,,MEAT,235.0,17.48,0.0,18.33,,USDA_FDC_SR_LEGACY,23128,2018-04,True,
"Beef, chuck, short ribs, boneless, separable lean and fat, trimmed to 0"" fat, choice, cooked, braised",,,MEAT,317.0,25.26,0.0,24.05,,USDA_FDC_SR_LEGACY,23126,2018-04,True,
"Beef, chuck, short ribs, boneless, separable lean and fat, trimmed to 0"" fat, choice, raw",,,MEAT,240.0,17.22,0.0,19.03,,USDA_FDC_SR_LEGACY,23129,2018-04,True,
"Beef, chuck, short ribs, boneless, separable lean and fat, trimmed to 0"" fat, select, cooked, braised",,,MEAT,287.0,25.81,0.0,20.38,,USDA_FDC_SR_LEGACY,23127,2018-04,True,
"Beef, chuck, short ribs, boneless, separable lean and fat, trimmed to 0"" fat, select, raw",,,MEAT,227.0,17.87,0.0,17.28,,USDA_FDC_SR_LEGACY,23130,2018-04,True,
"Beef, chuck, short ribs, boneless, separable lean only, trimmed to 0"" fat, all grades, cooked, braised",,,MEAT,240.0,28.82,0.0,13.8,,USDA_FDC_SR_LEGACY,13982,2018-04,True,
"Beef, chuck, short ribs, boneless, separable lean only, trimmed to 0"" fat, all grades, raw",,,MEAT,169.0,19.68,0.05,10.02,,USDA_FDC_SR_LEGACY,23068,2018-04,True,
"Beef, chuck, short ribs, boneless, separable lean only, trimmed to 0"" fat, choice, cooked, braised",,,MEAT,250.0,28.84,0.0,14.95,,USDA_FDC_SR_LEGACY,13980,2018-04,True,
"Beef, chuck, short ribs, boneless, separable lean only, trimmed to 0"" fat, choice, raw",,,MEAT,175.0,19.38,0.29,10.7,,USDA_FDC_SR_LEGACY,23066,2018-04,True,
"Beef, chuck, short ribs, boneless, separable lean only, trimmed to 0"" fat, select, cooked, braised",,,MEAT,224.0,28.79,0.0,12.08,,USDA_FDC_SR_LEGACY,13981,2018-04,True,
"Beef, chuck, short ribs, boneless, separable lean only, trimmed to 0"" fat, select, raw",,,MEAT,161.0,20.14,0.0,8.99,,USDA_FDC_SR_LEGACY,23067,2018-04,True,
"Beef, chuck, shoulder clod, shoulder tender, medallion, separable lean and fat, trimmed to 0"" fat, all grades, cooked, grilled",,,MEAT,177.0,26.22,0.0,7.2,,USDA_FDC_SR_LEGACY,23054,2018-04,True,
"Beef, chuck, shoulder clod, shoulder tender, medallion, separable lean and fat, trimmed to 0"" fat, all grades, raw",,,MEAT,144.0,20.54,0.0,6.22,,USDA_FDC_SR_LEGACY,23053,2018-04,True,
"Beef, chuck, shoulder clod, shoulder tender, medallion, separable lean and fat, trimmed to 0"" fat, choice, cooked, grilled",,,MEAT,181.0,26.07,0.0,7.68,,USDA_FDC_SR_LEGACY,23035,2018-04,True,
"Beef, chuck, shoulder clod, shoulder tender, medallion, separable lean and fat, trimmed to 0"" fat, choice, raw",,,MEAT,145.0,20.51,0.0,6.36,,USDA_FDC_SR_LEGACY,23034,2018-04,True,
"Beef, chuck, shoulder clod, shoulder tender, medallion, separable lean and fat, trimmed to 0"" fat, select, cooked, grilled",,,MEAT,172.0,26.45,0.33,6.43,,USDA_FDC_SR_LEGACY,23065,2018-04,True,
"Beef, chuck, shoulder clod, shoulder tender, medallion, separable lean and fat, trimmed to 0"" fat, select, raw",,,MEAT,142.0,20.93,0.0,5.79,,USDA_FDC_SR_LEGACY,23036,2018-04,True,
"Beef, chuck, shoulder clod, shoulder top and center steaks, separable lean and fat, trimmed to 0"" fat, all grades, cooked, grilled",,,MEAT,182.0,26.3,0.12,7.66,,USDA_FDC_SR_LEGACY,23058,2018-04,True,
"Beef, chuck, shoulder clod, shoulder top and center steaks, separable lean and fat, trimmed to 0"" fat, all grades, raw",,,MEAT,141.0,20.67,0.0,5.88,,USDA_FDC_SR_LEGACY,23057,2018-04,True,
"Beef, chuck, shoulder clod, shoulder top and center steaks, separable lean and fat, trimmed to 0"" fat, choice, cooked, grilled",,,MEAT,184.0,26.07,0.0,8.11,,USDA_FDC_SR_LEGACY,23038,2018-04,True,
"Beef, chuck, shoulder clod, shoulder top and center steaks, separable lean and fat, trimmed to 0"" fat, choice, raw",,,MEAT,143.0,20.39,0.0,6.12,,USDA_FDC_SR_LEGACY,23037,2018-04,True,
"Beef, chuck, shoulder clod, shoulder top and center steaks, separable lean and fat, trimmed to 0"" fat, select, cooked, grilled",,,MEAT,176.0,26.66,0.0,6.94,,USDA_FDC_SR_LEGACY,23040,2018-04,True,
"Beef, chuck, shoulder clod, shoulder top and center steaks, separable lean and fat, trimmed to 0"" fat, select, raw",,,MEAT,140.0,21.13,0.0,5.51,,USDA_FDC_SR_LEGACY,23039,2018-04,True,
"Beef, chuck, shoulder clod, top blade, steak, separable lean and fat, trimmed to 0"" fat, all grades, cooked, grilled",,,MEAT,222.0,24.93,0.0,12.79,,USDA_FDC_SR_LEGACY,23060,2018-04,True,
"Beef, chuck, shoulder clod, top blade, steak, separable lean and fat, trimmed to 0"" fat, all grades, raw",,,MEAT,176.0,18.99,0.0,10.52,,USDA_FDC_SR_LEGACY,23059,2018-04,True,
"Beef, chuck, shoulder clod, top blade, steak, separable lean and fat, trimmed to 0"" fat, choice, cooked, grilled",,,MEAT,228.0,24.7,0.0,13.59,,USDA_FDC_SR_LEGACY,23042,2018-04,True,
"Beef, chuck, shoulder clod, top blade, steak, separable lean and fat, trimmed to 0"" fat, choice, raw",,,MEAT,182.0,18.75,0.0,11.33,,USDA_FDC_SR_LEGACY,23041,2018-04,True,
"Beef, chuck, shoulder clod, top blade, steak, separable lean and fat, trimmed to 0"" fat, select, cooked, grilled",,,MEAT,212.0,25.29,0.0,11.52,,USDA_FDC_SR_LEGACY,23044,2018-04,True,
"Beef, chuck, shoulder clod, top blade, steak, separable lean and fat, trimmed to 0"" fat, select, raw",,,MEAT,166.0,19.38,0.0,9.22,,USDA_FDC_SR_LEGACY,23043,2018-04,True,
"Beef, chuck, top blade, separable lean and fat, trimmed to 0"" fat, all grades, cooked, broiled",,,MEAT,216.0,25.73,0.0,11.73,,USDA_FDC_SR_LEGACY,23549,2018-04,True,
"Beef, chuck, top blade, separable lean and fat, trimmed to 0"" fat, choice, cooked, broiled",,,MEAT,227.0,25.77,0.0,12.93,,USDA_FDC_SR_LEGACY,23523,2018-04,True,
"Beef, chuck, top blade, separable lean and fat, trimmed to 0"" fat, select, cooked, broiled",,,MEAT,200.0,25.67,0.0,9.99,,USDA_FDC_SR_LEGACY,23525,2018-04,True,
"Beef, chuck, top blade, separable lean only, trimmed to 0"" fat, all grades, cooked, broiled",,,MEAT,203.0,26.13,0.0,10.16,,USDA_FDC_SR_LEGACY,23511,2018-04,True,
"Beef, chuck, top blade, separable lean only, trimmed to 0"" fat, choice, cooked, broiled",,,MEAT,217.0,26.11,0.0,11.65,,USDA_FDC_SR_LEGACY,13965,2018-04,True,
"Beef, chuck, top blade, separable lean only, trimmed to 0"" fat, select, cooked, broiled",,,MEAT,184.0,26.16,0.0,8.0,,USDA_FDC_SR_LEGACY,13967,2018-04,True,
"Beef, chuck, under blade center steak, boneless, Denver Cut, separable lean and fat, trimmed to 0"" fat, all grades, cooked, grilled",,,MEAT,227.0,26.18,0.21,13.54,,USDA_FDC_SR_LEGACY,23105,2018-04,True,
"Beef, chuck, under blade center steak, boneless, Denver Cut, separable lean and fat, trimmed to 0"" fat, all grades, raw",,,MEAT,182.0,18.99,0.36,11.64,,USDA_FDC_SR_LEGACY,23108,2018-04,True,
"Beef, chuck, under blade center steak, boneless, Denver Cut, separable lean and fat, trimmed to 0"" fat, choice, cooked, grilled",,,MEAT,236.0,26.1,0.4,14.41,,USDA_FDC_SR_LEGACY,23106,2018-04,True,
"Beef, chuck, under blade center steak, boneless, Denver Cut, separable lean and fat, trimmed to 0"" fat, choice, raw",,,MEAT,189.0,18.85,0.53,12.4,,USDA_FDC_SR_LEGACY,23109,2018-04,True,
"Beef, chuck, under blade center steak, boneless, Denver Cut, separable lean and fat, trimmed to 0"" fat, select, cooked, grilled",,,MEAT,215.0,26.3,0.0,12.25,,USDA_FDC_SR_LEGACY,23107,2018-04,True,
"Beef, chuck, under blade center steak, boneless, Denver Cut, separable lean and fat, trimmed to 0"" fat, select, raw",,,MEAT,172.0,19.2,0.09,10.5,,USDA_FDC_SR_LEGACY,23110,2018-04,True,
"Beef, chuck, under blade center steak, boneless, Denver Cut, separable lean only, trimmed to 0"" fat, all grades, cooked, grilled",,,MEAT,220.0,26.5,0.14,12.64,,USDA_FDC_SR_LEGACY,13351,2018-04,True,
"Beef, chuck, under blade center steak, boneless, Denver Cut, separable lean only, trimmed to 0"" fat, all grades, raw",,,MEAT,170.0,19.42,0.49,9.99,,USDA_FDC_SR_LEGACY,13356,2018-04,True,
"Beef, chuck, under blade center steak, boneless, Denver Cut, separable lean only, trimmed to 0"" fat, choice, cooked, grilled",,,MEAT,228.0,26.49,0.28,13.42,,USDA_FDC_SR_LEGACY,13352,2018-04,True,
"Beef, chuck, under blade center steak, boneless, Denver Cut, separable lean only, trimmed to 0"" fat, choice, raw",,,MEAT,178.0,19.23,0.67,10.96,,USDA_FDC_SR_LEGACY,13359,2018-04,True,
"Beef, chuck, under blade center steak, boneless, Denver Cut, separable lean only, trimmed to 0"" fat, select, cooked, grilled",,,MEAT,209.0,26.53,0.0,11.46,,USDA_FDC_SR_LEGACY,13354,2018-04,True,
"Beef, chuck, under blade center steak, boneless, Denver Cut, separable lean only, trimmed to 0"" fat, select, raw",,,MEAT,157.0,19.71,0.21,8.54,,USDA_FDC_SR_LEGACY,13499,2018-04,True,
"Beef, chuck, under blade pot roast or steak, boneless, separable lean and fat, trimmed to 0"" fat, all grades, raw",,,MEAT,196.0,19.17,0.0,13.26,,USDA_FDC_SR_LEGACY,23102,2018-04,True,
"Beef, chuck, under blade pot roast or steak, boneless, separable lean and fat, trimmed to 0"" fat, choice, raw",,,MEAT,202.0,19.15,0.0,13.93,,USDA_FDC_SR_LEGACY,23103,2018-04,True,
"Beef, chuck, under blade pot roast or steak, boneless, separable lean and fat, trimmed to 0"" fat, select, raw",,,MEAT,187.0,19.2,0.0,12.27,,USDA_FDC_SR_LEGACY,23104,2018-04,True,
"Beef, chuck, under blade pot roast or steak, boneless, separable lean only, trimmed to 0"" fat, all grades, raw",,,MEAT,140.0,21.13,0.31,6.07,,USDA_FDC_SR_LEGACY,13293,2018-04,True,
"Beef, chuck, under blade pot roast or steak, boneless, separable lean only, trimmed to 0"" fat, choice, raw",,,MEAT,145.0,21.19,0.39,6.51,,USDA_FDC_SR_LEGACY,13294,2018-04,True,
"Beef, chuck, under blade pot roast or steak, boneless, separable lean only, trimmed to 0"" fat, select, raw",,,MEAT,134.0,21.03,0.19,5.41,,USDA_FDC_SR_LEGACY,13349,2018-04,True,
"Beef, chuck, under blade pot roast, boneless, separable lean and fat, trimmed to 0"" fat, all grades, cooked, braised",,,MEAT,291.0,26.7,0.0,20.49,,USDA_FDC_SR_LEGACY,23099,2018-04,True,
"Beef, chuck, under blade pot roast, boneless, separable lean and fat, trimmed to 0"" fat, choice, cooked, braised",,,MEAT,306.0,26.39,0.0,21.48,,USDA_FDC_SR_LEGACY,13380,2018-04,True,
"Beef, chuck, under blade pot roast, boneless, separable lean and fat, trimmed to 0"" fat, select, cooked, braised",,,MEAT,288.0,27.17,0.0,19.02,,USDA_FDC_SR_LEGACY,13381,2018-04,True,
"Beef, chuck, under blade pot roast, boneless, separable lean only, trimmed to 0"" fat, all grades, cooked, braised",,,MEAT,216.0,30.54,0.0,10.46,,USDA_FDC_SR_LEGACY,13285,2018-04,True,
"Beef, chuck, under blade pot roast, boneless, separable lean only, trimmed to 0"" fat, choice, cooked, braised",,,MEAT,231.0,30.45,0.0,11.14,,USDA_FDC_SR_LEGACY,13383,2018-04,True,
"Beef, chuck, under blade pot roast, boneless, separable lean only, trimmed to 0"" fat, select, cooked, braised",,,MEAT,216.0,30.68,0.0,9.44,,USDA_FDC_SR_LEGACY,13384,2018-04,True,
"Beef, chuck, under blade steak, boneless, separable lean and fat, trimmed to 0"" fat, all grades, cooked, braised",,,MEAT,275.0,28.23,0.0,18.0,,USDA_FDC_SR_LEGACY,23116,2018-04,True,
"Beef, chuck, under blade steak, boneless, separable lean and fat, trimmed to 0"" fat, choice, cooked, braised",,,MEAT,284.0,27.6,0.0,19.3,,USDA_FDC_SR_LEGACY,23117,2018-04,True,
"Beef, chuck, under blade steak, boneless, separable lean and fat, trimmed to 0"" fat, select, cooked, braised",,,MEAT,261.0,29.18,0.0,16.05,,USDA_FDC_SR_LEGACY,23118,2018-04,True,
"Beef, chuck, under blade steak, boneless, separable lean only, trimmed to 0"" fat, all grades, cooked, braised",,,MEAT,219.0,31.35,0.0,10.41,,USDA_FDC_SR_LEGACY,23098,2018-04,True,
"Beef, chuck, under blade steak, boneless, separable lean only, trimmed to 0"" fat, choice, cooked, braised",,,MEAT,222.0,30.91,0.0,10.91,,USDA_FDC_SR_LEGACY,23096,2018-04,True,
"Beef, chuck, under blade steak, boneless, separable lean only, trimmed to 0"" fat, select, cooked, braised",,,MEAT,215.0,32.01,0.0,9.66,,USDA_FDC_SR_LEGACY,23097,2018-04,True,
"Beef, composite of trimmed retail cuts, separable lean and fat, trimmed to 0"" fat, all grades, cooked",,,MEAT,230.0,28.4,0.0,12.42,,USDA_FDC_SR_LEGACY,13361,2018-04,True,
"Beef, composite of trimmed retail cuts, separable lean and fat, trimmed to 0"" fat, all grades, raw",,,MEAT,167.0,20.95,0.0,9.3,,USDA_FDC_SR_LEGACY,23482,2018-04,True,
"Beef, composite of trimmed retail cuts, separable lean and fat, trimmed to 0"" fat, choice, cooked",,,MEAT,233.0,28.17,0.0,12.53,,USDA_FDC_SR_LEGACY,13362,2018-04,True,
"Beef, composite of trimmed retail cuts, separable lean and fat, trimmed to 0"" fat, choice, raw",,,MEAT,176.0,21.34,0.0,10.08,,USDA_FDC_SR_LEGACY,23494,2018-04,True,
"Beef, composite of trimmed retail cuts, separable lean and fat, trimmed to 0"" fat, select, cooked",,,MEAT,203.0,28.61,0.0,9.18,,USDA_FDC_SR_LEGACY,13363,2018-04,True,
"Beef, composite of trimmed retail cuts, separable lean and fat, trimmed to 0"" fat, select, raw",,,MEAT,157.0,21.2,0.0,8.0,,USDA_FDC_SR_LEGACY,23497,2018-04,True,
"Beef, composite of trimmed retail cuts, separable lean and fat, trimmed to 1/8"" fat, all grades, cooked",,,MEAT,259.0,26.11,0.0,16.59,,USDA_FDC_SR_LEGACY,13796,2018-04,True,
"Beef, composite of trimmed retail cuts, separable lean and fat, trimmed to 1/8"" fat, all grades, raw",,,MEAT,215.0,20.01,0.0,14.42,,USDA_FDC_SR_LEGACY,13795,2018-04,True,
"Beef, composite of trimmed retail cuts, separable lean and fat, trimmed to 1/8"" fat, choice, cooked",,,MEAT,268.0,25.85,0.0,17.68,,USDA_FDC_SR_LEGACY,13798,2018-04,True,
"Beef, composite of trimmed retail cuts, separable lean and fat, trimmed to 1/8"" fat, choice, raw",,,MEAT,224.0,19.79,0.0,15.42,,USDA_FDC_SR_LEGACY,13797,2018-04,True,
"Beef, composite of trimmed retail cuts, separable lean and fat, trimmed to 1/8"" fat, select, cooked",,,MEAT,245.0,26.06,0.0,15.09,,USDA_FDC_SR_LEGACY,13800,2018-04,True,
"Beef, composite of trimmed retail cuts, separable lean and fat, trimmed to 1/8"" fat, select, raw",,,MEAT,193.0,19.06,0.0,12.4,,USDA_FDC_SR_LEGACY,13799,2018-04,True,
"Beef, composite of trimmed retail cuts, separable lean only, trimmed to 0"" fat, all grades, cooked",,,MEAT,203.0,29.9,0.0,8.37,,USDA_FDC_SR_LEGACY,13364,2018-04,True,
"Beef, composite of trimmed retail cuts, separable lean only, trimmed to 0"" fat, all grades, raw",,,MEAT,138.0,22.15,0.0,5.54,,USDA_FDC_SR_LEGACY,23485,2018-04,True,
"Beef, composite of trimmed retail cuts, separable lean only, trimmed to 0"" fat, choice, cooked",,,MEAT,206.0,29.51,0.0,8.87,,USDA_FDC_SR_LEGACY,13365,2018-04,True,
"Beef, composite of trimmed retail cuts, separable lean only, trimmed to 0"" fat, choice, raw",,,MEAT,151.0,21.55,0.0,7.24,,USDA_FDC_SR_LEGACY,23495,2018-04,True,
"Beef, composite of trimmed retail cuts, separable lean only, trimmed to 0"" fat, select, cooked",,,MEAT,188.0,29.88,0.0,7.12,,USDA_FDC_SR_LEGACY,13366,2018-04,True,
"Beef, composite of trimmed retail cuts, separable lean only, trimmed to 0"" fat, select, raw",,,MEAT,133.0,22.03,0.0,4.99,,USDA_FDC_SR_LEGACY,23496,2018-04,True,
"Beef, composite of trimmed retail cuts, separable lean only, trimmed to 1/8"" fat, all grades, cooked",,,MEAT,194.0,28.95,0.0,8.15,,USDA_FDC_SR_LEGACY,23484,2018-04,True,
"Beef, composite of trimmed retail cuts, separable lean only, trimmed to 1/8"" fat, all grades, raw",,,MEAT,140.0,22.15,0.0,5.38,,USDA_FDC_SR_LEGACY,23483,2018-04,True,
"Beef, composite of trimmed retail cuts, separable lean only, trimmed to 1/8"" fat, choice, raw",,,MEAT,142.0,22.01,0.0,6.05,,USDA_FDC_SR_LEGACY,23490,2018-04,True,
"Beef, composite of trimmed retail cuts, separable lean only, trimmed to 1/8"" fat, select, cooked",,,MEAT,167.0,27.51,0.0,6.37,,USDA_FDC_SR_LEGACY,23498,2018-04,True,
"Beef, composite of trimmed retail cuts, separable lean only, trimmed to 1/8"" fat, select, raw",,,MEAT,130.0,22.37,0.0,4.55,,USDA_FDC_SR_LEGACY,23499,2018-04,True,
"Beef, cured, breakfast strips, cooked",,,MEAT,449.0,31.3,1.4,34.4,,USDA_FDC_SR_LEGACY,13345,2018-04,True,
"Beef, cured, breakfast strips, raw or unheated",,,MEAT,406.0,12.5,0.7,38.8,,USDA_FDC_SR_LEGACY,13344,2018-04,True,
"Beef, cured, corned beef, brisket, cooked",,,MEAT,251.0,18.17,0.47,18.98,,USDA_FDC_SR_LEGACY,13347,2018-04,True,
"Beef, cured, corned beef, brisket, raw",,,MEAT,198.0,14.68,0.14,14.9,,USDA_FDC_SR_LEGACY,13346,2018-04,True,
"Beef, cured, corned beef, canned",,,MEAT,250.0,27.1,0.0,14.93,,USDA_FDC_SR_LEGACY,13348,2018-04,True,
"Beef, cured, dried",,,MEAT,153.0,31.1,2.76,1.94,,USDA_FDC_SR_LEGACY,13350,2018-04,True,
"Beef, cured, luncheon meat, jellied",,,MEAT,111.0,19.0,0.0,3.3,,USDA_FDC_SR_LEGACY,13353,2018-04,True,
"Beef, cured, pastrami",,,MEAT,147.0,21.8,0.36,5.82,,USDA_FDC_SR_LEGACY,13355,2018-04,True,
"Beef, flank, steak, boneless, choice, raw",,,MEAT,169.56,20.13,0.0,9.4,,USDA_FDC_FOUNDATION,100309,2026-04-30,True,
"Beef, flank, steak, separable lean and fat, trimmed to 0"" fat, all grades, cooked, broiled",,,MEAT,192.0,27.66,0.0,8.23,,USDA_FDC_SR_LEGACY,13948,2018-04,True,
"Beef, flank, steak, separable lean and fat, trimmed to 0"" fat, all grades, raw",,,MEAT,155.0,21.22,0.0,7.17,,USDA_FDC_SR_LEGACY,13970,2018-04,True,
"Beef, flank, steak, separable lean and fat, trimmed to 0"" fat, choice, cooked, braised",,,MEAT,263.0,26.98,0.0,16.44,,USDA_FDC_SR_LEGACY,13066,2018-04,True,
"Beef, flank, steak, separable lean and fat, trimmed to 0"" fat, choice, cooked, broiled",,,MEAT,202.0,27.55,0.0,9.31,,USDA_FDC_SR_LEGACY,13067,2018-04,True,
"Beef, flank, steak, separable lean and fat, trimmed to 0"" fat, choice, raw",,,MEAT,165.0,21.22,0.0,8.29,,USDA_FDC_SR_LEGACY,13065,2018-04,True,
"Beef, flank, steak, separable lean and fat, trimmed to 0"" fat, select, cooked, broiled",,,MEAT,183.0,27.78,0.0,7.15,,USDA_FDC_SR_LEGACY,13949,2018-04,True,
"Beef, flank, steak, separable lean and fat, trimmed to 0"" fat, select, raw",,,MEAT,145.0,21.22,0.0,6.06,,USDA_FDC_SR_LEGACY,13971,2018-04,True,
"Beef, flank, steak, separable lean only, trimmed to 0"" fat, all grades, cooked, broiled",,,MEAT,186.0,27.89,0.0,7.4,,USDA_FDC_SR_LEGACY,23654,2018-04,True,
"Beef, flank, steak, separable lean only, trimmed to 0"" fat, all grades, raw",,,MEAT,141.0,21.57,0.0,5.47,,USDA_FDC_SR_LEGACY,23656,2018-04,True,
"Beef, flank, steak, separable lean only, trimmed to 0"" fat, choice, cooked, braised",,,MEAT,237.0,28.02,0.0,13.0,,USDA_FDC_SR_LEGACY,13069,2018-04,True,
"Beef, flank, steak, separable lean only, trimmed to 0"" fat, choice, cooked, broiled",,,MEAT,194.0,27.82,0.0,8.32,,USDA_FDC_SR_LEGACY,13070,2018-04,True,
"Beef, flank, steak, separable lean only, trimmed to 0"" fat, choice, raw",,,MEAT,149.0,21.72,0.0,6.29,,USDA_FDC_SR_LEGACY,13068,2018-04,True,
"Beef, flank, steak, separable lean only, trimmed to 0"" fat, select, cooked, broiled",,,MEAT,178.0,27.96,0.0,6.48,,USDA_FDC_SR_LEGACY,23655,2018-04,True,
"Beef, flank, steak, separable lean only, trimmed to 0"" fat, select, raw",,,MEAT,137.0,21.43,0.0,5.0,,USDA_FDC_SR_LEGACY,23657,2018-04,True,
"Beef, grass-fed, ground, raw",,,MEAT,198.0,19.42,0.0,12.73,,USDA_FDC_SR_LEGACY,13047,2018-04,True,
"Beef, grass-fed, strip steaks, lean only, raw",,,MEAT,117.0,23.07,0.0,2.69,,USDA_FDC_SR_LEGACY,13000,2018-04,True,
"Beef, ground, 70% lean meat / 30% fat, crumbles, cooked, pan-browned",,,MEAT,270.0,25.56,0.0,17.86,,USDA_FDC_SR_LEGACY,13494,2018-04,True,
"Beef, ground, 70% lean meat / 30% fat, loaf, cooked, baked",,,MEAT,241.0,23.87,0.0,15.37,,USDA_FDC_SR_LEGACY,13495,2018-04,True,
"Beef, ground, 70% lean meat / 30% fat, patty cooked, pan-broiled",,,MEAT,238.0,22.86,0.0,15.54,,USDA_FDC_SR_LEGACY,13496,2018-04,True,
"Beef, ground, 70% lean meat / 30% fat, patty, cooked, broiled",,,MEAT,277.0,25.38,0.0,18.66,,USDA_FDC_SR_LEGACY,13497,2018-04,True,
"Beef, ground, 70% lean meat / 30% fat, raw",,,MEAT,332.0,14.35,0.0,30.0,,USDA_FDC_SR_LEGACY,13498,2018-04,True,
"Beef, ground, 75% lean meat / 25% fat, crumbles, cooked, pan-browned",,,MEAT,277.0,26.28,0.0,18.21,,USDA_FDC_SR_LEGACY,23580,2018-04,True,
"Beef, ground, 75% lean meat / 25% fat, loaf, cooked, baked",,,MEAT,254.0,24.56,0.0,16.5,,USDA_FDC_SR_LEGACY,23581,2018-04,True,
"Beef, ground, 75% lean meat / 25% fat, patty, cooked, broiled",,,MEAT,279.0,25.56,0.0,18.87,,USDA_FDC_SR_LEGACY,23578,2018-04,True,
"Beef, ground, 75% lean meat / 25% fat, patty, cooked, pan-broiled",,,MEAT,248.0,23.45,0.0,16.44,,USDA_FDC_SR_LEGACY,23579,2018-04,True,
"Beef, ground, 75% lean meat / 25% fat, raw",,,MEAT,293.0,15.76,0.0,25.0,,USDA_FDC_SR_LEGACY,23577,2018-04,True,
"Beef, ground, 80% lean meat / 20% fat, crumbles, cooked, pan-browned",,,MEAT,272.0,27.0,0.0,17.36,,USDA_FDC_SR_LEGACY,23575,2018-04,True,
"Beef, ground, 80% lean meat / 20% fat, loaf, cooked, baked",,,MEAT,254.0,25.25,0.0,16.17,,USDA_FDC_SR_LEGACY,23576,2018-04,True,
"Beef, ground, 80% lean meat / 20% fat, patty, cooked, broiled",,,MEAT,270.0,25.75,0.0,17.78,,USDA_FDC_SR_LEGACY,23573,2018-04,True,
"Beef, ground, 80% lean meat / 20% fat, patty, cooked, pan-broiled",,,MEAT,246.0,24.04,0.0,15.94,,USDA_FDC_SR_LEGACY,23574,2018-04,True,
"Beef, ground, 80% lean meat / 20% fat, raw",,,MEAT,247.81,17.53,0.0,19.44,,USDA_FDC_FOUNDATION,23572,2026-04-30,True,
"Beef, ground, 85% lean meat / 15% fat, crumbles, cooked, pan-browned",,,MEAT,256.0,27.73,0.0,15.3,,USDA_FDC_SR_LEGACY,23570,2018-04,True,
"Beef, ground, 85% lean meat / 15% fat, loaf, cooked, baked",,,MEAT,240.0,25.93,0.0,14.36,,USDA_FDC_SR_LEGACY,23571,2018-04,True,
"Beef, ground, 85% lean meat / 15% fat, patty, cooked, broiled",,,MEAT,250.0,25.93,0.0,15.41,,USDA_FDC_SR_LEGACY,23568,2018-04,True,
"Beef, ground, 85% lean meat / 15% fat, patty, cooked, pan-broiled",,,MEAT,232.0,24.62,0.0,14.02,,USDA_FDC_SR_LEGACY,23569,2018-04,True,
"Beef, ground, 85% lean meat / 15% fat, raw (Includes foods for USDA's Food Distribution Program)",,,MEAT,215.0,18.59,0.0,15.0,,USDA_FDC_SR_LEGACY,23567,2018-04,True,
"Beef, ground, 90% lean meat / 10% fat, crumbles, cooked, pan-browned",,,MEAT,230.0,28.45,0.0,12.04,,USDA_FDC_SR_LEGACY,23565,2018-04,True,
"Beef, ground, 90% lean meat / 10% fat, loaf, cooked, baked",,,MEAT,214.0,26.62,0.0,11.1,,USDA_FDC_SR_LEGACY,23566,2018-04,True,
"Beef, ground, 90% lean meat / 10% fat, patty, cooked, broiled",,,MEAT,217.0,26.11,0.0,11.75,,USDA_FDC_SR_LEGACY,23563,2018-04,True,
"Beef, ground, 90% lean meat / 10% fat, patty, cooked, pan-broiled",,,MEAT,204.0,25.21,0.0,10.68,,USDA_FDC_SR_LEGACY,23564,2018-04,True,
"Beef, ground, 90% lean meat / 10% fat, raw",,,MEAT,190.13,18.16,0.0,12.85,,USDA_FDC_FOUNDATION,23562,2026-04-30,True,
"Beef, ground, 93% lean meat / 7% fat, crumbles, cooked, pan-browned",,,MEAT,209.0,28.88,0.0,9.51,,USDA_FDC_SR_LEGACY,23476,2018-04,True,
"Beef, ground, 93% lean meat / 7% fat, loaf, cooked, baked",,,MEAT,192.0,27.03,0.0,8.43,,USDA_FDC_SR_LEGACY,23475,2018-04,True,
"Beef, ground, 93% lean meat / 7% fat, patty, cooked, broiled",,,MEAT,193.0,26.22,0.0,8.94,,USDA_FDC_SR_LEGACY,23473,2018-04,True,
"Beef, ground, 93% lean meat / 7% fat, raw",,,MEAT,152.0,20.85,0.0,7.0,,USDA_FDC_SR_LEGACY,23472,2018-04,True,
"Beef, ground, 93% lean meat /7% fat, patty, cooked, pan-broiled",,,MEAT,182.0,25.56,0.06,8.01,,USDA_FDC_SR_LEGACY,23474,2018-04,True,
"Beef, ground, 95% lean meat / 5% fat, crumbles, cooked, pan-browned",,,MEAT,193.0,29.17,0.0,7.58,,USDA_FDC_SR_LEGACY,23560,2018-04,True,
"Beef, ground, 95% lean meat / 5% fat, loaf, cooked, baked",,,MEAT,174.0,27.31,0.0,6.37,,USDA_FDC_SR_LEGACY,23561,2018-04,True,
"Beef, ground, 95% lean meat / 5% fat, patty, cooked, broiled",,,MEAT,174.0,26.29,0.0,6.8,,USDA_FDC_SR_LEGACY,23558,2018-04,True,
"Beef, ground, 95% lean meat / 5% fat, patty, cooked, pan-broiled",,,MEAT,164.0,25.8,0.0,5.94,,USDA_FDC_SR_LEGACY,23559,2018-04,True,
"Beef, ground, 95% lean meat / 5% fat, raw",,,MEAT,137.0,21.41,0.0,5.0,,USDA_FDC_SR_LEGACY,23557,2018-04,True,
"Beef, ground, 97% lean meat / 3% fat, crumbles, cooked, pan-browned",,,MEAT,175.0,29.46,0.0,5.46,,USDA_FDC_SR_LEGACY,23481,2018-04,True,
"Beef, ground, 97% lean meat / 3% fat, loaf, cooked, baked",,,MEAT,154.0,27.58,0.0,4.06,,USDA_FDC_SR_LEGACY,23480,2018-04,True,
"Beef, ground, 97% lean meat / 3% fat, patty, cooked, broiled",,,MEAT,153.0,26.36,0.0,4.46,,USDA_FDC_SR_LEGACY,23478,2018-04,True,
"Beef, ground, 97% lean meat / 3% fat, raw",,,MEAT,121.0,21.98,0.0,3.0,,USDA_FDC_SR_LEGACY,23477,2018-04,True,
"Beef, ground, 97% lean meat /3% fat, patty, cooked, pan-broiled",,,MEAT,144.0,26.03,0.0,3.65,,USDA_FDC_SR_LEGACY,23479,2018-04,True,
"Beef, ground, patties, frozen, cooked, broiled",,,MEAT,295.0,23.05,0.0,21.83,,USDA_FDC_SR_LEGACY,13317,2018-04,True,
"Beef, ground, unspecified fat content, cooked",,,MEAT,240.0,25.07,0.62,14.53,,USDA_FDC_SR_LEGACY,23220,2018-04,True,
"Beef, loin, bottom sirloin butt, tri-tip roast, separable lean only, trimmed to 0"" fat, all grades, cooked, roasted",,,MEAT,182.0,26.75,0.0,8.34,,USDA_FDC_SR_LEGACY,13985,2018-04,True,
"Beef, loin, bottom sirloin butt, tri-tip steak, separable lean and fat, trimmed to 0"" fat, all grades, cooked, broiled",,,MEAT,265.0,29.97,0.0,15.18,,USDA_FDC_SR_LEGACY,23545,2018-04,True,
"Beef, loin, tenderloin roast, boneless, separable lean and fat, trimmed to 0"" fat, all grades, cooked, roasted",,,MEAT,183.0,27.31,0.0,8.14,,USDA_FDC_SR_LEGACY,23345,2018-04,True,
"Beef, loin, tenderloin roast, boneless, separable lean and fat, trimmed to 0"" fat, all grades, raw",,,MEAT,149.0,21.67,0.0,6.93,,USDA_FDC_SR_LEGACY,23336,2018-04,True,
"Beef, loin, tenderloin roast, boneless, separable lean and fat, trimmed to 0"" fat, choice, cooked, roasted",,,MEAT,188.0,27.26,0.0,8.82,,USDA_FDC_SR_LEGACY,23346,2018-04,True,
"Beef, loin, tenderloin roast, boneless, separable lean and fat, trimmed to 0"" fat, choice, raw",,,MEAT,153.0,21.5,0.0,7.4,,USDA_FDC_SR_LEGACY,23337,2018-04,True,
"Beef, loin, tenderloin roast, boneless, separable lean and fat, trimmed to 0"" fat, select, cooked, roasted",,,MEAT,174.0,27.38,0.0,7.12,,USDA_FDC_SR_LEGACY,23347,2018-04,True,
"Beef, loin, tenderloin roast, boneless, separable lean and fat, trimmed to 0"" fat, select, raw",,,MEAT,144.0,21.91,0.0,6.21,,USDA_FDC_SR_LEGACY,23338,2018-04,True,
"Beef, loin, tenderloin roast, boneless, separable lean only, trimmed to 0"" fat, all grades, cooked, roasted",,,MEAT,177.0,27.51,0.0,7.49,,USDA_FDC_SR_LEGACY,23375,2018-04,True,
"Beef, loin, tenderloin roast, boneless, separable lean only, trimmed to 0"" fat, all grades, raw",,,MEAT,139.0,21.94,0.0,5.74,,USDA_FDC_SR_LEGACY,23366,2018-04,True,
"Beef, loin, tenderloin roast, boneless, separable lean only, trimmed to 0"" fat, choice, cooked, roasted",,,MEAT,183.0,27.48,0.0,8.13,,USDA_FDC_SR_LEGACY,23376,2018-04,True,
"Beef, loin, tenderloin roast, boneless, separable lean only, trimmed to 0"" fat, choice, raw",,,MEAT,143.0,21.78,0.0,6.16,,USDA_FDC_SR_LEGACY,23367,2018-04,True,
"Beef, loin, tenderloin roast, boneless, separable lean only, trimmed to 0"" fat, select, raw",,,MEAT,135.0,22.16,0.0,5.1,,USDA_FDC_SR_LEGACY,23368,2018-04,True,
"Beef, loin, tenderloin roast, separable lean only, boneless, trimmed to 0"" fat, select, cooked, roasted",,,MEAT,176.0,27.7,0.0,6.36,,USDA_FDC_FOUNDATION,23377,2026-04-30,True,
"Beef, loin, tenderloin steak, boneless, separable lean and fat, trimmed to 0"" fat, all grades, cooked, grilled",,,MEAT,211.0,30.5,0.0,8.91,,USDA_FDC_SR_LEGACY,13439,2018-04,True,
"Beef, loin, tenderloin steak, boneless, separable lean and fat, trimmed to 0"" fat, all grades, raw",,,MEAT,147.0,21.72,0.0,6.67,,USDA_FDC_SR_LEGACY,23342,2018-04,True,
"Beef, loin, tenderloin steak, boneless, separable lean and fat, trimmed to 0"" fat, choice, cooked, grilled",,,MEAT,217.0,30.21,0.0,9.71,,USDA_FDC_SR_LEGACY,13440,2018-04,True,
"Beef, loin, tenderloin steak, boneless, separable lean and fat, trimmed to 0"" fat, choice, raw",,,MEAT,150.0,21.57,0.0,7.1,,USDA_FDC_SR_LEGACY,23343,2018-04,True,
"Beef, loin, tenderloin steak, boneless, separable lean and fat, trimmed to 0"" fat, select, cooked, grilled",,,MEAT,202.0,30.93,0.0,7.7,,USDA_FDC_SR_LEGACY,13441,2018-04,True,
"Beef, loin, tenderloin steak, boneless, separable lean and fat, trimmed to 0"" fat, select, raw",,,MEAT,142.0,21.95,0.0,6.02,,USDA_FDC_SR_LEGACY,23344,2018-04,True,
"Beef, loin, tenderloin steak, boneless, separable lean only, trimmed to 0"" fat, all grades, cooked, grilled",,,MEAT,198.0,30.7,0.0,8.32,,USDA_FDC_SR_LEGACY,13442,2018-04,True,
"Beef, loin, tenderloin steak, boneless, separable lean only, trimmed to 0"" fat, all grades, raw",,,MEAT,139.0,21.94,0.0,5.74,,USDA_FDC_SR_LEGACY,23372,2018-04,True,
"Beef, loin, tenderloin steak, boneless, separable lean only, trimmed to 0"" fat, choice, cooked, grilled",,,MEAT,211.0,30.45,0.0,9.03,,USDA_FDC_SR_LEGACY,13443,2018-04,True,
"Beef, loin, tenderloin steak, boneless, separable lean only, trimmed to 0"" fat, choice, raw",,,MEAT,143.0,21.78,0.0,6.16,,USDA_FDC_SR_LEGACY,23373,2018-04,True,
"Beef, loin, tenderloin steak, boneless, separable lean only, trimmed to 0"" fat, select, cooked, grilled",,,MEAT,198.0,31.09,0.0,7.25,,USDA_FDC_SR_LEGACY,13444,2018-04,True,
"Beef, loin, tenderloin steak, boneless, separable lean only, trimmed to 0"" fat, select, raw",,,MEAT,135.0,22.16,0.0,5.1,,USDA_FDC_SR_LEGACY,23374,2018-04,True,
"Beef, loin, top loin steak, boneless, lip off, separable lean and fat, trimmed to 0"" fat, all grades, cooked, grilled",,,MEAT,223.0,28.57,0.0,11.15,,USDA_FDC_SR_LEGACY,13445,2018-04,True,
"Beef, loin, top loin steak, boneless, lip off, separable lean and fat, trimmed to 0"" fat, all grades, raw",,,MEAT,163.0,22.43,0.0,8.17,,USDA_FDC_SR_LEGACY,23339,2018-04,True,
"Beef, loin, top loin steak, boneless, lip off, separable lean and fat, trimmed to 0"" fat, choice, cooked, grilled",,,MEAT,233.0,28.19,0.0,12.51,,USDA_FDC_SR_LEGACY,13446,2018-04,True,
"Beef, loin, top loin steak, boneless, lip off, separable lean and fat, trimmed to 0"" fat, choice, raw",,,MEAT,171.0,22.19,0.0,9.16,,USDA_FDC_SR_LEGACY,23340,2018-04,True,
"Beef, loin, top loin steak, boneless, lip off, separable lean and fat, trimmed to 0"" fat, select, cooked, grilled",,,MEAT,207.0,29.16,0.0,9.12,,USDA_FDC_SR_LEGACY,13447,2018-04,True,
"Beef, loin, top loin steak, boneless, lip off, separable lean and fat, trimmed to 0"" fat, select, raw",,,MEAT,151.0,22.79,0.0,6.67,,USDA_FDC_SR_LEGACY,23341,2018-04,True,
"Beef, loin, top loin steak, boneless, lip off, separable lean only, trimmed to 0"" fat, all grades, cooked, grilled",,,MEAT,202.0,29.53,0.0,8.41,,USDA_FDC_SR_LEGACY,13448,2018-04,True,
"Beef, loin, top loin steak, boneless, lip off, separable lean only, trimmed to 0"" fat, all grades, raw",,,MEAT,143.0,23.07,0.0,5.67,,USDA_FDC_SR_LEGACY,23369,2018-04,True,
"Beef, loin, top loin steak, boneless, lip off, separable lean only, trimmed to 0"" fat, choice, cooked, grilled",,,MEAT,211.0,29.22,0.0,9.52,,USDA_FDC_SR_LEGACY,13449,2018-04,True,
"Beef, loin, top loin steak, boneless, lip off, separable lean only, trimmed to 0"" fat, choice, raw",,,MEAT,149.0,22.93,0.0,6.34,,USDA_FDC_SR_LEGACY,23370,2018-04,True,
"Beef, loin, top loin steak, boneless, lip off, separable lean only, trimmed to 0"" fat, select, cooked, grilled",,,MEAT,189.0,29.99,0.0,6.74,,USDA_FDC_SR_LEGACY,13450,2018-04,True,
"Beef, loin, top loin steak, boneless, lip off, separable lean only, trimmed to 0"" fat, select, raw",,,MEAT,135.0,23.3,0.0,4.66,,USDA_FDC_SR_LEGACY,23371,2018-04,True,
"Beef, loin, top loin steak, boneless, lip-on, separable lean and fat, trimmed to 1/8"" fat, all grades, cooked, grilled",,,MEAT,264.0,26.18,0.0,17.69,,USDA_FDC_SR_LEGACY,23391,2018-04,True,
"Beef, loin, top loin steak, boneless, lip-on, separable lean and fat, trimmed to 1/8"" fat, all grades, raw",,,MEAT,199.0,21.29,0.0,12.68,,USDA_FDC_SR_LEGACY,23388,2018-04,True,
"Beef, loin, top loin steak, boneless, lip-on, separable lean and fat, trimmed to 1/8"" fat, choice, cooked, grilled",,,MEAT,275.0,25.69,0.0,19.19,,USDA_FDC_SR_LEGACY,23389,2018-04,True,
"Beef, loin, top loin steak, boneless, lip-on, separable lean and fat, trimmed to 1/8"" fat, choice, raw",,,MEAT,205.0,21.13,0.0,13.36,,USDA_FDC_SR_LEGACY,23395,2018-04,True,
"Beef, loin, top loin steak, boneless, lip-on, separable lean and fat, trimmed to 1/8"" fat, select, cooked, grilled",,,MEAT,247.0,26.92,0.0,15.44,,USDA_FDC_SR_LEGACY,23390,2018-04,True,
"Beef, loin, top loin steak, boneless, lip-on, separable lean and fat, trimmed to 1/8"" fat, select, raw",,,MEAT,191.0,21.54,0.0,11.65,,USDA_FDC_SR_LEGACY,23387,2018-04,True,
"Beef, loin, top loin steak, boneless, lip-on, separable lean only, trimmed to 1/8"" fat, all grades, cooked, grilled",,,MEAT,198.0,29.06,0.0,9.11,,USDA_FDC_SR_LEGACY,23394,2018-04,True,
"Beef, loin, top loin steak, boneless, lip-on, separable lean only, trimmed to 1/8"" fat, all grades, raw",,,MEAT,143.0,23.07,0.0,5.67,,USDA_FDC_SR_LEGACY,23386,2018-04,True,
"Beef, loin, top loin steak, boneless, lip-on, separable lean only, trimmed to 1/8"" fat, choice, cooked, grilled",,,MEAT,208.0,28.66,0.0,10.34,,USDA_FDC_SR_LEGACY,23392,2018-04,True,
"Beef, loin, top loin steak, boneless, lip-on, separable lean only, trimmed to 1/8"" fat, choice, raw",,,MEAT,155.0,22.8,0.0,6.39,,USDA_FDC_FOUNDATION,23385,2026-04-30,True,
"Beef, loin, top loin steak, boneless, lip-on, separable lean only, trimmed to 1/8"" fat, select, cooked, grilled",,,MEAT,184.0,29.67,0.0,7.26,,USDA_FDC_SR_LEGACY,23393,2018-04,True,
"Beef, loin, top loin steak, boneless, lip-on, separable lean only, trimmed to 1/8"" fat, select, raw",,,MEAT,135.0,23.3,0.0,4.66,,USDA_FDC_SR_LEGACY,23384,2018-04,True,
"Beef, loin, top loin, separable lean and fat, trimmed to 1/8"" fat, all grades, cooked, grilled",,,MEAT,264.0,26.44,0.0,16.78,,USDA_FDC_SR_LEGACY,13910,2018-04,True,
"Beef, loin, top loin, separable lean and fat, trimmed to 1/8"" fat, choice, raw",,,MEAT,237.0,19.32,0.0,17.1,,USDA_FDC_SR_LEGACY,13911,2018-04,True,
"Beef, loin, top loin, separable lean and fat, trimmed to 1/8"" fat, select, cooked, grilled",,,MEAT,250.0,26.72,0.0,15.11,,USDA_FDC_SR_LEGACY,13914,2018-04,True,
"Beef, loin, top loin, separable lean and fat, trimmed to 1/8"" fat, select, raw",,,MEAT,224.0,20.59,0.0,15.04,,USDA_FDC_SR_LEGACY,13913,2018-04,True,
"Beef, loin, top sirloin cap steak, boneless, separable lean and fat, trimmed to 1/8"" fat, all grades, cooked, grilled",,,MEAT,242.0,26.0,0.8,15.0,,USDA_FDC_SR_LEGACY,23278,2018-04,True,
"Beef, loin, top sirloin cap steak, boneless, separable lean and fat, trimmed to 1/8"" fat, all grades, raw",,,MEAT,191.0,19.9,0.0,12.4,,USDA_FDC_SR_LEGACY,23281,2018-04,True,
"Beef, loin, top sirloin cap steak, boneless, separable lean and fat, trimmed to 1/8"" fat, choice, cooked, grilled",,,MEAT,238.0,26.3,1.1,14.3,,USDA_FDC_SR_LEGACY,23279,2018-04,True,
"Beef, loin, top sirloin cap steak, boneless, separable lean and fat, trimmed to 1/8"" fat, choice, raw",,,MEAT,199.0,19.7,0.0,13.4,,USDA_FDC_SR_LEGACY,23282,2018-04,True,
"Beef, loin, top sirloin cap steak, boneless, separable lean and fat, trimmed to 1/8"" fat, select, cooked, grilled",,,MEAT,249.0,25.5,0.4,16.1,,USDA_FDC_SR_LEGACY,23280,2018-04,True,
"Beef, loin, top sirloin cap steak, boneless, separable lean and fat, trimmed to 1/8"" fat, select, raw",,,MEAT,179.0,20.1,0.0,10.9,,USDA_FDC_SR_LEGACY,23283,2018-04,True,
"Beef, loin, top sirloin cap steak, boneless, separable lean only, trimmed to 1/8"" fat, all grades, cooked, grilled",,,MEAT,181.0,28.26,0.73,7.23,,USDA_FDC_SR_LEGACY,23241,2018-04,True,
"Beef, loin, top sirloin cap steak, boneless, separable lean only, trimmed to 1/8"" fat, all grades, raw",,,MEAT,134.0,21.38,0.0,5.36,,USDA_FDC_SR_LEGACY,23244,2018-04,True,
"Beef, loin, top sirloin cap steak, boneless, separable lean only, trimmed to 1/8"" fat, choice, cooked, grilled",,,MEAT,189.0,28.19,1.07,7.96,,USDA_FDC_SR_LEGACY,23242,2018-04,True,
"Beef, loin, top sirloin cap steak, boneless, separable lean only, trimmed to 1/8"" fat, choice, raw",,,MEAT,138.0,21.34,0.0,5.82,,USDA_FDC_SR_LEGACY,23245,2018-04,True,
"Beef, loin, top sirloin cap steak, boneless, separable lean only, trimmed to 1/8"" fat, select, cooked, grilled",,,MEAT,170.0,28.36,0.22,6.14,,USDA_FDC_SR_LEGACY,23243,2018-04,True,
"Beef, loin, top sirloin cap steak, boneless, separable lean only, trimmed to 1/8"" fat, select, raw",,,MEAT,128.0,21.44,0.0,4.68,,USDA_FDC_SR_LEGACY,23246,2018-04,True,
"Beef, loin, top sirloin filet, boneless, separable lean only, trimmed to 0"" fat, all grades, cooked, grilled",,,MEAT,171.0,30.58,0.0,5.37,,USDA_FDC_SR_LEGACY,23256,2018-04,True,
"Beef, loin, top sirloin filet, boneless, separable lean only, trimmed to 0"" fat, choice, cooked, grilled",,,MEAT,174.0,30.45,0.0,5.83,,USDA_FDC_SR_LEGACY,23257,2018-04,True,
"Beef, loin, top sirloin filet, boneless, separable lean only, trimmed to 0"" fat, select, cooked, grilled",,,MEAT,165.0,30.78,0.0,4.68,,USDA_FDC_SR_LEGACY,23258,2018-04,True,
"Beef, loin, top sirloin petite roast, boneless, separable lean only, trimmed to 0"" fat, all grades, cooked, roasted",,,MEAT,170.0,29.12,0.0,5.92,,USDA_FDC_SR_LEGACY,23259,2018-04,True,
"Beef, loin, top sirloin petite roast, boneless, separable lean only, trimmed to 0"" fat, choice, cooked, roasted",,,MEAT,173.0,28.97,0.0,6.37,,USDA_FDC_SR_LEGACY,23239,2018-04,True,
"Beef, loin, top sirloin petite roast, boneless, separable lean only, trimmed to 0"" fat, select, cooked, roasted",,,MEAT,165.0,29.35,0.0,5.25,,USDA_FDC_SR_LEGACY,23260,2018-04,True,
"Beef, loin, top sirloin petite roast/filet, boneless, separable lean only, trimmed to 0"" fat, all grades, raw",,,MEAT,128.0,23.04,0.0,3.98,,USDA_FDC_SR_LEGACY,23261,2018-04,True,
"Beef, loin, top sirloin petite roast/filet, boneless, separable lean only, trimmed to 0"" fat, choice, raw",,,MEAT,132.0,23.03,0.0,4.4,,USDA_FDC_SR_LEGACY,23240,2018-04,True,
"Beef, loin, top sirloin petite roast/filet, boneless, separable lean only, trimmed to 0"" fat, select, raw",,,MEAT,122.0,23.05,0.0,3.35,,USDA_FDC_SR_LEGACY,23262,2018-04,True,
"Beef, plate steak, boneless, inside skirt, separable lean and fat, trimmed to 0"" fat, all grades, cooked, grilled",,,MEAT,245.0,29.36,0.0,14.2,,USDA_FDC_SR_LEGACY,23214,2018-04,True,
"Beef, plate steak, boneless, inside skirt, separable lean and fat, trimmed to 0"" fat, all grades, raw",,,MEAT,187.0,20.38,0.0,11.71,,USDA_FDC_SR_LEGACY,23217,2018-04,True,
"Beef, plate steak, boneless, inside skirt, separable lean and fat, trimmed to 0"" fat, choice, cooked, grilled",,,MEAT,253.0,28.9,0.0,15.3,,USDA_FDC_SR_LEGACY,23215,2018-04,True,
"Beef, plate steak, boneless, inside skirt, separable lean and fat, trimmed to 0"" fat, choice, raw",,,MEAT,195.0,20.06,0.0,12.78,,USDA_FDC_SR_LEGACY,23218,2018-04,True,
"Beef, plate steak, boneless, inside skirt, separable lean and fat, trimmed to 0"" fat, select, cooked, grilled",,,MEAT,233.0,30.06,0.0,12.54,,USDA_FDC_SR_LEGACY,23216,2018-04,True,
"Beef, plate steak, boneless, inside skirt, separable lean and fat, trimmed to 0"" fat, select, raw",,,MEAT,174.0,20.87,0.0,10.11,,USDA_FDC_SR_LEGACY,23219,2018-04,True,
"Beef, plate steak, boneless, inside skirt, separable lean only, trimmed to 0"" fat, all grades, cooked, grilled",,,MEAT,234.0,29.99,0.0,12.69,,USDA_FDC_SR_LEGACY,23162,2018-04,True,
"Beef, plate steak, boneless, inside skirt, separable lean only, trimmed to 0"" fat, all grades, raw",,,MEAT,164.0,21.17,0.0,8.82,,USDA_FDC_SR_LEGACY,23163,2018-04,True,
"Beef, plate steak, boneless, inside skirt, separable lean only, trimmed to 0"" fat, choice, cooked, grilled",,,MEAT,242.0,29.56,0.0,13.72,,USDA_FDC_SR_LEGACY,23164,2018-04,True,
"Beef, plate steak, boneless, inside skirt, separable lean only, trimmed to 0"" fat, choice, raw",,,MEAT,171.0,20.89,0.0,9.76,,USDA_FDC_SR_LEGACY,23165,2018-04,True,
"Beef, plate steak, boneless, inside skirt, separable lean only, trimmed to 0"" fat, select, cooked, grilled",,,MEAT,223.0,30.64,0.0,11.16,,USDA_FDC_SR_LEGACY,23166,2018-04,True,
"Beef, plate steak, boneless, inside skirt, separable lean only, trimmed to 0"" fat, select, raw",,,MEAT,153.0,21.61,0.0,7.41,,USDA_FDC_SR_LEGACY,23167,2018-04,True,
"Beef, plate steak, boneless, outside skirt, separable lean and fat, trimmed to 0"" fat, all grades, cooked, grilled",,,MEAT,292.0,27.06,0.0,20.47,,USDA_FDC_SR_LEGACY,23221,2018-04,True,
"Beef, plate steak, boneless, outside skirt, separable lean and fat, trimmed to 0"" fat, all grades, raw",,,MEAT,232.0,17.98,0.35,17.59,,USDA_FDC_SR_LEGACY,23224,2018-04,True,
"Beef, plate steak, boneless, outside skirt, separable lean and fat, trimmed to 0"" fat, choice, cooked, grilled",,,MEAT,300.0,26.46,0.0,21.62,,USDA_FDC_SR_LEGACY,23222,2018-04,True,
"Beef, plate steak, boneless, outside skirt, separable lean and fat, trimmed to 0"" fat, choice, raw",,,MEAT,238.0,17.69,0.35,18.44,,USDA_FDC_SR_LEGACY,23225,2018-04,True,
"Beef, plate steak, boneless, outside skirt, separable lean and fat, trimmed to 0"" fat, select, cooked, grilled",,,MEAT,281.0,27.95,0.0,18.75,,USDA_FDC_SR_LEGACY,23223,2018-04,True,
"Beef, plate steak, boneless, outside skirt, separable lean and fat, trimmed to 0"" fat, select, raw",,,MEAT,222.0,18.43,0.36,16.31,,USDA_FDC_SR_LEGACY,23226,2018-04,True,
"Beef, plate steak, boneless, outside skirt, separable lean only, trimmed to 0"" fat, all grades, cooked, grilled",,,MEAT,282.0,27.68,0.0,19.01,,USDA_FDC_SR_LEGACY,23168,2018-04,True,
"Beef, plate steak, boneless, outside skirt, separable lean only, trimmed to 0"" fat, all grades, raw",,,MEAT,206.0,18.74,0.19,14.53,,USDA_FDC_SR_LEGACY,23169,2018-04,True,
"Beef, plate steak, boneless, outside skirt, separable lean only, trimmed to 0"" fat, choice, cooked, grilled",,,MEAT,291.0,27.03,0.0,20.28,,USDA_FDC_SR_LEGACY,23170,2018-04,True,
"Beef, plate steak, boneless, outside skirt, separable lean only, trimmed to 0"" fat, choice, raw",,,MEAT,212.0,18.47,0.17,15.26,,USDA_FDC_SR_LEGACY,23171,2018-04,True,
"Beef, plate steak, boneless, outside skirt, separable lean only, trimmed to 0"" fat, select, cooked, grilled",,,MEAT,268.0,28.65,0.0,17.1,,USDA_FDC_SR_LEGACY,23172,2018-04,True,
"Beef, plate steak, boneless, outside skirt, separable lean only, trimmed to 0"" fat, select, raw",,,MEAT,198.0,19.14,0.23,13.44,,USDA_FDC_SR_LEGACY,23173,2018-04,True,
"Beef, plate, inside skirt steak, separable lean and fat, trimmed to 0"" fat, all grades, cooked, broiled",,,MEAT,220.0,26.13,0.0,12.05,,USDA_FDC_SR_LEGACY,23540,2018-04,True,
"Beef, plate, inside skirt steak, separable lean only, trimmed to 0"" fat, all grades, cooked, broiled",,,MEAT,205.0,26.66,0.0,10.06,,USDA_FDC_SR_LEGACY,13977,2018-04,True,
"Beef, plate, outside skirt steak, separable lean and fat, trimmed to 0"" fat, all grades, cooked, broiled",,,MEAT,255.0,23.51,0.0,17.13,,USDA_FDC_SR_LEGACY,23541,2018-04,True,
"Beef, plate, outside skirt steak, separable lean only, trimmed to 0"" fat, all grades, cooked, broiled",,,MEAT,233.0,24.18,0.0,14.37,,USDA_FDC_SR_LEGACY,13979,2018-04,True,
"Beef, retail cuts, separable fat, cooked",,,MEAT,680.0,10.65,0.0,70.33,,USDA_FDC_SR_LEGACY,13020,2018-04,True,
"Beef, retail cuts, separable fat, raw",,,MEAT,674.0,8.21,0.0,70.89,,USDA_FDC_SR_LEGACY,13019,2018-04,True,
"Beef, rib eye roast, bone-in, lip-on, separable lean and fat, trimmed to 1/8"" fat, all grades, cooked, roasted",,,MEAT,300.0,23.47,0.0,22.91,,USDA_FDC_SR_LEGACY,23191,2018-04,True,
"Beef, rib eye roast, bone-in, lip-on, separable lean and fat, trimmed to 1/8"" fat, choice, cooked, roasted",,,MEAT,307.0,23.53,0.0,23.61,,USDA_FDC_SR_LEGACY,23189,2018-04,True,
"Beef, rib eye roast, bone-in, lip-on, separable lean and fat, trimmed to 1/8"" fat, select, cooked, roasted",,,MEAT,290.0,23.36,0.0,21.85,,USDA_FDC_SR_LEGACY,23190,2018-04,True,
"Beef, rib eye roast, bone-in, lip-on, separable lean only, trimmed to 1/8"" fat, all grades, cooked, roasted",,,MEAT,231.0,27.12,0.0,13.64,,USDA_FDC_SR_LEGACY,23146,2018-04,True,
"Beef, rib eye roast, bone-in, lip-on, separable lean only, trimmed to 1/8"" fat, choice, cooked, roasted",,,MEAT,240.0,27.18,0.0,14.55,,USDA_FDC_SR_LEGACY,23101,2018-04,True,
"Beef, rib eye roast, bone-in, lip-on, separable lean only, trimmed to 1/8"" fat, select, cooked, roasted",,,MEAT,219.0,27.03,0.0,12.29,,USDA_FDC_SR_LEGACY,23147,2018-04,True,
"Beef, rib eye roast, boneless, lip-on, separable lean and fat, trimmed to 1/8"" fat, all grades, cooked, roasted",,,MEAT,292.0,24.3,0.0,21.66,,USDA_FDC_SR_LEGACY,23198,2018-04,True,
"Beef, rib eye roast, boneless, lip-on, separable lean and fat, trimmed to 1/8"" fat, choice, cooked, roasted",,,MEAT,303.0,23.92,0.0,22.98,,USDA_FDC_SR_LEGACY,23199,2018-04,True,
"Beef, rib eye roast, boneless, lip-on, separable lean and fat, trimmed to 1/8"" fat, select, cooked, roasted",,,MEAT,277.0,24.85,0.0,19.68,,USDA_FDC_SR_LEGACY,23200,2018-04,True,
"Beef, rib eye roast, boneless, lip-on, separable lean only, trimmed to 1/8"" fat, all grades, cooked, roasted",,,MEAT,218.0,28.21,0.0,11.68,,USDA_FDC_SR_LEGACY,23159,2018-04,True,
"Beef, rib eye roast, boneless, lip-on, separable lean only, trimmed to 1/8"" fat, choice, cooked, roasted",,,MEAT,229.0,27.87,0.0,13.01,,USDA_FDC_SR_LEGACY,23160,2018-04,True,
"Beef, rib eye roast, boneless, lip-on, separable lean only, trimmed to 1/8"" fat, select, cooked, roasted",,,MEAT,202.0,28.72,0.0,9.68,,USDA_FDC_SR_LEGACY,23161,2018-04,True,
"Beef, rib eye steak, bone-in, lip-on, separable lean and fat, trimmed to 1/8"" fat, all grades, cooked, grilled",,,MEAT,309.0,22.9,0.0,24.2,,USDA_FDC_SR_LEGACY,23188,2018-04,True,
"Beef, rib eye steak, bone-in, lip-on, separable lean and fat, trimmed to 1/8"" fat, choice, cooked, grilled",,,MEAT,313.0,22.71,0.0,24.7,,USDA_FDC_SR_LEGACY,23186,2018-04,True,
"Beef, rib eye steak, bone-in, lip-on, separable lean and fat, trimmed to 1/8"" fat, select, cooked, grilled",,,MEAT,304.0,23.19,0.0,23.47,,USDA_FDC_SR_LEGACY,23187,2018-04,True,
"Beef, rib eye steak, bone-in, lip-on, separable lean only, trimmed to 1/8"" fat, all grades, cooked, grilled",,,MEAT,221.0,27.4,0.0,12.43,,USDA_FDC_SR_LEGACY,23156,2018-04,True,
"Beef, rib eye steak, bone-in, lip-on, separable lean only, trimmed to 1/8"" fat, choice, cooked, grilled",,,MEAT,229.0,27.03,0.0,13.44,,USDA_FDC_SR_LEGACY,23157,2018-04,True,
"Beef, rib eye steak, bone-in, lip-on, separable lean only, trimmed to 1/8"" fat, select, cooked, grilled",,,MEAT,210.0,27.96,0.0,10.91,,USDA_FDC_SR_LEGACY,23158,2018-04,True,
"Beef, rib eye steak, boneless, lip off, separable lean and fat, trimmed to 0"" fat, all grades, cooked, grilled",,,MEAT,271.0,24.85,0.0,19.02,,USDA_FDC_SR_LEGACY,23227,2018-04,True,
"Beef, rib eye steak, boneless, lip off, separable lean and fat, trimmed to 0"" fat, all grades, raw",,,MEAT,228.0,19.26,0.12,16.71,,USDA_FDC_SR_LEGACY,23230,2018-04,True,
"Beef, rib eye steak, boneless, lip off, separable lean and fat, trimmed to 0"" fat, choice, cooked, grilled",,,MEAT,285.0,23.89,0.0,21.1,,USDA_FDC_SR_LEGACY,23228,2018-04,True,
"Beef, rib eye steak, boneless, lip off, separable lean and fat, trimmed to 0"" fat, choice, raw",,,MEAT,241.0,18.69,0.2,18.43,,USDA_FDC_SR_LEGACY,23231,2018-04,True,
"Beef, rib eye steak, boneless, lip off, separable lean and fat, trimmed to 0"" fat, select, cooked, grilled",,,MEAT,248.0,26.29,0.0,15.9,,USDA_FDC_SR_LEGACY,23229,2018-04,True,
"Beef, rib eye steak, boneless, lip off, separable lean and fat, trimmed to 0"" fat, select, raw",,,MEAT,208.0,20.12,0.0,14.14,,USDA_FDC_SR_LEGACY,23232,2018-04,True,
"Beef, rib eye steak, boneless, lip off, separable lean only, trimmed to 0"" fat, all grades, cooked, grilled",,,MEAT,206.0,28.11,0.0,10.37,,USDA_FDC_SR_LEGACY,23174,2018-04,True,
"Beef, rib eye steak, boneless, lip off, separable lean only, trimmed to 0"" fat, all grades, raw",,,MEAT,154.0,21.85,0.0,7.41,,USDA_FDC_SR_LEGACY,23175,2018-04,True,
"Beef, rib eye steak, boneless, lip off, separable lean only, trimmed to 0"" fat, choice, cooked, grilled",,,MEAT,215.0,27.39,0.0,11.75,,USDA_FDC_SR_LEGACY,23176,2018-04,True,
"Beef, rib eye steak, boneless, lip off, separable lean only, trimmed to 0"" fat, choice, raw",,,MEAT,162.0,21.44,0.0,8.5,,USDA_FDC_SR_LEGACY,23177,2018-04,True,
"Beef, rib eye steak, boneless, lip off, separable lean only, trimmed to 0"" fat, select, cooked, grilled",,,MEAT,191.0,29.18,0.0,8.31,,USDA_FDC_SR_LEGACY,23178,2018-04,True,
"Beef, rib eye steak, boneless, lip off, separable lean only, trimmed to 0"" fat, select, raw",,,MEAT,142.0,22.46,0.0,5.78,,USDA_FDC_SR_LEGACY,23179,2018-04,True,
"Beef, rib eye steak, boneless, lip-on, separable lean and fat, trimmed to 1/8"" fat, all grades, cooked, grilled",,,MEAT,291.0,23.69,0.0,21.81,,USDA_FDC_SR_LEGACY,23197,2018-04,True,
"Beef, rib eye steak, boneless, lip-on, separable lean and fat, trimmed to 1/8"" fat, choice, cooked, grilled",,,MEAT,303.0,22.92,0.0,23.52,,USDA_FDC_SR_LEGACY,23195,2018-04,True,
"Beef, rib eye steak, boneless, lip-on, separable lean and fat, trimmed to 1/8"" fat, select, cooked, grilled",,,MEAT,273.0,24.83,0.0,19.25,,USDA_FDC_SR_LEGACY,23196,2018-04,True,
"Beef, rib eye steak, boneless, lip-on, separable lean only, trimmed to 1/8"" fat, all grades, cooked, grilled",,,MEAT,207.0,27.97,0.0,10.57,,USDA_FDC_SR_LEGACY,23100,2018-04,True,
"Beef, rib eye steak, boneless, lip-on, separable lean only, trimmed to 1/8"" fat, choice, cooked, grilled",,,MEAT,217.0,27.3,0.0,11.97,,USDA_FDC_SR_LEGACY,23148,2018-04,True,
"Beef, rib eye steak, boneless, lip-on, separable lean only, trimmed to 1/8"" fat, select, cooked, grilled",,,MEAT,192.0,28.98,0.0,8.48,,USDA_FDC_SR_LEGACY,23149,2018-04,True,
"Beef, rib eye steak/roast, bone-in, lip-on, separable lean and fat, trimmed to 1/8"" fat, all grades, raw",,,MEAT,255.0,18.13,0.0,20.31,,USDA_FDC_SR_LEGACY,23192,2018-04,True,
"Beef, rib eye steak/roast, bone-in, lip-on, separable lean and fat, trimmed to 1/8"" fat, choice, raw",,,MEAT,260.0,17.92,0.0,20.96,,USDA_FDC_SR_LEGACY,23193,2018-04,True,
"Beef, rib eye steak/roast, bone-in, lip-on, separable lean and fat, trimmed to 1/8"" fat, select, raw",,,MEAT,248.0,18.44,0.0,19.34,,USDA_FDC_SR_LEGACY,23194,2018-04,True,
"Beef, rib eye steak/roast, bone-in, lip-on, separable lean only, trimmed to 1/8"" fat, all grades, raw",,,MEAT,166.0,21.22,0.0,9.04,,USDA_FDC_SR_LEGACY,23150,2018-04,True,
"Beef, rib eye steak/roast, bone-in, lip-on, separable lean only, trimmed to 1/8"" fat, choice, raw",,,MEAT,173.0,20.93,0.0,9.97,,USDA_FDC_SR_LEGACY,23151,2018-04,True,
"Beef, rib eye steak/roast, bone-in, lip-on, separable lean only, trimmed to 1/8"" fat, select, raw",,,MEAT,155.0,21.65,0.0,7.64,,USDA_FDC_SR_LEGACY,23152,2018-04,True,
"Beef, rib eye steak/roast, boneless, lip-on, separable lean and fat, trimmed to 1/8"" fat, all grades, raw",,,MEAT,244.0,18.85,0.0,18.73,,USDA_FDC_SR_LEGACY,23201,2018-04,True,
"Beef, rib eye steak/roast, boneless, lip-on, separable lean and fat, trimmed to 1/8"" fat, choice, raw",,,MEAT,253.0,18.39,0.0,19.95,,USDA_FDC_SR_LEGACY,23202,2018-04,True,
"Beef, rib eye steak/roast, boneless, lip-on, separable lean and fat, trimmed to 1/8"" fat, select, raw",,,MEAT,230.0,19.55,0.0,16.9,,USDA_FDC_SR_LEGACY,23213,2018-04,True,
"Beef, rib eye steak/roast, boneless, lip-on, separable lean only, trimmed to 1/8"" fat, all grades, raw",,,MEAT,156.0,21.99,0.0,7.54,,USDA_FDC_SR_LEGACY,23153,2018-04,True,
"Beef, rib eye steak/roast, boneless, lip-on, separable lean only, trimmed to 1/8"" fat, choice, raw",,,MEAT,161.0,21.62,0.0,8.29,,USDA_FDC_SR_LEGACY,23154,2018-04,True,
"Beef, rib eye steak/roast, boneless, lip-on, separable lean only, trimmed to 1/8"" fat, select, raw",,,MEAT,148.0,22.55,0.0,6.41,,USDA_FDC_SR_LEGACY,23155,2018-04,True,
"Beef, rib eye, small end (ribs 10-12), separable lean and fat, trimmed to 0"" fat, all grades, cooked, broiled",,,MEAT,249.0,27.27,0.0,14.74,,USDA_FDC_SR_LEGACY,13952,2018-04,True,
"Beef, rib eye, small end (ribs 10-12), separable lean and fat, trimmed to 0"" fat, select, cooked, broiled",,,MEAT,234.0,27.95,0.0,12.71,,USDA_FDC_SR_LEGACY,13951,2018-04,True,
"Beef, rib eye, small end (ribs 10-12), separable lean only, trimmed to 0"" fat, select, raw",,,MEAT,149.0,21.17,0.0,6.57,,USDA_FDC_SR_LEGACY,13284,2018-04,True,
"Beef, rib, back ribs, bone-in, separable lean and fat, trimmed to 0"" fat, all grades, cooked, braised",,,MEAT,360.0,24.23,0.0,29.21,,USDA_FDC_SR_LEGACY,23233,2018-04,True,
"Beef, rib, back ribs, bone-in, separable lean and fat, trimmed to 0"" fat, all grades, raw",,,MEAT,324.0,16.15,0.78,28.42,,USDA_FDC_SR_LEGACY,23236,2018-04,True,
"Beef, rib, back ribs, bone-in, separable lean and fat, trimmed to 0"" fat, choice, cooked, braised",,,MEAT,372.0,23.34,0.0,30.95,,USDA_FDC_SR_LEGACY,23234,2018-04,True,
"Beef, rib, back ribs, bone-in, separable lean and fat, trimmed to 0"" fat, choice, raw",,,MEAT,336.0,15.75,0.9,29.89,,USDA_FDC_SR_LEGACY,23237,2018-04,True,
"Beef, rib, back ribs, bone-in, separable lean and fat, trimmed to 0"" fat, select, cooked, braised",,,MEAT,341.0,25.56,0.0,26.59,,USDA_FDC_SR_LEGACY,23235,2018-04,True,
"Beef, rib, back ribs, bone-in, separable lean and fat, trimmed to 0"" fat, select, raw",,,MEAT,305.0,16.75,0.6,26.23,,USDA_FDC_SR_LEGACY,23238,2018-04,True,
"Beef, rib, back ribs, bone-in, separable lean only, trimmed to 0"" fat, all grades, cooked, braised",,,MEAT,299.0,28.36,0.0,20.57,,USDA_FDC_SR_LEGACY,23180,2018-04,True,
"Beef, rib, back ribs, bone-in, separable lean only, trimmed to 0"" fat, all grades, raw",,,MEAT,239.0,19.11,0.46,17.91,,USDA_FDC_SR_LEGACY,23181,2018-04,True,
"Beef, rib, back ribs, bone-in, separable lean only, trimmed to 0"" fat, choice, cooked, braised",,,MEAT,306.0,27.75,0.0,21.72,,USDA_FDC_SR_LEGACY,23182,2018-04,True,
"Beef, rib, back ribs, bone-in, separable lean only, trimmed to 0"" fat, choice, raw",,,MEAT,252.0,18.72,0.64,19.36,,USDA_FDC_SR_LEGACY,23183,2018-04,True,
"Beef, rib, back ribs, bone-in, separable lean only, trimmed to 0"" fat, select, cooked, braised",,,MEAT,287.0,29.28,0.0,18.84,,USDA_FDC_SR_LEGACY,23184,2018-04,True,
"Beef, rib, back ribs, bone-in, separable lean only, trimmed to 0"" fat, select, raw",,,MEAT,221.0,19.71,0.2,15.73,,USDA_FDC_SR_LEGACY,23185,2018-04,True,
"Beef, rib, eye, small end (ribs 10- 12) separable lean only, trimmed to 0"" fat, select, cooked, broiled",,,MEAT,182.0,29.93,0.0,6.05,,USDA_FDC_SR_LEGACY,13490,2018-04,True,
"Beef, rib, eye, small end (ribs 10-12), separable lean and fat, trimmed to 0"" fat, choice, cooked, broiled",,,MEAT,265.0,26.58,0.0,16.76,,USDA_FDC_SR_LEGACY,13096,2018-04,True,
"Beef, rib, eye, small end (ribs 10-12), separable lean and fat, trimmed to 0"" fat, choice, raw",,,MEAT,274.0,17.51,0.0,22.07,,USDA_FDC_SR_LEGACY,13095,2018-04,True,
"Beef, rib, eye, small end (ribs 10-12), separable lean only, trimmed to 0"" fat, choice, cooked, broiled",,,MEAT,205.0,28.88,0.0,9.01,,USDA_FDC_SR_LEGACY,13098,2018-04,True,
"Beef, rib, eye, small end (ribs 10-12), separable lean only, trimmed to 0"" fat, choice, raw",,,MEAT,161.0,20.13,0.0,8.3,,USDA_FDC_SR_LEGACY,13097,2018-04,True,
"Beef, rib, large end (ribs 6-9), separable lean and fat, trimmed to 0"" fat, choice, cooked, roasted",,,MEAT,372.0,22.8,0.0,30.49,,USDA_FDC_SR_LEGACY,13386,2018-04,True,
"Beef, rib, large end (ribs 6-9), separable lean and fat, trimmed to 0"" fat, select, cooked, roasted",,,MEAT,331.0,23.48,0.0,25.54,,USDA_FDC_SR_LEGACY,13387,2018-04,True,
"Beef, rib, large end (ribs 6-9), separable lean and fat, trimmed to 1/8"" fat, all grades, cooked, broiled",,,MEAT,338.0,21.55,0.0,27.22,,USDA_FDC_SR_LEGACY,13839,2018-04,True,
"Beef, rib, large end (ribs 6-9), separable lean and fat, trimmed to 1/8"" fat, all grades, cooked, roasted",,,MEAT,355.0,23.01,0.0,28.51,,USDA_FDC_SR_LEGACY,13840,2018-04,True,
"Beef, rib, large end (ribs 6-9), separable lean and fat, trimmed to 1/8"" fat, all grades, raw",,,MEAT,316.0,16.26,0.0,27.29,,USDA_FDC_SR_LEGACY,13838,2018-04,True,
"Beef, rib, large end (ribs 6-9), separable lean and fat, trimmed to 1/8"" fat, choice, cooked, broiled",,,MEAT,370.0,20.86,0.0,31.18,,USDA_FDC_SR_LEGACY,13842,2018-04,True,
"Beef, rib, large end (ribs 6-9), separable lean and fat, trimmed to 1/8"" fat, choice, cooked, roasted",,,MEAT,378.0,22.5,0.0,31.28,,USDA_FDC_SR_LEGACY,13843,2018-04,True,
"Beef, rib, large end (ribs 6-9), separable lean and fat, trimmed to 1/8"" fat, choice, raw",,,MEAT,333.0,16.03,0.0,29.34,,USDA_FDC_SR_LEGACY,13841,2018-04,True,
"Beef, rib, large end (ribs 6-9), separable lean and fat, trimmed to 1/8"" fat, prime, cooked, broiled",,,MEAT,404.0,20.65,0.0,34.97,,USDA_FDC_SR_LEGACY,13848,2018-04,True,
"Beef, rib, large end (ribs 6-9), separable lean and fat, trimmed to 1/8"" fat, prime, cooked, roasted",,,MEAT,393.0,22.86,0.0,32.74,,USDA_FDC_SR_LEGACY,13849,2018-04,True,
"Beef, rib, large end (ribs 6-9), separable lean and fat, trimmed to 1/8"" fat, prime, raw",,,MEAT,367.0,15.77,0.0,33.26,,USDA_FDC_SR_LEGACY,13847,2018-04,True,
"Beef, rib, large end (ribs 6-9), separable lean and fat, trimmed to 1/8"" fat, select, cooked, broiled",,,MEAT,324.0,21.55,0.0,25.71,,USDA_FDC_SR_LEGACY,13845,2018-04,True,
"Beef, rib, large end (ribs 6-9), separable lean and fat, trimmed to 1/8"" fat, select, cooked, roasted",,,MEAT,333.0,23.4,0.0,25.84,,USDA_FDC_SR_LEGACY,13846,2018-04,True,
"Beef, rib, large end (ribs 6-9), separable lean and fat, trimmed to 1/8"" fat, select, raw",,,MEAT,295.0,16.52,0.0,24.85,,USDA_FDC_SR_LEGACY,13844,2018-04,True,
"Beef, rib, large end (ribs 6-9), separable lean only, trimmed to 0"" fat, all grades, cooked, roasted",,,MEAT,238.0,27.53,0.0,13.4,,USDA_FDC_SR_LEGACY,13388,2018-04,True,
"Beef, rib, large end (ribs 6-9), separable lean only, trimmed to 0"" fat, choice, cooked, roasted",,,MEAT,253.0,27.53,0.0,15.0,,USDA_FDC_SR_LEGACY,13389,2018-04,True,
"Beef, rib, large end (ribs 6-9), separable lean only, trimmed to 0"" fat, select, cooked, roasted",,,MEAT,220.0,27.53,0.0,11.4,,USDA_FDC_SR_LEGACY,13390,2018-04,True,
"Beef, rib, shortribs, separable lean and fat, choice, cooked, braised",,,MEAT,471.0,21.57,0.0,41.98,,USDA_FDC_SR_LEGACY,13148,2018-04,True,
"Beef, rib, shortribs, separable lean and fat, choice, raw",,,MEAT,390.0,14.4,0.4,36.23,,USDA_FDC_SR_LEGACY,13147,2018-04,True,
"Beef, rib, shortribs, separable lean only, choice, cooked, braised",,,MEAT,295.0,30.76,0.0,18.13,,USDA_FDC_SR_LEGACY,13150,2018-04,True,
"Beef, rib, shortribs, separable lean only, choice, raw",,,MEAT,175.0,19.05,0.4,10.19,,USDA_FDC_SR_LEGACY,13149,2018-04,True,
"Beef, rib, small end (ribs 10-12), separable lean and fat, trimmed to 0"" fat, all grades, cooked, broiled",,,MEAT,249.0,27.27,0.0,14.74,,USDA_FDC_SR_LEGACY,13391,2018-04,True,
"Beef, rib, small end (ribs 10-12), separable lean and fat, trimmed to 0"" fat, choice, cooked, broiled",,,MEAT,312.0,24.73,0.0,22.84,,USDA_FDC_SR_LEGACY,13392,2018-04,True,
"Beef, rib, small end (ribs 10-12), separable lean and fat, trimmed to 0"" fat, select, cooked, broiled",,,MEAT,285.0,24.91,0.0,19.79,,USDA_FDC_SR_LEGACY,13393,2018-04,True,
"Beef, rib, small end (ribs 10-12), separable lean and fat, trimmed to 1/8"" fat, all grades, cooked, broiled",,,MEAT,291.0,25.85,0.0,20.04,,USDA_FDC_SR_LEGACY,13851,2018-04,True,
"Beef, rib, small end (ribs 10-12), separable lean and fat, trimmed to 1/8"" fat, all grades, cooked, roasted",,,MEAT,341.0,22.54,0.0,27.14,,USDA_FDC_SR_LEGACY,13852,2018-04,True,
"Beef, rib, small end (ribs 10-12), separable lean and fat, trimmed to 1/8"" fat, all grades, raw",,,MEAT,254.0,19.33,0.0,19.06,,USDA_FDC_SR_LEGACY,13850,2018-04,True,
"Beef, rib, small end (ribs 10-12), separable lean and fat, trimmed to 1/8"" fat, choice, cooked, broiled",,,MEAT,304.0,24.53,0.0,22.09,,USDA_FDC_SR_LEGACY,13854,2018-04,True,
"Beef, rib, small end (ribs 10-12), separable lean and fat, trimmed to 1/8"" fat, choice, cooked, roasted",,,MEAT,359.0,22.28,0.0,29.21,,USDA_FDC_SR_LEGACY,13855,2018-04,True,
"Beef, rib, small end (ribs 10-12), separable lean and fat, trimmed to 1/8"" fat, choice, raw",,,MEAT,263.0,19.09,0.0,20.13,,USDA_FDC_SR_LEGACY,13853,2018-04,True,
"Beef, rib, small end (ribs 10-12), separable lean and fat, trimmed to 1/8"" fat, prime, cooked, broiled",,,MEAT,354.0,24.13,0.0,27.86,,USDA_FDC_SR_LEGACY,13860,2018-04,True,
"Beef, rib, small end (ribs 10-12), separable lean and fat, trimmed to 1/8"" fat, prime, cooked, roasted",,,MEAT,411.0,22.15,0.0,35.12,,USDA_FDC_SR_LEGACY,13861,2018-04,True,
"Beef, rib, small end (ribs 10-12), separable lean and fat, trimmed to 1/8"" fat, prime, raw",,,MEAT,335.0,16.74,0.06,29.18,,USDA_FDC_SR_LEGACY,13859,2018-04,True,
"Beef, rib, small end (ribs 10-12), separable lean and fat, trimmed to 1/8"" fat, select, cooked, broiled",,,MEAT,278.0,27.17,0.0,18.0,,USDA_FDC_SR_LEGACY,13857,2018-04,True,
"Beef, rib, small end (ribs 10-12), separable lean and fat, trimmed to 1/8"" fat, select, cooked, roasted",,,MEAT,323.0,22.76,0.0,25.02,,USDA_FDC_SR_LEGACY,13858,2018-04,True,
"Beef, rib, small end (ribs 10-12), separable lean and fat, trimmed to 1/8"" fat, select, raw",,,MEAT,246.0,19.56,0.0,18.0,,USDA_FDC_SR_LEGACY,13856,2018-04,True,
"Beef, rib, small end (ribs 10-12), separable lean only, trimmed to 0"" fat, all grades, cooked, broiled",,,MEAT,193.0,29.41,0.0,7.53,,USDA_FDC_SR_LEGACY,13394,2018-04,True,
"Beef, rib, small end (ribs 10-12), separable lean only, trimmed to 0"" fat, choice, cooked, broiled",,,MEAT,225.0,28.04,0.0,11.7,,USDA_FDC_SR_LEGACY,13395,2018-04,True,
"Beef, rib, small end (ribs 10-12), separable lean only, trimmed to 0"" fat, select, cooked, broiled",,,MEAT,198.0,28.04,0.0,8.7,,USDA_FDC_SR_LEGACY,13396,2018-04,True,
"Beef, rib, small end (ribs 10-12), separable lean only, trimmed to 1/8"" fat, all grades, cooked, broiled",,,MEAT,195.0,29.58,0.0,7.63,,USDA_FDC_SR_LEGACY,23638,2018-04,True,
"Beef, rib, small end (ribs 10-12), separable lean only, trimmed to 1/8"" fat, all grades, raw",,,MEAT,141.0,22.33,0.0,5.04,,USDA_FDC_SR_LEGACY,23599,2018-04,True,
"Beef, rib, small end (ribs 10-12), separable lean only, trimmed to 1/8"" fat, choice, raw",,,MEAT,148.0,22.12,0.0,5.91,,USDA_FDC_SR_LEGACY,23623,2018-04,True,
"Beef, rib, small end (ribs 10-12), separable lean only, trimmed to 1/8"" fat, select, cooked, broiled",,,MEAT,188.0,30.87,0.0,6.22,,USDA_FDC_SR_LEGACY,23586,2018-04,True,
"Beef, rib, small end (ribs 10-12), separable lean only, trimmed to 1/8"" fat, select, raw",,,MEAT,134.0,22.53,0.0,4.2,,USDA_FDC_SR_LEGACY,23582,2018-04,True,
"Beef, rib, small end (ribs 10-12), separable lean only, trimmed to 1/8""fat, choice, cooked, broiled",,,MEAT,202.0,28.29,0.0,9.05,,USDA_FDC_SR_LEGACY,23626,2018-04,True,
"Beef, rib, whole (ribs 6-12), separable lean and fat, trimmed to 1/8"" fat, all grades, cooked, broiled",,,MEAT,337.0,22.42,0.0,26.75,,USDA_FDC_SR_LEGACY,13825,2018-04,True,
"Beef, rib, whole (ribs 6-12), separable lean and fat, trimmed to 1/8"" fat, all grades, cooked, roasted",,,MEAT,351.0,22.77,0.0,28.11,,USDA_FDC_SR_LEGACY,13826,2018-04,True,
"Beef, rib, whole (ribs 6-12), separable lean and fat, trimmed to 1/8"" fat, all grades, raw",,,MEAT,306.0,16.53,0.0,26.1,,USDA_FDC_SR_LEGACY,13824,2018-04,True,
"Beef, rib, whole (ribs 6-12), separable lean and fat, trimmed to 1/8"" fat, choice, cooked, broiled",,,MEAT,352.0,22.26,0.0,28.5,,USDA_FDC_SR_LEGACY,13828,2018-04,True,
"Beef, rib, whole (ribs 6-12), separable lean and fat, trimmed to 1/8"" fat, choice, cooked, roasted",,,MEAT,365.0,22.6,0.0,29.79,,USDA_FDC_SR_LEGACY,13829,2018-04,True,
"Beef, rib, whole (ribs 6-12), separable lean and fat, trimmed to 1/8"" fat, choice, raw",,,MEAT,322.0,16.34,0.0,27.93,,USDA_FDC_SR_LEGACY,13827,2018-04,True,
"Beef, rib, whole (ribs 6-12), separable lean and fat, trimmed to 1/8"" fat, prime, cooked, broiled",,,MEAT,386.0,21.95,0.0,32.38,,USDA_FDC_SR_LEGACY,13834,2018-04,True,
"Beef, rib, whole (ribs 6-12), separable lean and fat, trimmed to 1/8"" fat, prime, cooked, roasted",,,MEAT,400.0,22.57,0.0,33.7,,USDA_FDC_SR_LEGACY,13835,2018-04,True,
"Beef, rib, whole (ribs 6-12), separable lean and fat, trimmed to 1/8"" fat, prime, raw",,,MEAT,355.0,16.15,0.0,31.66,,USDA_FDC_SR_LEGACY,13833,2018-04,True,
"Beef, rib, whole (ribs 6-12), separable lean and fat, trimmed to 1/8"" fat, select, cooked, broiled",,,MEAT,315.0,22.73,0.0,24.2,,USDA_FDC_SR_LEGACY,13831,2018-04,True,
"Beef, rib, whole (ribs 6-12), separable lean and fat, trimmed to 1/8"" fat, select, cooked, roasted",,,MEAT,330.0,23.1,0.0,25.63,,USDA_FDC_SR_LEGACY,13832,2018-04,True,
"Beef, rib, whole (ribs 6-12), separable lean and fat, trimmed to 1/8"" fat, select, raw",,,MEAT,288.0,16.75,0.0,23.95,,USDA_FDC_SR_LEGACY,13830,2018-04,True,
"Beef, ribeye cap steak, boneless, separable lean only, trimmed to 0"" fat, all grades, cooked, grilled",,,MEAT,246.0,24.66,1.53,15.7,,USDA_FDC_SR_LEGACY,23266,2018-04,True,
"Beef, ribeye cap steak, boneless, separable lean only, trimmed to 0"" fat, all grades, raw",,,MEAT,180.0,19.7,1.51,10.6,,USDA_FDC_SR_LEGACY,23269,2018-04,True,
"Beef, ribeye cap steak, boneless, separable lean only, trimmed to 0"" fat, choice, cooked, grilled",,,MEAT,259.0,24.24,1.81,17.21,,USDA_FDC_SR_LEGACY,23267,2018-04,True,
"Beef, ribeye cap steak, boneless, separable lean only, trimmed to 0"" fat, choice, raw",,,MEAT,187.0,19.46,1.75,11.4,,USDA_FDC_SR_LEGACY,23270,2018-04,True,
"Beef, ribeye cap steak, boneless, separable lean only, trimmed to 0"" fat, select, cooked, grilled",,,MEAT,226.0,25.28,1.1,13.43,,USDA_FDC_SR_LEGACY,23268,2018-04,True,
"Beef, ribeye cap steak, boneless, separable lean only, trimmed to 0"" fat, select, raw",,,MEAT,169.0,20.05,1.15,9.39,,USDA_FDC_SR_LEGACY,23271,2018-04,True,
"Beef, ribeye filet, boneless, separable lean only, trimmed to 0"" fat, all grades, cooked, grilled",,,MEAT,199.0,28.77,0.17,9.2,,USDA_FDC_SR_LEGACY,23272,2018-04,True,
"Beef, ribeye filet, boneless, separable lean only, trimmed to 0"" fat, choice, cooked, grilled",,,MEAT,208.0,28.35,0.51,10.26,,USDA_FDC_SR_LEGACY,23273,2018-04,True,
"Beef, ribeye filet, boneless, separable lean only, trimmed to 0"" fat, select, cooked, grilled",,,MEAT,186.0,29.39,0.0,7.61,,USDA_FDC_SR_LEGACY,23274,2018-04,True,
"Beef, ribeye petite roast, boneless, separable lean only, trimmed to 0"" fat, all grades, cooked, roasted",,,MEAT,178.0,28.15,0.0,7.31,,USDA_FDC_SR_LEGACY,23275,2018-04,True,
"Beef, ribeye petite roast, boneless, separable lean only, trimmed to 0"" fat, choice, cooked, roasted",,,MEAT,188.0,28.0,0.0,8.42,,USDA_FDC_SR_LEGACY,23276,2018-04,True,
"Beef, ribeye petite roast, boneless, separable lean only, trimmed to 0"" fat, select, cooked, roasted",,,MEAT,164.0,28.37,0.0,5.65,,USDA_FDC_SR_LEGACY,23277,2018-04,True,
"Beef, ribeye petite roast/filet, boneless, separable lean only, trimmed to 0"" fat, all grades, raw",,,MEAT,133.0,22.66,0.04,4.66,,USDA_FDC_SR_LEGACY,23263,2018-04,True,
"Beef, ribeye petite roast/filet, boneless, separable lean only, trimmed to 0"" fat, choice, raw",,,MEAT,138.0,22.52,0.18,5.29,,USDA_FDC_SR_LEGACY,23264,2018-04,True,
"Beef, ribeye petite roast/filet, boneless, separable lean only, trimmed to 0"" fat, select, raw",,,MEAT,125.0,22.89,0.0,3.72,,USDA_FDC_SR_LEGACY,23265,2018-04,True,
"Beef, ribeye, steak, boneless, choice, raw",,,MEAT,259.61,18.74,0.0,20.04,,USDA_FDC_FOUNDATION,100306,2026-04-30,True,
"Beef, round, bottom round , roast, separable lean only, trimmed to 1/8"" fat, select, cooked, roasted",,,MEAT,164.0,28.45,0.0,4.67,,USDA_FDC_SR_LEGACY,23590,2018-04,True,
"Beef, round, bottom round roast, separable lean only, trimmed to 0"" fat, select, cooked, roasted",,,MEAT,169.0,28.29,0.0,5.33,,USDA_FDC_SR_LEGACY,13414,2018-04,True,
"Beef, round, bottom round, roast, separable lean and fat, trimmed to 0"" fat, all grades, cooked, roasted",,,MEAT,187.0,27.42,0.0,7.72,,USDA_FDC_SR_LEGACY,13399,2018-04,True,
"Beef, round, bottom round, roast, separable lean and fat, trimmed to 0"" fat, choice, cooked, roasted",,,MEAT,199.0,26.76,0.0,9.37,,USDA_FDC_SR_LEGACY,13402,2018-04,True,
"Beef, round, bottom round, roast, separable lean and fat, trimmed to 0"" fat, select, cooked, roasted",,,MEAT,175.0,28.08,0.0,6.06,,USDA_FDC_SR_LEGACY,13405,2018-04,True,
"Beef, round, bottom round, roast, separable lean and fat, trimmed to 1/8"" fat, all grades, cooked, roasted",,,MEAT,218.0,26.41,0.0,11.64,,USDA_FDC_SR_LEGACY,13870,2018-04,True,
"Beef, round, bottom round, roast, separable lean and fat, trimmed to 1/8"" fat, choice, cooked, roasted",,,MEAT,223.0,26.05,0.0,12.44,,USDA_FDC_SR_LEGACY,13873,2018-04,True,
"Beef, round, bottom round, roast, separable lean and fat, trimmed to 1/8"" fat, select, cooked, roasted",,,MEAT,212.0,26.77,0.0,10.85,,USDA_FDC_SR_LEGACY,13876,2018-04,True,
"Beef, round, bottom round, roast, separable lean only, trimmed to 0"" fat, all grades, cooked, roasted",,,MEAT,177.0,27.76,0.0,6.48,,USDA_FDC_SR_LEGACY,13408,2018-04,True,
"Beef, round, bottom round, roast, separable lean only, trimmed to 0"" fat, choice, cooked, roasted",,,MEAT,185.0,27.23,0.0,7.63,,USDA_FDC_SR_LEGACY,13411,2018-04,True,
"Beef, round, bottom round, roast, separable lean only, trimmed to 1/8"" fat, all grades, cooked",,,MEAT,163.0,28.0,0.0,5.72,,USDA_FDC_SR_LEGACY,23604,2018-04,True,
"Beef, round, bottom round, roast, separable lean only, trimmed to 1/8"" fat, all grades, raw",,,MEAT,128.0,22.19,0.0,4.31,,USDA_FDC_SR_LEGACY,23594,2018-04,True,
"Beef, round, bottom round, roast, separable lean only, trimmed to 1/8"" fat, choice, cooked, roasted",,,MEAT,179.0,27.56,0.0,6.77,,USDA_FDC_SR_LEGACY,23619,2018-04,True,
"Beef, round, bottom round, roast, separable lean only, trimmed to 1/8"" fat, choice, raw",,,MEAT,140.0,22.22,0.0,4.96,,USDA_FDC_SR_LEGACY,23618,2018-04,True,
"Beef, round, bottom round, roast, separable lean only, trimmed to 1/8"" fat, select, raw",,,MEAT,128.0,22.18,0.0,3.66,,USDA_FDC_SR_LEGACY,23637,2018-04,True,
"Beef, round, bottom round, steak, separable lean and fat, trimmed to 0"" fat, all grades, cooked, braised",,,MEAT,223.0,33.56,0.0,8.86,,USDA_FDC_SR_LEGACY,13398,2018-04,True,
"Beef, round, bottom round, steak, separable lean and fat, trimmed to 0"" fat, choice, cooked, braised",,,MEAT,230.0,32.73,0.0,10.0,,USDA_FDC_SR_LEGACY,13401,2018-04,True,
"Beef, round, bottom round, steak, separable lean and fat, trimmed to 0"" fat, select, cooked, braised",,,MEAT,217.0,34.39,0.0,7.72,,USDA_FDC_SR_LEGACY,13404,2018-04,True,
"Beef, round, bottom round, steak, separable lean and fat, trimmed to 1/8"" fat, all grades, cooked, braised",,,MEAT,247.0,32.76,0.0,11.87,,USDA_FDC_SR_LEGACY,13869,2018-04,True,
"Beef, round, bottom round, steak, separable lean and fat, trimmed to 1/8"" fat, all grades, raw",,,MEAT,192.0,20.7,0.0,11.54,,USDA_FDC_SR_LEGACY,13868,2018-04,True,
"Beef, round, bottom round, steak, separable lean and fat, trimmed to 1/8"" fat, choice, cooked, braised",,,MEAT,254.0,32.85,0.0,12.56,,USDA_FDC_SR_LEGACY,13872,2018-04,True,
"Beef, round, bottom round, steak, separable lean and fat, trimmed to 1/8"" fat, choice, raw",,,MEAT,198.0,20.71,0.0,12.15,,USDA_FDC_SR_LEGACY,13871,2018-04,True,
"Beef, round, bottom round, steak, separable lean and fat, trimmed to 1/8"" fat, select, cooked, braised",,,MEAT,240.0,32.67,0.0,11.19,,USDA_FDC_SR_LEGACY,13875,2018-04,True,
"Beef, round, bottom round, steak, separable lean and fat, trimmed to 1/8"" fat, select, raw",,,MEAT,187.0,20.68,0.0,10.93,,USDA_FDC_SR_LEGACY,13874,2018-04,True,
"Beef, round, bottom round, steak, separable lean only, trimmed to 0"" fat, all grades, cooked, braised",,,MEAT,214.0,34.0,0.0,7.67,,USDA_FDC_SR_LEGACY,13407,2018-04,True,
"Beef, round, bottom round, steak, separable lean only, trimmed to 0"" fat, choice, cooked, braised",,,MEAT,223.0,33.08,0.0,9.03,,USDA_FDC_SR_LEGACY,13410,2018-04,True,
"Beef, round, bottom round, steak, separable lean only, trimmed to 0"" fat, select, cooked, braised",,,MEAT,206.0,34.93,0.0,6.3,,USDA_FDC_SR_LEGACY,13413,2018-04,True,
"Beef, round, bottom round, steak, separable lean only, trimmed to 1/8"" fat, all grades, cooked, braised",,,MEAT,216.0,34.34,0.0,7.73,,USDA_FDC_SR_LEGACY,23605,2018-04,True,
"Beef, round, bottom round, steak, separable lean only, trimmed to 1/8"" fat, choice, cooked, braised",,,MEAT,228.0,34.22,0.0,9.02,,USDA_FDC_SR_LEGACY,23622,2018-04,True,
"Beef, round, bottom round, steak, separable lean only, trimmed to 1/8"" fat, select, cooked, braised",,,MEAT,205.0,34.46,0.0,6.43,,USDA_FDC_SR_LEGACY,23593,2018-04,True,
"Beef, round, eye of round roast, boneless, separable lean and fat, trimmed to 0"" fat, all grades, cooked, roasted",,,MEAT,167.0,29.66,0.0,4.46,,USDA_FDC_SR_LEGACY,13415,2018-04,True,
"Beef, round, eye of round roast, boneless, separable lean and fat, trimmed to 0"" fat, all grades, raw",,,MEAT,124.0,23.27,0.0,3.44,,USDA_FDC_SR_LEGACY,23330,2018-04,True,
"Beef, round, eye of round roast, boneless, separable lean and fat, trimmed to 0"" fat, choice, cooked, roasted",,,MEAT,171.0,29.79,0.0,4.83,,USDA_FDC_SR_LEGACY,13416,2018-04,True,
"Beef, round, eye of round roast, boneless, separable lean and fat, trimmed to 0"" fat, choice, raw",,,MEAT,127.0,23.26,0.0,3.74,,USDA_FDC_SR_LEGACY,23331,2018-04,True,
"Beef, round, eye of round roast, boneless, separable lean and fat, trimmed to 0"" fat, select, cooked, roasted",,,MEAT,162.0,29.45,0.0,3.97,,USDA_FDC_SR_LEGACY,13417,2018-04,True,
"Beef, round, eye of round roast, boneless, separable lean and fat, trimmed to 0"" fat, select, raw",,,MEAT,120.0,23.28,0.0,3.0,,USDA_FDC_SR_LEGACY,23332,2018-04,True,
"Beef, round, eye of round roast, boneless, separable lean only, trimmed to 0"" fat, all grades, cooked, roasted",,,MEAT,163.0,29.85,0.0,3.9,,USDA_FDC_SR_LEGACY,13418,2018-04,True,
"Beef, round, eye of round roast, boneless, separable lean only, trimmed to 0"" fat, all grades, raw",,,MEAT,121.0,23.37,0.0,3.04,,USDA_FDC_SR_LEGACY,23360,2018-04,True,
"Beef, round, eye of round roast, boneless, separable lean only, trimmed to 0"" fat, choice, cooked, roasted",,,MEAT,166.0,29.94,0.0,4.26,,USDA_FDC_SR_LEGACY,13419,2018-04,True,
"Beef, round, eye of round roast, boneless, separable lean only, trimmed to 0"" fat, choice, raw",,,MEAT,124.0,23.35,0.0,3.38,,USDA_FDC_SR_LEGACY,23361,2018-04,True,
"Beef, round, eye of round roast, boneless, separable lean only, trimmed to 0"" fat, select, cooked, roasted",,,MEAT,157.0,29.52,0.0,3.43,,USDA_FDC_SR_LEGACY,13420,2018-04,True,
"Beef, round, eye of round roast, boneless, separable lean only, trimmed to 0"" fat, select, raw",,,MEAT,122.0,23.4,0.0,2.48,,USDA_FDC_FOUNDATION,23362,2026-04-30,True,
"Beef, round, eye of round steak, boneless separable lean and fat, trimmed to 0"" fat, choice, raw",,,MEAT,127.0,23.24,0.0,3.83,,USDA_FDC_SR_LEGACY,23334,2018-04,True,
"Beef, round, eye of round steak, boneless, separable lean and fat, trimmed to 0"" fat, all grades, cooked, grilled",,,MEAT,159.0,29.66,0.0,4.47,,USDA_FDC_SR_LEGACY,23351,2018-04,True,
"Beef, round, eye of round steak, boneless, separable lean and fat, trimmed to 0"" fat, all grades, raw",,,MEAT,124.0,23.26,0.0,3.48,,USDA_FDC_SR_LEGACY,23333,2018-04,True,
"Beef, round, eye of round steak, boneless, separable lean and fat, trimmed to 0"" fat, choice, cooked, grilled",,,MEAT,163.0,29.79,0.0,4.83,,USDA_FDC_SR_LEGACY,23352,2018-04,True,
"Beef, round, eye of round steak, boneless, separable lean and fat, trimmed to 0"" fat, select, cooked, grilled",,,MEAT,154.0,29.47,0.0,3.98,,USDA_FDC_SR_LEGACY,23353,2018-04,True,
"Beef, round, eye of round steak, boneless, separable lean and fat, trimmed to 0"" fat, select, raw",,,MEAT,120.0,23.3,0.0,2.95,,USDA_FDC_SR_LEGACY,23335,2018-04,True,
"Beef, round, eye of round steak, boneless, separable lean only, trimmed to 0"" fat, all grades, cooked, grilled",,,MEAT,155.0,29.85,0.0,3.9,,USDA_FDC_SR_LEGACY,23381,2018-04,True,
"Beef, round, eye of round steak, boneless, separable lean only, trimmed to 0"" fat, all grades, raw",,,MEAT,121.0,23.37,0.0,3.04,,USDA_FDC_SR_LEGACY,23363,2018-04,True,
"Beef, round, eye of round steak, boneless, separable lean only, trimmed to 0"" fat, choice, cooked, grilled",,,MEAT,158.0,29.94,0.0,4.26,,USDA_FDC_SR_LEGACY,23382,2018-04,True,
"Beef, round, eye of round steak, boneless, separable lean only, trimmed to 0"" fat, choice, raw",,,MEAT,124.0,23.35,0.0,3.38,,USDA_FDC_SR_LEGACY,23364,2018-04,True,
"Beef, round, eye of round steak, boneless, separable lean only, trimmed to 0"" fat, select, cooked, grilled",,,MEAT,149.0,29.52,0.0,3.43,,USDA_FDC_SR_LEGACY,23383,2018-04,True,
"Beef, round, eye of round steak, boneless, separable lean only, trimmed to 0"" fat, select, raw",,,MEAT,116.0,23.41,0.0,2.52,,USDA_FDC_SR_LEGACY,23365,2018-04,True,
"Beef, round, eye of round, roast, separable lean and fat, trimmed to 1/8"" fat, all grades, cooked, roasted",,,MEAT,208.0,28.31,0.0,9.65,,USDA_FDC_SR_LEGACY,13878,2018-04,True,
"Beef, round, eye of round, roast, separable lean and fat, trimmed to 1/8"" fat, all grades, raw",,,MEAT,166.0,21.49,0.0,8.24,,USDA_FDC_SR_LEGACY,13877,2018-04,True,
"Beef, round, eye of round, roast, separable lean and fat, trimmed to 1/8"" fat, choice, cooked, roasted",,,MEAT,212.0,28.48,0.0,10.05,,USDA_FDC_SR_LEGACY,13880,2018-04,True,
"Beef, round, eye of round, roast, separable lean and fat, trimmed to 1/8"" fat, choice, raw",,,MEAT,173.0,21.68,0.0,8.91,,USDA_FDC_SR_LEGACY,13879,2018-04,True,
"Beef, round, eye of round, roast, separable lean and fat, trimmed to 1/8"" fat, select, cooked, roasted",,,MEAT,204.0,28.13,0.0,9.26,,USDA_FDC_SR_LEGACY,13882,2018-04,True,
"Beef, round, eye of round, roast, separable lean and fat, trimmed to 1/8"" fat, select, raw",,,MEAT,160.0,21.3,0.08,7.57,,USDA_FDC_SR_LEGACY,13881,2018-04,True,
"Beef, round, eye of round, roast, separable lean only, trimmed to 1/8"" fat, all grades, cooked, roasted",,,MEAT,169.0,29.73,0.0,4.71,,USDA_FDC_SR_LEGACY,23598,2018-04,True,
"Beef, round, eye of round, roast, separable lean only, trimmed to 1/8"" fat, all grades, raw",,,MEAT,124.0,22.6,0.0,3.0,,USDA_FDC_SR_LEGACY,23597,2018-04,True,
"Beef, round, eye of round, roast, separable lean only, trimmed to 1/8"" fat, choice, cooked, roasted",,,MEAT,175.0,29.87,0.0,5.3,,USDA_FDC_SR_LEGACY,23620,2018-04,True,
"Beef, round, eye of round, roast, separable lean only, trimmed to 1/8"" fat, choice, raw",,,MEAT,128.0,22.88,0.0,3.38,,USDA_FDC_SR_LEGACY,23616,2018-04,True,
"Beef, round, eye of round, roast, separable lean only, trimmed to 1/8"" fat, select, cooked, roasted",,,MEAT,163.0,29.59,0.0,4.11,,USDA_FDC_SR_LEGACY,23591,2018-04,True,
"Beef, round, eye of round, roast, separable lean only, trimmed to 1/8"" fat, select, raw",,,MEAT,119.0,22.31,0.0,2.62,,USDA_FDC_SR_LEGACY,23635,2018-04,True,
"Beef, round, full cut, separable lean and fat, trimmed to 1/8"" fat, choice, cooked, broiled",,,MEAT,235.0,27.54,0.0,12.98,,USDA_FDC_SR_LEGACY,13865,2018-04,True,
"Beef, round, full cut, separable lean and fat, trimmed to 1/8"" fat, choice, raw",,,MEAT,195.0,20.56,0.0,11.92,,USDA_FDC_SR_LEGACY,13864,2018-04,True,
"Beef, round, full cut, separable lean and fat, trimmed to 1/8"" fat, select, cooked, broiled",,,MEAT,218.0,27.58,0.0,11.08,,USDA_FDC_SR_LEGACY,13867,2018-04,True,
"Beef, round, full cut, separable lean and fat, trimmed to 1/8"" fat, select, raw",,,MEAT,184.0,20.56,0.0,10.68,,USDA_FDC_SR_LEGACY,13866,2018-04,True,
"Beef, round, full cut, separable lean only, trimmed to 1/4"" fat, choice, cooked, broiled",,,MEAT,191.0,29.21,0.0,7.31,,USDA_FDC_SR_LEGACY,13156,2018-04,True,
"Beef, round, full cut, separable lean only, trimmed to 1/4"" fat, select, cooked, broiled",,,MEAT,172.0,29.25,0.0,5.22,,USDA_FDC_SR_LEGACY,13158,2018-04,True,
"Beef, round, knuckle, tip center, steak, separable lean and fat, trimmed to 0"" fat, all grades, cooked, grilled",,,MEAT,177.0,27.12,0.0,6.78,,USDA_FDC_SR_LEGACY,23062,2018-04,True,
"Beef, round, knuckle, tip center, steak, separable lean and fat, trimmed to 0"" fat, all grades, raw",,,MEAT,143.0,20.93,0.0,5.89,,USDA_FDC_SR_LEGACY,23061,2018-04,True,
"Beef, round, knuckle, tip center, steak, separable lean and fat, trimmed to 0"" fat, choice, cooked, grilled",,,MEAT,188.0,26.88,0.0,8.13,,USDA_FDC_SR_LEGACY,23046,2018-04,True,
"Beef, round, knuckle, tip center, steak, separable lean and fat, trimmed to 0"" fat, choice, raw",,,MEAT,150.0,20.74,0.0,6.85,,USDA_FDC_SR_LEGACY,23045,2018-04,True,
"Beef, round, knuckle, tip center, steak, separable lean and fat, trimmed to 0"" fat, select, cooked, grilled",,,MEAT,162.0,26.61,0.0,5.32,,USDA_FDC_SR_LEGACY,23048,2018-04,True,
"Beef, round, knuckle, tip center, steak, separable lean and fat, trimmed to 0"" fat, select, raw",,,MEAT,137.0,20.98,0.0,5.21,,USDA_FDC_SR_LEGACY,23047,2018-04,True,
"Beef, round, knuckle, tip side, steak, separable lean and fat , trimmed to 0"" fat, select, raw",,,MEAT,123.0,21.96,0.0,3.24,,USDA_FDC_SR_LEGACY,23032,2018-04,True,
"Beef, round, knuckle, tip side, steak, separable lean and fat, trimmed to 0"" fat, all grades, cooked, grilled",,,MEAT,168.0,29.08,0.0,4.84,,USDA_FDC_SR_LEGACY,23056,2018-04,True,
"Beef, round, knuckle, tip side, steak, separable lean and fat, trimmed to 0"" fat, all grades, raw",,,MEAT,129.0,21.69,0.0,4.0,,USDA_FDC_SR_LEGACY,23055,2018-04,True,
"Beef, round, knuckle, tip side, steak, separable lean and fat, trimmed to 0"" fat, choice, cooked, grilled",,,MEAT,174.0,28.79,0.0,5.71,,USDA_FDC_SR_LEGACY,23031,2018-04,True,
"Beef, round, knuckle, tip side, steak, separable lean and fat, trimmed to 0"" fat, choice, raw",,,MEAT,133.0,21.41,0.0,4.66,,USDA_FDC_SR_LEGACY,23030,2018-04,True,
"Beef, round, knuckle, tip side, steak, separable lean and fat, trimmed to 0"" fat, select, cooked, grilled",,,MEAT,160.0,29.24,0.0,3.91,,USDA_FDC_SR_LEGACY,23033,2018-04,True,
"Beef, round, outside round, bottom round, steak, separable lean and fat, trimmed to 0"" fat, all grades, cooked, grilled",,,MEAT,182.0,27.52,0.0,7.1,,USDA_FDC_SR_LEGACY,23064,2018-04,True,
"Beef, round, outside round, bottom round, steak, separable lean and fat, trimmed to 0"" fat, all grades, raw",,,MEAT,142.0,21.59,0.0,5.53,,USDA_FDC_SR_LEGACY,23063,2018-04,True,
"Beef, round, outside round, bottom round, steak, separable lean and fat, trimmed to 0"" fat, choice, cooked, grilled",,,MEAT,191.0,27.22,0.0,8.3,,USDA_FDC_SR_LEGACY,23050,2018-04,True,
"Beef, round, outside round, bottom round, steak, separable lean and fat, trimmed to 0"" fat, choice, raw",,,MEAT,150.0,21.24,0.0,6.59,,USDA_FDC_SR_LEGACY,23049,2018-04,True,
"Beef, round, outside round, bottom round, steak, separable lean and fat, trimmed to 0"" fat, select, cooked, grilled",,,MEAT,166.0,28.01,0.0,5.17,,USDA_FDC_SR_LEGACY,23052,2018-04,True,
"Beef, round, outside round, bottom round, steak, separable lean and fat, trimmed to 0"" fat, select, raw",,,MEAT,129.0,22.15,0.0,3.83,,USDA_FDC_SR_LEGACY,23051,2018-04,True,
"Beef, round, tip round, roast, separable lean and fat, trimmed to 0"" fat, all grades, cooked, roasted",,,MEAT,188.0,26.79,0.0,8.21,,USDA_FDC_SR_LEGACY,13421,2018-04,True,
"Beef, round, tip round, roast, separable lean and fat, trimmed to 0"" fat, all grades, raw",,,MEAT,151.0,20.48,0.0,7.01,,USDA_FDC_SR_LEGACY,13486,2018-04,True,
"Beef, round, tip round, roast, separable lean and fat, trimmed to 0"" fat, choice, cooked, roasted",,,MEAT,196.0,27.01,0.0,8.9,,USDA_FDC_SR_LEGACY,13422,2018-04,True,
"Beef, round, tip round, roast, separable lean and fat, trimmed to 0"" fat, choice, raw",,,MEAT,156.0,20.16,0.0,7.73,,USDA_FDC_SR_LEGACY,13487,2018-04,True,
"Beef, round, tip round, roast, separable lean and fat, trimmed to 0"" fat, select, cooked, roasted",,,MEAT,181.0,26.57,0.0,7.53,,USDA_FDC_SR_LEGACY,13423,2018-04,True,
"Beef, round, tip round, roast, separable lean and fat, trimmed to 0"" fat, select, raw",,,MEAT,145.0,20.8,0.0,6.28,,USDA_FDC_SR_LEGACY,13488,2018-04,True,
"Beef, round, tip round, roast, separable lean and fat, trimmed to 1/8"" fat, all grades, cooked, roasted",,,MEAT,219.0,27.45,0.0,11.34,,USDA_FDC_SR_LEGACY,13884,2018-04,True,
"Beef, round, tip round, roast, separable lean and fat, trimmed to 1/8"" fat, choice, cooked, roasted",,,MEAT,228.0,27.27,0.0,12.34,,USDA_FDC_SR_LEGACY,13886,2018-04,True,
"Beef, round, tip round, roast, separable lean and fat, trimmed to 1/8"" fat, select, cooked, roasted",,,MEAT,210.0,27.63,0.0,10.24,,USDA_FDC_SR_LEGACY,13888,2018-04,True,
"Beef, round, tip round, roast, separable lean only, trimmed to 0"" fat, all grades, cooked, roasted",,,MEAT,174.0,27.53,0.0,6.2,,USDA_FDC_SR_LEGACY,13424,2018-04,True,
"Beef, round, tip round, roast, separable lean only, trimmed to 0"" fat, all grades, raw",,,MEAT,126.0,21.07,0.0,3.95,,USDA_FDC_SR_LEGACY,23651,2018-04,True,
"Beef, round, tip round, roast, separable lean only, trimmed to 0"" fat, choice, cooked, roasted",,,MEAT,176.0,27.68,0.0,6.42,,USDA_FDC_SR_LEGACY,13425,2018-04,True,
"Beef, round, tip round, roast, separable lean only, trimmed to 0"" fat, choice, raw",,,MEAT,130.0,20.76,0.0,4.55,,USDA_FDC_SR_LEGACY,23652,2018-04,True,
"Beef, round, tip round, roast, separable lean only, trimmed to 0"" fat, select, cooked, roasted",,,MEAT,149.0,27.37,0.0,4.38,,USDA_FDC_SR_LEGACY,13426,2018-04,True,
"Beef, round, tip round, roast, separable lean only, trimmed to 0"" fat, select, raw",,,MEAT,122.0,21.38,0.0,3.35,,USDA_FDC_SR_LEGACY,23653,2018-04,True,
"Beef, round, tip round, separable lean and fat, trimmed to 1/8"" fat, all grades, raw",,,MEAT,189.0,19.6,0.0,11.67,,USDA_FDC_SR_LEGACY,13883,2018-04,True,
"Beef, round, tip round, separable lean and fat, trimmed to 1/8"" fat, choice, raw",,,MEAT,199.0,19.48,0.0,12.83,,USDA_FDC_SR_LEGACY,13885,2018-04,True,
"Beef, round, tip round, separable lean and fat, trimmed to 1/8"" fat, select, raw",,,MEAT,178.0,19.74,0.0,10.39,,USDA_FDC_SR_LEGACY,13887,2018-04,True,
"Beef, round, top round roast, boneless, separable lean and fat, trimmed to 0"" fat, all grades, cooked, roasted",,,MEAT,160.0,29.9,0.0,4.49,,USDA_FDC_SR_LEGACY,23348,2018-04,True,
"Beef, round, top round roast, boneless, separable lean and fat, trimmed to 0"" fat, all grades, raw",,,MEAT,125.0,23.45,0.0,3.5,,USDA_FDC_SR_LEGACY,23327,2018-04,True,
"Beef, round, top round roast, boneless, separable lean and fat, trimmed to 0"" fat, choice, cooked, roasted",,,MEAT,163.0,30.08,0.0,4.79,,USDA_FDC_SR_LEGACY,23349,2018-04,True,
"Beef, round, top round roast, boneless, separable lean and fat, trimmed to 0"" fat, choice, raw",,,MEAT,128.0,23.46,0.0,3.81,,USDA_FDC_SR_LEGACY,23328,2018-04,True,
"Beef, round, top round roast, boneless, separable lean and fat, trimmed to 0"" fat, select, cooked, roasted",,,MEAT,157.0,30.97,0.0,3.72,,USDA_FDC_SR_LEGACY,23350,2018-04,True,
"Beef, round, top round roast, boneless, separable lean and fat, trimmed to 0"" fat, select, raw",,,MEAT,121.0,23.44,0.0,3.04,,USDA_FDC_SR_LEGACY,23329,2018-04,True,
"Beef, round, top round roast, boneless, separable lean only, trimmed to 0"" fat, all grades, cooked, roasted",,,MEAT,162.0,30.09,0.0,3.77,,USDA_FDC_SR_LEGACY,23378,2018-04,True,
"Beef, round, top round roast, boneless, separable lean only, trimmed to 0"" fat, all grades, raw",,,MEAT,121.0,23.59,0.0,2.94,,USDA_FDC_SR_LEGACY,23357,2018-04,True,
"Beef, round, top round roast, boneless, separable lean only, trimmed to 0"" fat, choice, cooked, roasted",,,MEAT,158.0,30.24,0.06,4.11,,USDA_FDC_SR_LEGACY,23379,2018-04,True,
"Beef, round, top round roast, boneless, separable lean only, trimmed to 0"" fat, choice, raw",,,MEAT,124.0,23.59,0.0,3.26,,USDA_FDC_SR_LEGACY,23358,2018-04,True,
"Beef, round, top round roast, boneless, separable lean only, trimmed to 0"" fat, select, cooked, roasted",,,MEAT,150.0,29.81,0.0,3.37,,USDA_FDC_SR_LEGACY,23380,2018-04,True,
"Beef, round, top round roast, boneless, separable lean only, trimmed to 0"" fat, select, raw",,,MEAT,123.0,23.7,0.0,2.41,,USDA_FDC_FOUNDATION,23359,2026-04-30,True,
"Beef, round, top round steak, boneless, separable lean and fat, trimmed to 0"" fat, all grades, cooked, grilled",,,MEAT,167.0,29.96,0.0,4.28,,USDA_FDC_SR_LEGACY,13959,2018-04,True,
"Beef, round, top round steak, boneless, separable lean and fat, trimmed to 0"" fat, all grades, raw",,,MEAT,124.0,23.49,0.0,3.34,,USDA_FDC_SR_LEGACY,23324,2018-04,True,
"Beef, round, top round steak, boneless, separable lean and fat, trimmed to 0"" fat, choice, cooked, grilled",,,MEAT,170.0,30.12,0.0,4.62,,USDA_FDC_SR_LEGACY,13968,2018-04,True,
"Beef, round, top round steak, boneless, separable lean and fat, trimmed to 0"" fat, choice, raw",,,MEAT,127.0,23.49,0.0,3.66,,USDA_FDC_SR_LEGACY,23325,2018-04,True,
"Beef, round, top round steak, boneless, separable lean and fat, trimmed to 0"" fat, select, cooked, grilled",,,MEAT,162.0,29.7,0.0,3.85,,USDA_FDC_SR_LEGACY,13969,2018-04,True,
"Beef, round, top round steak, boneless, separable lean and fat, trimmed to 0"" fat, select, raw",,,MEAT,120.0,23.49,0.0,2.85,,USDA_FDC_SR_LEGACY,23326,2018-04,True,
"Beef, round, top round steak, boneless, separable lean only, trimmed to 0"" fat, all grades, cooked, grilled",,,MEAT,162.0,30.09,0.0,3.77,,USDA_FDC_SR_LEGACY,13491,2018-04,True,
"Beef, round, top round steak, boneless, separable lean only, trimmed to 0"" fat, all grades, raw",,,MEAT,121.0,23.59,0.0,2.94,,USDA_FDC_SR_LEGACY,23354,2018-04,True,
"Beef, round, top round steak, boneless, separable lean only, trimmed to 0"" fat, choice, cooked, grilled",,,MEAT,166.0,30.24,0.0,4.11,,USDA_FDC_SR_LEGACY,13492,2018-04,True,
"Beef, round, top round steak, boneless, separable lean only, trimmed to 0"" fat, choice, raw",,,MEAT,124.0,23.59,0.0,3.26,,USDA_FDC_SR_LEGACY,23355,2018-04,True,
"Beef, round, top round steak, boneless, separable lean only, trimmed to 0"" fat, select, cooked, grilled",,,MEAT,158.0,29.81,0.0,3.37,,USDA_FDC_SR_LEGACY,13493,2018-04,True,
"Beef, round, top round steak, boneless, separable lean only, trimmed to 0"" fat, select, raw",,,MEAT,116.0,23.59,0.0,2.45,,USDA_FDC_SR_LEGACY,23356,2018-04,True,
"Beef, round, top round steak, separable lean and fat, trimmed to 1/8"" fat, all grades, cooked, broiled",,,MEAT,204.0,30.67,0.0,9.0,,USDA_FDC_SR_LEGACY,13893,2018-04,True,
"Beef, round, top round, boneless, choice, raw",,,MEAT,146.44,21.48,0.85,5.7,,USDA_FDC_FOUNDATION,100307,2026-04-30,True,
"Beef, round, top round, separable lean and fat, trimmed to 0"" fat, all grades, cooked, braised",,,MEAT,209.0,35.62,0.0,6.31,,USDA_FDC_SR_LEGACY,13428,2018-04,True,
"Beef, round, top round, separable lean and fat, trimmed to 0"" fat, choice, cooked, braised",,,MEAT,216.0,35.62,0.0,7.09,,USDA_FDC_SR_LEGACY,13430,2018-04,True,
"Beef, round, top round, separable lean and fat, trimmed to 0"" fat, select, cooked, braised",,,MEAT,200.0,35.62,0.0,5.33,,USDA_FDC_SR_LEGACY,13432,2018-04,True,
"Beef, round, top round, separable lean and fat, trimmed to 1/8"" fat, all grades, cooked, braised",,,MEAT,238.0,34.34,0.0,10.13,,USDA_FDC_SR_LEGACY,13892,2018-04,True,
"Beef, round, top round, separable lean and fat, trimmed to 1/8"" fat, choice, cooked, braised",,,MEAT,250.0,34.09,0.0,11.61,,USDA_FDC_SR_LEGACY,13895,2018-04,True,
"Beef, round, top round, separable lean and fat, trimmed to 1/8"" fat, choice, cooked, pan-fried",,,MEAT,266.0,32.99,0.0,13.83,,USDA_FDC_SR_LEGACY,13897,2018-04,True,
"Beef, round, top round, separable lean and fat, trimmed to 1/8"" fat, prime, raw",,,MEAT,173.0,22.24,0.0,8.67,,USDA_FDC_SR_LEGACY,13901,2018-04,True,
"Beef, round, top round, separable lean and fat, trimmed to 1/8"" fat, select, cooked, braised",,,MEAT,225.0,34.6,0.0,8.54,,USDA_FDC_SR_LEGACY,13899,2018-04,True,
"Beef, round, top round, separable lean only, trimmed to 0"" fat, choice, cooked, braised",,,MEAT,207.0,36.12,0.0,5.8,,USDA_FDC_SR_LEGACY,13436,2018-04,True,
"Beef, round, top round, separable lean only, trimmed to 0"" fat, select, cooked, braised",,,MEAT,190.0,36.12,0.0,4.0,,USDA_FDC_SR_LEGACY,13438,2018-04,True,
"Beef, round, top round, separable lean only, trimmed to 1/8"" fat, choice, cooked, pan-fried",,,MEAT,228.0,33.93,2.03,8.33,,USDA_FDC_SR_LEGACY,13890,2018-04,True,
"Beef, round, top round, steak, separable lean and fat, trimmed to 1/8"" fat, all grades, raw",,,MEAT,166.0,22.06,0.0,7.93,,USDA_FDC_SR_LEGACY,13891,2018-04,True,
"Beef, round, top round, steak, separable lean and fat, trimmed to 1/8"" fat, choice, cooked, broiled",,,MEAT,224.0,30.7,0.0,10.27,,USDA_FDC_SR_LEGACY,13896,2018-04,True,
"Beef, round, top round, steak, separable lean and fat, trimmed to 1/8"" fat, choice, raw",,,MEAT,168.0,21.94,0.0,8.19,,USDA_FDC_SR_LEGACY,13894,2018-04,True,
"Beef, round, top round, steak, separable lean and fat, trimmed to 1/8"" fat, prime, cooked, broiled",,,MEAT,225.0,31.27,0.0,10.1,,USDA_FDC_SR_LEGACY,13902,2018-04,True,
"Beef, round, top round, steak, separable lean and fat, trimmed to 1/8"" fat, select, cooked, broiled",,,MEAT,201.0,30.63,0.0,7.73,,USDA_FDC_SR_LEGACY,13900,2018-04,True,
"Beef, round, top round, steak, separable lean and fat, trimmed to 1/8"" fat, select, raw",,,MEAT,164.0,22.18,0.0,7.68,,USDA_FDC_SR_LEGACY,13898,2018-04,True,
"Beef, round, top round, steak, separable lean only, trimmed to 1/8"" fat, all grades, cooked, broiled",,,MEAT,185.0,31.82,0.0,5.45,,USDA_FDC_SR_LEGACY,23608,2018-04,True,
"Beef, round, top round, steak, separable lean only, trimmed to 1/8"" fat, all grades, raw",,,MEAT,135.0,22.91,0.0,4.09,,USDA_FDC_SR_LEGACY,23609,2018-04,True,
"Beef, round, top round, steak, separable lean only, trimmed to 1/8"" fat, choice, cooked, broiled",,,MEAT,193.0,32.04,0.0,6.25,,USDA_FDC_SR_LEGACY,23621,2018-04,True,
"Beef, round, top round, steak, separable lean only, trimmed to 1/8"" fat, choice, raw",,,MEAT,140.0,22.69,0.0,4.78,,USDA_FDC_SR_LEGACY,23617,2018-04,True,
"Beef, round, top round, steak, separable lean only, trimmed to 1/8"" fat, select, cooked, broiled",,,MEAT,177.0,31.61,0.0,4.65,,USDA_FDC_SR_LEGACY,23592,2018-04,True,
"Beef, round, top round, steak, separable lean only, trimmed to 1/8"" fat, select, raw",,,MEAT,129.0,23.13,0.0,3.37,,USDA_FDC_SR_LEGACY,23636,2018-04,True,
"Beef, sandwich steaks, flaked, chopped, formed and thinly sliced, raw",,,MEAT,309.0,16.5,0.0,27.0,,USDA_FDC_SR_LEGACY,13342,2018-04,True,
"Beef, shank crosscuts, separable lean only, trimmed to 1/4"" fat, choice, cooked, simmered",,,MEAT,201.0,33.68,0.0,6.36,,USDA_FDC_SR_LEGACY,13228,2018-04,True,
"Beef, shank crosscuts, separable lean only, trimmed to 1/4"" fat, choice, raw",,,MEAT,128.0,21.75,0.0,3.85,,USDA_FDC_SR_LEGACY,13227,2018-04,True,
"Beef, short loin (NY strip steak), raw",,,MEAT,196.0,21.32,0.22,11.54,,USDA_FDC_FOUNDATION,100377,2026-04-30,True,
"Beef, short loin, porterhouse steak, separable lean and fat, trimmed to 0"" fat, USDA choice, cooked, broiled",,,MEAT,283.0,23.61,0.0,20.15,,USDA_FDC_SR_LEGACY,13460,2018-04,True,
"Beef, short loin, porterhouse steak, separable lean and fat, trimmed to 0"" fat, USDA select, cooked, broiled",,,MEAT,267.0,24.47,0.0,17.98,,USDA_FDC_SR_LEGACY,13463,2018-04,True,
"Beef, short loin, porterhouse steak, separable lean and fat, trimmed to 0"" fat, all grades, cooked, broiled",,,MEAT,276.0,23.96,0.0,19.27,,USDA_FDC_SR_LEGACY,13459,2018-04,True,
"Beef, short loin, porterhouse steak, separable lean and fat, trimmed to 1/8"" fat, all grades, cooked, grilled",,,MEAT,276.0,25.4,0.0,18.57,,USDA_FDC_SR_LEGACY,23002,2018-04,True,
"Beef, short loin, porterhouse steak, separable lean and fat, trimmed to 1/8"" fat, all grades, raw",,,MEAT,214.0,20.49,0.0,14.06,,USDA_FDC_SR_LEGACY,23001,2018-04,True,
"Beef, short loin, porterhouse steak, separable lean and fat, trimmed to 1/8"" fat, choice, cooked, grilled",,,MEAT,284.0,24.85,0.0,19.78,,USDA_FDC_SR_LEGACY,13906,2018-04,True,
"Beef, short loin, porterhouse steak, separable lean and fat, trimmed to 1/8"" fat, choice, raw",,,MEAT,218.0,20.36,0.0,14.58,,USDA_FDC_SR_LEGACY,13905,2018-04,True,
"Beef, short loin, porterhouse steak, separable lean and fat, trimmed to 1/8"" fat, select, cooked, grilled",,,MEAT,263.0,26.21,0.0,16.75,,USDA_FDC_SR_LEGACY,23004,2018-04,True,
"Beef, short loin, porterhouse steak, separable lean and fat, trimmed to 1/8"" fat, select, raw",,,MEAT,208.0,20.69,0.0,13.27,,USDA_FDC_SR_LEGACY,23003,2018-04,True,
"Beef, short loin, porterhouse steak, separable lean only, trimmed to 0"" fat, all grades, cooked, broiled",,,MEAT,212.0,26.07,0.0,11.18,,USDA_FDC_SR_LEGACY,13466,2018-04,True,
"Beef, short loin, porterhouse steak, separable lean only, trimmed to 0"" fat, choice, cooked, broiled",,,MEAT,224.0,25.51,0.0,12.8,,USDA_FDC_SR_LEGACY,13467,2018-04,True,
"Beef, short loin, porterhouse steak, separable lean only, trimmed to 0"" fat, select, cooked, broiled",,,MEAT,194.0,26.89,0.0,8.81,,USDA_FDC_SR_LEGACY,13470,2018-04,True,
"Beef, short loin, porterhouse steak, separable lean only, trimmed to 1/8"" fat, all grades, cooked, grilled",,,MEAT,213.0,28.16,0.0,10.32,,USDA_FDC_SR_LEGACY,13465,2018-04,True,
"Beef, short loin, porterhouse steak, separable lean only, trimmed to 1/8"" fat, all grades, raw",,,MEAT,155.0,22.32,0.0,6.6,,USDA_FDC_SR_LEGACY,13464,2018-04,True,
"Beef, short loin, porterhouse steak, separable lean only, trimmed to 1/8"" fat, choice, cooked, grilled",,,MEAT,221.0,27.65,0.0,11.36,,USDA_FDC_SR_LEGACY,13232,2018-04,True,
"Beef, short loin, porterhouse steak, separable lean only, trimmed to 1/8"" fat, choice, raw",,,MEAT,161.0,22.13,0.0,7.39,,USDA_FDC_SR_LEGACY,13231,2018-04,True,
"Beef, short loin, porterhouse steak, separable lean only, trimmed to 1/8"" fat, select, cooked, grilled",,,MEAT,203.0,28.92,0.0,8.76,,USDA_FDC_SR_LEGACY,13469,2018-04,True,
"Beef, short loin, porterhouse steak, separable lean only, trimmed to 1/8"" fat, select, raw",,,MEAT,145.0,22.7,0.0,5.32,,USDA_FDC_FOUNDATION,13468,2026-04-30,True,
"Beef, short loin, t-bone steak, bone-in, separable lean only, trimmed to 1/8"" fat, all grades, cooked, grilled",,,MEAT,212.0,27.86,0.0,10.37,,USDA_FDC_SR_LEGACY,13479,2018-04,True,
"Beef, short loin, t-bone steak, bone-in, separable lean only, trimmed to 1/8"" fat, all grades, raw",,,MEAT,153.0,22.22,0.0,6.5,,USDA_FDC_SR_LEGACY,13478,2018-04,True,
"Beef, short loin, t-bone steak, bone-in, separable lean only, trimmed to 1/8"" fat, choice, cooked, grilled",,,MEAT,219.0,27.3,0.0,11.4,,USDA_FDC_FOUNDATION,13236,2026-04-30,True,
"Beef, short loin, t-bone steak, bone-in, separable lean only, trimmed to 1/8"" fat, choice, raw",,,MEAT,160.0,22.1,0.0,7.27,,USDA_FDC_SR_LEGACY,13235,2018-04,True,
"Beef, short loin, t-bone steak, bone-in, separable lean only, trimmed to 1/8"" fat, select, cooked, grilled",,,MEAT,206.0,28.45,0.0,9.35,,USDA_FDC_SR_LEGACY,13483,2018-04,True,
"Beef, short loin, t-bone steak, bone-in, separable lean only, trimmed to 1/8"" fat, select, raw",,,MEAT,144.0,22.41,0.0,5.34,,USDA_FDC_SR_LEGACY,13482,2018-04,True,
"Beef, short loin, t-bone steak, separable lean and fat, trimmed to 0"" fat, USDA choice, cooked, broiled",,,MEAT,258.0,24.05,0.0,17.26,,USDA_FDC_SR_LEGACY,13474,2018-04,True,
"Beef, short loin, t-bone steak, separable lean and fat, trimmed to 0"" fat, USDA select, cooked, broiled",,,MEAT,230.0,24.38,0.0,14.0,,USDA_FDC_SR_LEGACY,13477,2018-04,True,
"Beef, short loin, t-bone steak, separable lean and fat, trimmed to 0"" fat, all grades, cooked, broiled",,,MEAT,247.0,24.18,0.0,15.93,,USDA_FDC_SR_LEGACY,13473,2018-04,True,
"Beef, short loin, t-bone steak, separable lean and fat, trimmed to 1/8"" fat, all grades, cooked, grilled",,,MEAT,289.0,24.6,0.0,20.36,,USDA_FDC_SR_LEGACY,23006,2018-04,True,
"Beef, short loin, t-bone steak, separable lean and fat, trimmed to 1/8"" fat, all grades, raw",,,MEAT,223.0,20.11,0.0,15.18,,USDA_FDC_SR_LEGACY,23005,2018-04,True,
"Beef, short loin, t-bone steak, separable lean and fat, trimmed to 1/8"" fat, choice, cooked, grilled",,,MEAT,294.0,24.21,0.0,21.13,,USDA_FDC_SR_LEGACY,13908,2018-04,True,
"Beef, short loin, t-bone steak, separable lean and fat, trimmed to 1/8"" fat, choice, raw",,,MEAT,228.0,20.0,0.0,15.83,,USDA_FDC_SR_LEGACY,13907,2018-04,True,
"Beef, short loin, t-bone steak, separable lean and fat, trimmed to 1/8"" fat, select, cooked, grilled",,,MEAT,281.0,25.18,0.0,19.22,,USDA_FDC_SR_LEGACY,23008,2018-04,True,
"Beef, short loin, t-bone steak, separable lean and fat, trimmed to 1/8"" fat, select, raw",,,MEAT,215.0,20.28,0.0,14.19,,USDA_FDC_SR_LEGACY,23007,2018-04,True,
"Beef, short loin, t-bone steak, separable lean only, trimmed to 0"" fat, choice, cooked, broiled",,,MEAT,198.0,25.98,0.0,9.61,,USDA_FDC_SR_LEGACY,13481,2018-04,True,
"Beef, short loin, t-bone steak, separable lean only, trimmed to 0"" fat, select, cooked, broiled",,,MEAT,177.0,26.0,0.0,7.36,,USDA_FDC_SR_LEGACY,13484,2018-04,True,
"Beef, short loin, top loin steak, separable lean only, trimmed to 1/8"" fat, all grades, raw",,,MEAT,138.0,22.93,0.0,5.15,,USDA_FDC_SR_LEGACY,23607,2018-04,True,
"Beef, short loin, top loin, separable lean and fat, trimmed to 1/8"" fat, prime, cooked, broiled",,,MEAT,310.0,25.92,0.0,22.12,,USDA_FDC_SR_LEGACY,13916,2018-04,True,
"Beef, short loin, top loin, steak, separable lean and fat, trimmed to 1/8"" fat, all grades, raw",,,MEAT,228.0,20.61,0.0,15.49,,USDA_FDC_SR_LEGACY,13909,2018-04,True,
"Beef, short loin, top loin, steak, separable lean and fat, trimmed to 1/8"" fat, choice, cooked, grilled",,,MEAT,278.0,26.16,0.0,18.45,,USDA_FDC_SR_LEGACY,13912,2018-04,True,
"Beef, short loin, top loin, steak, separable lean and fat, trimmed to 1/8"" fat, prime, raw",,,MEAT,281.0,19.0,0.0,22.17,,USDA_FDC_SR_LEGACY,13915,2018-04,True,
"Beef, short loin, top loin, steak, separable lean only, trimmed to 1/8"" fat, all grades, cooked, broiled",,,MEAT,189.0,29.3,0.0,7.09,,USDA_FDC_SR_LEGACY,23606,2018-04,True,
"Beef, short loin, top loin, steak, separable lean only, trimmed to 1/8"" fat, choice, cooked, broiled",,,MEAT,201.0,29.16,0.0,8.45,,USDA_FDC_SR_LEGACY,23630,2018-04,True,
"Beef, short loin, top loin, steak, separable lean only, trimmed to 1/8"" fat, choice, raw",,,MEAT,155.0,22.78,0.0,6.43,,USDA_FDC_SR_LEGACY,23627,2018-04,True,
"Beef, short loin, top loin, steak, separable lean only, trimmed to 1/8"" fat, select, cooked, grilled",,,MEAT,177.0,29.44,0.0,5.73,,USDA_FDC_SR_LEGACY,23589,2018-04,True,
"Beef, short loin, top loin, steak, separable lean only, trimmed to 1/8"" fat, select, raw",,,MEAT,133.0,23.07,0.0,3.88,,USDA_FDC_SR_LEGACY,23585,2018-04,True,
"Beef, shoulder pot roast or steak, boneless, separable lean and fat, trimmed to 0"" fat, all grades, raw",,,MEAT,130.0,21.39,0.0,4.97,,USDA_FDC_SR_LEGACY,23000,2018-04,True,
"Beef, shoulder pot roast or steak, boneless, separable lean and fat, trimmed to 0"" fat, choice, raw",,,MEAT,133.0,21.17,0.07,5.33,,USDA_FDC_SR_LEGACY,23111,2018-04,True,
"Beef, shoulder pot roast or steak, boneless, separable lean and fat, trimmed to 0"" fat, select, raw",,,MEAT,127.0,21.72,0.0,4.44,,USDA_FDC_SR_LEGACY,23112,2018-04,True,
"Beef, shoulder pot roast or steak, boneless, separable lean only, trimmed to 0"" fat, all grades, raw",,,MEAT,123.0,21.64,0.0,4.09,,USDA_FDC_SR_LEGACY,13647,2018-04,True,
"Beef, shoulder pot roast or steak, boneless, separable lean only, trimmed to 0"" fat, choice, raw",,,MEAT,125.0,21.45,0.11,4.35,,USDA_FDC_SR_LEGACY,13648,2018-04,True,
"Beef, shoulder pot roast or steak, boneless, separable lean only, trimmed to 0"" fat, select, raw",,,MEAT,121.0,21.93,0.0,3.7,,USDA_FDC_SR_LEGACY,13649,2018-04,True,
"Beef, shoulder pot roast, boneless, separable lean and fat, trimmed to 0"" fat, all grades, cooked, braised",,,MEAT,204.0,31.03,0.0,8.92,,USDA_FDC_SR_LEGACY,23131,2018-04,True,
"Beef, shoulder pot roast, boneless, separable lean and fat, trimmed to 0"" fat, choice, cooked, braised",,,MEAT,207.0,30.93,0.0,9.25,,USDA_FDC_SR_LEGACY,23132,2018-04,True,
"Beef, shoulder pot roast, boneless, separable lean and fat, trimmed to 0"" fat, select, cooked, braised",,,MEAT,200.0,31.18,0.0,8.41,,USDA_FDC_SR_LEGACY,23133,2018-04,True,
"Beef, shoulder pot roast, boneless, separable lean only, trimmed to 0"" fat, all grades, cooked, braised",,,MEAT,196.0,31.48,0.0,7.78,,USDA_FDC_SR_LEGACY,23083,2018-04,True,
"Beef, shoulder pot roast, boneless, separable lean only, trimmed to 0"" fat, choice, cooked, braised",,,MEAT,200.0,31.32,0.0,8.3,,USDA_FDC_SR_LEGACY,23081,2018-04,True,
"Beef, shoulder pot roast, boneless, separable lean only, trimmed to 0"" fat, select, cooked, braised",,,MEAT,190.0,31.71,0.0,7.02,,USDA_FDC_SR_LEGACY,23082,2018-04,True,
"Beef, shoulder steak, boneless, separable lean and fat, trimmed to 0"" fat, all grades, cooked, grilled",,,MEAT,182.0,28.29,0.0,6.8,,USDA_FDC_SR_LEGACY,23554,2018-04,True,
"Beef, shoulder steak, boneless, separable lean and fat, trimmed to 0"" fat, choice, cooked, grilled",,,MEAT,186.0,28.22,0.0,7.25,,USDA_FDC_SR_LEGACY,23533,2018-04,True,
"Beef, shoulder steak, boneless, separable lean and fat, trimmed to 0"" fat, select, cooked, grilled",,,MEAT,177.0,28.41,0.0,6.14,,USDA_FDC_SR_LEGACY,23536,2018-04,True,
"Beef, shoulder steak, boneless, separable lean only, trimmed to 0"" fat, all grades, cooked, grilled",,,MEAT,175.0,28.6,0.0,5.82,,USDA_FDC_SR_LEGACY,23516,2018-04,True,
"Beef, shoulder steak, boneless, separable lean only, trimmed to 0"" fat, choice, cooked, grilled",,,MEAT,178.0,28.54,0.0,6.25,,USDA_FDC_SR_LEGACY,13943,2018-04,True,
"Beef, shoulder steak, boneless, separable lean only, trimmed to 0"" fat, select, cooked, grilled",,,MEAT,169.0,28.71,0.0,5.17,,USDA_FDC_SR_LEGACY,13946,2018-04,True,
"Beef, shoulder top blade steak, boneless, separable lean and fat, trimmed to 0"" fat, all grades, cooked, grilled",,,MEAT,210.0,27.59,0.0,11.07,,USDA_FDC_SR_LEGACY,13598,2018-04,True,
"Beef, shoulder top blade steak, boneless, separable lean and fat, trimmed to 0"" fat, all grades, raw",,,MEAT,146.0,20.16,0.0,7.25,,USDA_FDC_SR_LEGACY,13863,2018-04,True,
"Beef, shoulder top blade steak, boneless, separable lean and fat, trimmed to 0"" fat, choice, cooked, grilled",,,MEAT,220.0,27.51,0.0,12.26,,USDA_FDC_SR_LEGACY,13650,2018-04,True,
"Beef, shoulder top blade steak, boneless, separable lean and fat, trimmed to 0"" fat, choice, raw",,,MEAT,152.0,20.07,0.0,7.94,,USDA_FDC_SR_LEGACY,13889,2018-04,True,
"Beef, shoulder top blade steak, boneless, separable lean and fat, trimmed to 0"" fat, select, cooked, grilled",,,MEAT,194.0,27.7,0.0,9.29,,USDA_FDC_SR_LEGACY,13862,2018-04,True,
"Beef, shoulder top blade steak, boneless, separable lean and fat, trimmed to 0"" fat, select, raw",,,MEAT,137.0,20.28,0.0,6.21,,USDA_FDC_SR_LEGACY,13903,2018-04,True,
"Beef, shoulder top blade steak, boneless, separable lean only, trimmed to 0"" fat, all grades, cooked, grilled",,,MEAT,196.0,28.15,0.0,9.23,,USDA_FDC_SR_LEGACY,13500,2018-04,True,
"Beef, shoulder top blade steak, boneless, separable lean only, trimmed to 0"" fat, all grades, raw",,,MEAT,139.0,20.36,0.0,6.42,,USDA_FDC_SR_LEGACY,13519,2018-04,True,
"Beef, shoulder top blade steak, boneless, separable lean only, trimmed to 0"" fat, choice, cooked, grilled",,,MEAT,202.0,28.28,0.0,9.83,,USDA_FDC_SR_LEGACY,13501,2018-04,True,
"Beef, shoulder top blade steak, boneless, separable lean only, trimmed to 0"" fat, choice, raw",,,MEAT,143.0,20.35,0.0,6.88,,USDA_FDC_SR_LEGACY,13520,2018-04,True,
"Beef, shoulder top blade steak, boneless, separable lean only, trimmed to 0"" fat, select, cooked, grilled",,,MEAT,187.0,27.96,0.0,8.34,,USDA_FDC_SR_LEGACY,13502,2018-04,True,
"Beef, shoulder top blade steak, boneless, separable lean only, trimmed to 0"" fat, select, raw",,,MEAT,133.0,20.39,0.0,5.73,,USDA_FDC_SR_LEGACY,13523,2018-04,True,
"Beef, tenderloin steak, raw",,,MEAT,149.0,21.09,0.18,6.46,,USDA_FDC_FOUNDATION,100378,2026-04-30,True,
"Beef, tenderloin, roast, separable lean and fat, trimmed to 1/8"" fat, all grades, cooked, roasted",,,MEAT,324.0,23.9,0.0,24.6,,USDA_FDC_SR_LEGACY,13919,2018-04,True,
"Beef, tenderloin, roast, separable lean and fat, trimmed to 1/8"" fat, choice, cooked, roasted",,,MEAT,331.0,23.9,0.0,25.39,,USDA_FDC_SR_LEGACY,13922,2018-04,True,
"Beef, tenderloin, roast, separable lean and fat, trimmed to 1/8"" fat, prime, cooked, roasted",,,MEAT,343.0,24.04,0.0,26.67,,USDA_FDC_SR_LEGACY,13928,2018-04,True,
"Beef, tenderloin, roast, separable lean and fat, trimmed to 1/8"" fat, select, cooked, roasted",,,MEAT,316.0,23.9,0.0,23.7,,USDA_FDC_SR_LEGACY,13925,2018-04,True,
"Beef, tenderloin, separable lean and fat, trimmed to 1/8"" fat, prime, raw",,,MEAT,274.0,18.15,0.0,21.83,,USDA_FDC_SR_LEGACY,13926,2018-04,True,
"Beef, tenderloin, steak, separable lean and fat, trimmed to 1/8"" fat, all grades, cooked, broiled",,,MEAT,267.0,26.46,0.0,17.12,,USDA_FDC_SR_LEGACY,13918,2018-04,True,
"Beef, tenderloin, steak, separable lean and fat, trimmed to 1/8"" fat, all grades, raw",,,MEAT,247.0,19.61,0.0,18.16,,USDA_FDC_SR_LEGACY,13917,2018-04,True,
"Beef, tenderloin, steak, separable lean and fat, trimmed to 1/8"" fat, choice, cooked, broiled",,,MEAT,273.0,26.43,0.0,17.78,,USDA_FDC_SR_LEGACY,13921,2018-04,True,
"Beef, tenderloin, steak, separable lean and fat, trimmed to 1/8"" fat, choice, raw",,,MEAT,246.0,19.82,0.0,17.88,,USDA_FDC_SR_LEGACY,13920,2018-04,True,
"Beef, tenderloin, steak, separable lean and fat, trimmed to 1/8"" fat, prime, cooked, broiled",,,MEAT,308.0,25.26,0.0,22.21,,USDA_FDC_SR_LEGACY,13927,2018-04,True,
"Beef, tenderloin, steak, separable lean and fat, trimmed to 1/8"" fat, select, cooked, broiled",,,MEAT,262.0,26.48,0.0,16.53,,USDA_FDC_SR_LEGACY,13924,2018-04,True,
"Beef, tenderloin, steak, separable lean and fat, trimmed to 1/8"" fat, select, raw",,,MEAT,249.0,19.37,0.0,18.46,,USDA_FDC_SR_LEGACY,13923,2018-04,True,
"Beef, tenderloin, steak, separable lean only, trimmed to 1/8"" fat, all grades, cooked, broiled",,,MEAT,200.0,29.04,0.0,8.39,,USDA_FDC_SR_LEGACY,23600,2018-04,True,
"Beef, tenderloin, steak, separable lean only, trimmed to 1/8"" fat, all grades, raw",,,MEAT,153.0,22.12,0.0,6.52,,USDA_FDC_SR_LEGACY,23601,2018-04,True,
"Beef, tenderloin, steak, separable lean only, trimmed to 1/8"" fat, choice, cooked, broiled",,,MEAT,206.0,29.01,0.0,9.1,,USDA_FDC_SR_LEGACY,23628,2018-04,True,
"Beef, tenderloin, steak, separable lean only, trimmed to 1/8"" fat, choice, raw",,,MEAT,158.0,22.17,0.0,7.07,,USDA_FDC_SR_LEGACY,23624,2018-04,True,
"Beef, tenderloin, steak, separable lean only, trimmed to 1/8"" fat, select, cooked, broiled",,,MEAT,194.0,29.07,0.0,7.76,,USDA_FDC_SR_LEGACY,23587,2018-04,True,
"Beef, tenderloin, steak, separable lean only, trimmed to 1/8"" fat, select, raw",,,MEAT,148.0,22.06,0.0,5.93,,USDA_FDC_SR_LEGACY,23583,2018-04,True,
"Beef, top loin filet, boneless, separable lean and fat, trimmed to 1/8"" fat, all grades, cooked, grilled",,,MEAT,239.0,27.4,0.6,14.1,,USDA_FDC_SR_LEGACY,23284,2018-04,True,
"Beef, top loin filet, boneless, separable lean and fat, trimmed to 1/8"" fat, choice, cooked, grilled",,,MEAT,253.0,26.8,0.6,15.9,,USDA_FDC_SR_LEGACY,23285,2018-04,True,
"Beef, top loin filet, boneless, separable lean and fat, trimmed to 1/8"" fat, select, cooked, grilled",,,MEAT,219.0,28.3,0.4,11.6,,USDA_FDC_SR_LEGACY,23286,2018-04,True,
"Beef, top loin filet, boneless, separable lean only, trimmed to 1/8"" fat, all grades, cooked, grilled",,,MEAT,195.0,29.33,0.3,8.54,,USDA_FDC_SR_LEGACY,23247,2018-04,True,
"Beef, top loin filet, boneless, separable lean only, trimmed to 1/8"" fat, choice, cooked, grilled",,,MEAT,203.0,28.99,0.36,9.48,,USDA_FDC_SR_LEGACY,23248,2018-04,True,
"Beef, top loin filet, boneless, separable lean only, trimmed to 1/8"" fat, select, cooked, grilled",,,MEAT,184.0,29.85,0.2,7.12,,USDA_FDC_SR_LEGACY,23249,2018-04,True,
"Beef, top loin petite roast, boneless, separable lean and fat, trimmed to 1/8"" fat, all grades, cooked, roasted",,,MEAT,228.0,27.0,1.0,12.9,,USDA_FDC_SR_LEGACY,23287,2018-04,True,
"Beef, top loin petite roast, boneless, separable lean and fat, trimmed to 1/8"" fat, choice, cooked, roasted",,,MEAT,239.0,26.8,1.1,14.1,,USDA_FDC_SR_LEGACY,23288,2018-04,True,
"Beef, top loin petite roast, boneless, separable lean and fat, trimmed to 1/8"" fat, select, cooked, roasted",,,MEAT,213.0,27.1,0.9,11.2,,USDA_FDC_SR_LEGACY,23289,2018-04,True,
"Beef, top loin petite roast, boneless, separable lean only, trimmed to 1/8"" fat, all grades, cooked, roasted",,,MEAT,195.0,28.33,0.82,8.76,,USDA_FDC_SR_LEGACY,23250,2018-04,True,
"Beef, top loin petite roast, boneless, separable lean only, trimmed to 1/8"" fat, choice, cooked, roasted",,,MEAT,206.0,28.24,0.88,9.97,,USDA_FDC_SR_LEGACY,23251,2018-04,True,
"Beef, top loin petite roast, boneless, separable lean only, trimmed to 1/8"" fat, select, cooked, roasted",,,MEAT,179.0,28.48,0.74,6.95,,USDA_FDC_SR_LEGACY,23252,2018-04,True,
"Beef, top loin petite roast/filet, boneless, separable lean and fat, trimmed to 1/8"" fat, all grades, raw",,,MEAT,187.0,21.1,0.3,11.3,,USDA_FDC_SR_LEGACY,23290,2018-04,True,
"Beef, top loin petite roast/filet, boneless, separable lean and fat, trimmed to 1/8"" fat, choice, raw",,,MEAT,199.0,20.8,0.6,12.6,,USDA_FDC_SR_LEGACY,23291,2018-04,True,
"Beef, top loin petite roast/filet, boneless, separable lean and fat, trimmed to 1/8"" fat, select, raw",,,MEAT,170.0,21.6,0.0,9.3,,USDA_FDC_SR_LEGACY,23292,2018-04,True,
"Beef, top loin petite roast/filet, boneless, separable lean only, trimmed to 1/8"" fat, all grades, raw",,,MEAT,143.0,22.61,0.0,5.84,,USDA_FDC_SR_LEGACY,23253,2018-04,True,
"Beef, top loin petite roast/filet, boneless, separable lean only, trimmed to 1/8"" fat, choice, raw",,,MEAT,149.0,22.5,0.23,6.48,,USDA_FDC_SR_LEGACY,23254,2018-04,True,
"Beef, top loin petite roast/filet, boneless, separable lean only, trimmed to 1/8"" fat, select, raw",,,MEAT,135.0,22.77,0.0,4.88,,USDA_FDC_SR_LEGACY,23255,2018-04,True,
"Beef, top sirloin steak, raw",,,MEAT,146.16,21.98,0.22,5.71,,USDA_FDC_FOUNDATION,100379,2026-04-30,True,
"Beef, top sirloin, steak, separable lean and fat, trimmed to 0"" fat, all grades, cooked, broiled",,,MEAT,212.0,29.33,0.0,9.67,,USDA_FDC_SR_LEGACY,13451,2018-04,True,
"Beef, top sirloin, steak, separable lean and fat, trimmed to 0"" fat, choice, cooked, broiled",,,MEAT,219.0,29.02,0.0,10.54,,USDA_FDC_SR_LEGACY,13452,2018-04,True,
"Beef, top sirloin, steak, separable lean and fat, trimmed to 0"" fat, select, cooked, broiled",,,MEAT,206.0,29.65,0.0,8.8,,USDA_FDC_SR_LEGACY,13453,2018-04,True,
"Beef, top sirloin, steak, separable lean and fat, trimmed to 1/8"" fat, all grades, cooked, broiled",,,MEAT,243.0,26.96,0.0,14.23,,USDA_FDC_SR_LEGACY,13930,2018-04,True,
"Beef, top sirloin, steak, separable lean and fat, trimmed to 1/8"" fat, all grades, raw",,,MEAT,201.0,20.3,0.0,12.71,,USDA_FDC_SR_LEGACY,13929,2018-04,True,
"Beef, top sirloin, steak, separable lean and fat, trimmed to 1/8"" fat, choice, cooked, broiled",,,MEAT,257.0,26.8,0.0,15.75,,USDA_FDC_SR_LEGACY,13932,2018-04,True,
"Beef, top sirloin, steak, separable lean and fat, trimmed to 1/8"" fat, choice, cooked, pan-fried",,,MEAT,313.0,28.77,0.0,21.06,,USDA_FDC_SR_LEGACY,13933,2018-04,True,
"Beef, top sirloin, steak, separable lean and fat, trimmed to 1/8"" fat, choice, raw",,,MEAT,214.0,19.92,0.0,14.28,,USDA_FDC_SR_LEGACY,13931,2018-04,True,
"Beef, top sirloin, steak, separable lean and fat, trimmed to 1/8"" fat, select, cooked, broiled",,,MEAT,230.0,27.12,0.0,12.71,,USDA_FDC_SR_LEGACY,13935,2018-04,True,
"Beef, top sirloin, steak, separable lean and fat, trimmed to 1/8"" fat, select, raw",,,MEAT,189.0,20.68,0.0,11.13,,USDA_FDC_SR_LEGACY,13934,2018-04,True,
"Beef, top sirloin, steak, separable lean only, trimmed to 0"" fat, all grades, cooked, broiled",,,MEAT,183.0,30.55,0.0,5.79,,USDA_FDC_SR_LEGACY,13454,2018-04,True,
"Beef, top sirloin, steak, separable lean only, trimmed to 0"" fat, choice, cooked, broiled",,,MEAT,188.0,30.29,0.0,6.55,,USDA_FDC_SR_LEGACY,13455,2018-04,True,
"Beef, top sirloin, steak, separable lean only, trimmed to 0"" fat, select, cooked, broiled",,,MEAT,177.0,30.8,0.0,5.03,,USDA_FDC_SR_LEGACY,13456,2018-04,True,
"Beef, top sirloin, steak, separable lean only, trimmed to 1/8"" fat, all grades, cooked, broiled",,,MEAT,178.0,29.42,0.0,5.84,,USDA_FDC_SR_LEGACY,23610,2018-04,True,
"Beef, top sirloin, steak, separable lean only, trimmed to 1/8"" fat, all grades, raw",,,MEAT,131.0,22.09,0.0,4.08,,USDA_FDC_SR_LEGACY,23611,2018-04,True,
"Beef, top sirloin, steak, separable lean only, trimmed to 1/8"" fat, choice, cooked, broiled",,,MEAT,187.0,29.51,0.0,6.72,,USDA_FDC_SR_LEGACY,23629,2018-04,True,
"Beef, top sirloin, steak, separable lean only, trimmed to 1/8"" fat, choice, raw",,,MEAT,135.0,21.91,0.0,4.62,,USDA_FDC_SR_LEGACY,23625,2018-04,True,
"Beef, top sirloin, steak, separable lean only, trimmed to 1/8"" fat, select, cooked, broiled",,,MEAT,170.0,29.34,0.0,4.96,,USDA_FDC_SR_LEGACY,23588,2018-04,True,
"Beef, top sirloin, steak, separable lean only, trimmed to 1/8"" fat, select, raw",,,MEAT,127.0,22.27,0.0,3.54,,USDA_FDC_SR_LEGACY,23584,2018-04,True,
"Beef, variety meats and by-products, brain, cooked, pan-fried",,,MEAT,196.0,12.57,0.0,15.83,,USDA_FDC_SR_LEGACY,13319,2018-04,True,
"Beef, variety meats and by-products, brain, cooked, simmered",,,MEAT,151.0,11.67,1.48,10.53,,USDA_FDC_SR_LEGACY,13320,2018-04,True,
"Beef, variety meats and by-products, brain, raw",,,MEAT,143.0,10.86,1.05,10.3,,USDA_FDC_SR_LEGACY,13318,2018-04,True,
"Beef, variety meats and by-products, heart, cooked, simmered",,,MEAT,165.0,28.48,0.15,4.73,,USDA_FDC_SR_LEGACY,13322,2018-04,True,
"Beef, variety meats and by-products, heart, raw",,,MEAT,112.0,17.72,0.14,3.94,,USDA_FDC_SR_LEGACY,13321,2018-04,True,
"Beef, variety meats and by-products, kidneys, cooked, simmered",,,MEAT,158.0,27.27,0.0,4.65,,USDA_FDC_SR_LEGACY,13324,2018-04,True,
"Beef, variety meats and by-products, kidneys, raw",,,MEAT,99.0,17.4,0.29,3.09,,USDA_FDC_SR_LEGACY,13323,2018-04,True,
"Beef, variety meats and by-products, liver, cooked, braised",,,MEAT,191.0,29.08,5.13,5.26,,USDA_FDC_SR_LEGACY,13326,2018-04,True,
"Beef, variety meats and by-products, liver, cooked, pan-fried",,,MEAT,175.0,26.52,5.16,4.68,,USDA_FDC_SR_LEGACY,13327,2018-04,True,
"Beef, variety meats and by-products, liver, raw",,,MEAT,135.0,20.36,3.89,3.63,,USDA_FDC_SR_LEGACY,13325,2018-04,True,
"Beef, variety meats and by-products, lungs, cooked, braised",,,MEAT,120.0,20.4,0.0,3.7,,USDA_FDC_SR_LEGACY,13329,2018-04,True,
"Beef, variety meats and by-products, lungs, raw",,,MEAT,92.0,16.2,0.0,2.5,,USDA_FDC_SR_LEGACY,13328,2018-04,True,
"Beef, variety meats and by-products, mechanically separated beef, raw",,,MEAT,276.0,14.97,0.0,23.52,,USDA_FDC_SR_LEGACY,13330,2018-04,True,
"Beef, variety meats and by-products, pancreas, cooked, braised",,,MEAT,271.0,27.1,0.0,17.2,,USDA_FDC_SR_LEGACY,13332,2018-04,True,
"Beef, variety meats and by-products, pancreas, raw",,,MEAT,235.0,15.7,0.0,18.6,,USDA_FDC_SR_LEGACY,13331,2018-04,True,
"Beef, variety meats and by-products, spleen, cooked, braised",,,MEAT,145.0,25.1,0.0,4.2,,USDA_FDC_SR_LEGACY,13334,2018-04,True,
"Beef, variety meats and by-products, spleen, raw",,,MEAT,105.0,18.3,0.0,3.0,,USDA_FDC_SR_LEGACY,13333,2018-04,True,
"Beef, variety meats and by-products, suet, raw",,,MEAT,854.0,1.5,0.0,94.0,,USDA_FDC_SR_LEGACY,13335,2018-04,True,
"Beef, variety meats and by-products, thymus, cooked, braised",,,MEAT,319.0,21.85,0.0,24.98,,USDA_FDC_SR_LEGACY,13338,2018-04,True,
"Beef, variety meats and by-products, thymus, raw",,,MEAT,236.0,12.18,0.0,20.35,,USDA_FDC_SR_LEGACY,13337,2018-04,True,
"Beef, variety meats and by-products, tongue, cooked, simmered",,,MEAT,284.0,19.29,0.0,22.3,,USDA_FDC_SR_LEGACY,13340,2018-04,True,
"Beef, variety meats and by-products, tongue, raw",,,MEAT,224.0,14.9,3.68,16.09,,USDA_FDC_SR_LEGACY,13339,2018-04,True,
"Beef, variety meats and by-products, tripe, cooked, simmered",,,MEAT,94.0,11.71,1.99,4.05,,USDA_FDC_SR_LEGACY,23640,2018-04,True,
"Beef, variety meats and by-products, tripe, raw",,,MEAT,85.0,12.07,0.0,3.69,,USDA_FDC_SR_LEGACY,13341,2018-04,True,
"Beerwurst, beer salami, pork",,,MEAT,238.0,14.24,2.06,18.8,,USDA_FDC_SR_LEGACY,7003,2018-04,True,
"Beerwurst, beer salami, pork and beef",,,MEAT,277.0,14.0,3.76,22.53,,USDA_FDC_SR_LEGACY,7002,2018-04,True,
"Beerwurst, pork and beef",,,MEAT,276.0,14.0,4.27,22.53,,USDA_FDC_SR_LEGACY,7931,2018-04,True,
"Bison, ground, grass-fed, cooked",,,MEAT,179.0,25.45,0.0,8.62,,USDA_FDC_SR_LEGACY,17148,2018-04,True,
"Bison, ground, grass-fed, raw",,,MEAT,146.0,20.23,0.05,7.21,,USDA_FDC_SR_LEGACY,17149,2018-04,True,
Blood sausage,,,MEAT,379.0,14.6,1.29,34.5,,USDA_FDC_SR_LEGACY,7005,2018-04,True,
"Bockwurst, pork, veal, raw",,,MEAT,301.0,14.03,2.95,25.87,,USDA_FDC_SR_LEGACY,7006,2018-04,True,
"Bologna, beef",,,MEAT,299.0,10.91,4.29,26.13,,USDA_FDC_SR_LEGACY,7007,2018-04,True,
"Bologna, beef and pork",,,MEAT,308.0,15.2,5.49,24.59,,USDA_FDC_SR_LEGACY,7008,2018-04,True,
"Bologna, beef and pork, low fat",,,MEAT,230.0,11.5,2.6,19.3,,USDA_FDC_SR_LEGACY,42129,2018-04,True,
"Bologna, beef, low fat",,,MEAT,204.0,11.8,5.2,14.8,,USDA_FDC_SR_LEGACY,42161,2018-04,True,
"Bologna, chicken, pork",,,MEAT,336.0,10.31,4.19,30.61,,USDA_FDC_SR_LEGACY,7960,2018-04,True,
"Bologna, chicken, pork, beef",,,MEAT,272.0,11.33,5.61,22.73,,USDA_FDC_SR_LEGACY,7959,2018-04,True,
"Bologna, chicken, turkey, pork",,,MEAT,298.0,9.88,5.65,26.18,,USDA_FDC_SR_LEGACY,7952,2018-04,True,
"Bologna, meat and poultry",,,MEAT,281.0,10.34,6.31,23.77,,USDA_FDC_SR_LEGACY,7971,2018-04,True,
"Bologna, pork",,,MEAT,247.0,15.3,0.73,19.87,,USDA_FDC_SR_LEGACY,7010,2018-04,True,
"Bologna, pork and turkey, lite",,,MEAT,211.0,13.06,3.45,16.06,,USDA_FDC_SR_LEGACY,7936,2018-04,True,
"Bologna, pork, turkey and beef",,,MEAT,336.0,11.56,6.66,29.25,,USDA_FDC_SR_LEGACY,7937,2018-04,True,
"Bologna, turkey",,,MEAT,209.0,11.42,4.68,16.05,,USDA_FDC_SR_LEGACY,7011,2018-04,True,
"Bratwurst, beef and pork, smoked",,,MEAT,297.0,12.2,2.0,26.34,,USDA_FDC_SR_LEGACY,7922,2018-04,True,
"Bratwurst, chicken, cooked",,,MEAT,176.0,19.44,0.0,10.35,,USDA_FDC_SR_LEGACY,7923,2018-04,True,
"Bratwurst, pork, beef and turkey, lite, smoked",,,MEAT,186.0,14.45,1.62,13.53,,USDA_FDC_SR_LEGACY,7924,2018-04,True,
"Bratwurst, pork, beef, link",,,MEAT,323.0,14.3,2.98,27.8,,USDA_FDC_SR_LEGACY,7015,2018-04,True,
"Bratwurst, pork, cooked",,,MEAT,333.0,13.72,2.85,29.18,,USDA_FDC_SR_LEGACY,7013,2018-04,True,
"Bratwurst, veal, cooked",,,MEAT,341.0,13.99,0.0,31.7,,USDA_FDC_SR_LEGACY,7910,2018-04,True,
"Braunschweiger (a liver sausage), pork",,,MEAT,327.0,14.5,3.1,28.5,,USDA_FDC_SR_LEGACY,7014,2018-04,True,
"Canadian bacon, cooked, pan-fried",,,MEAT,146.0,28.31,1.8,2.78,,USDA_FDC_SR_LEGACY,10998,2018-04,True,
"Canadian bacon, unprepared",,,MEAT,110.0,20.31,1.34,2.62,,USDA_FDC_SR_LEGACY,10130,2018-04,True,
"Cheesefurter, cheese smokie, pork, beef",,,MEAT,328.0,14.1,1.51,29.0,,USDA_FDC_SR_LEGACY,7016,2018-04,True,
"Chicken breast, deli, rotisserie seasoned, sliced, prepackaged",,,MEAT,98.0,17.4,2.92,1.86,,USDA_FDC_SR_LEGACY,7961,2018-04,True,
"Chicken breast, fat-free, mesquite flavor, sliced",,,MEAT,80.0,16.8,2.25,0.39,,USDA_FDC_SR_LEGACY,7932,2018-04,True,
"Chicken breast, oven-roasted, fat-free, sliced",,,MEAT,79.0,16.79,2.17,0.39,,USDA_FDC_SR_LEGACY,7933,2018-04,True,
"Chicken breast, roll, oven-roasted",,,MEAT,134.0,14.59,1.79,7.65,,USDA_FDC_SR_LEGACY,7935,2018-04,True,
Chicken spread,,,MEAT,158.0,18.01,4.05,17.56,,USDA_FDC_SR_LEGACY,7018,2018-04,True,
"Corned beef loaf, jellied",,,MEAT,153.0,22.9,0.0,6.1,,USDA_FDC_SR_LEGACY,7020,2018-04,True,
"Dutch brand loaf, chicken, pork and beef",,,MEAT,273.0,12.0,3.93,22.91,,USDA_FDC_SR_LEGACY,7021,2018-04,True,
"Frankfurter, beef, heated",,,MEAT,322.0,11.69,2.66,29.36,,USDA_FDC_SR_LEGACY,7945,2018-04,True,
"Frankfurter, beef, low fat",,,MEAT,140.0,12.0,1.6,9.5,,USDA_FDC_SR_LEGACY,42179,2018-04,True,
"Frankfurter, beef, pork, and turkey, fat free",,,MEAT,109.0,12.5,11.21,1.59,,USDA_FDC_SR_LEGACY,7905,2018-04,True,
"Frankfurter, beef, unheated",,,MEAT,314.0,11.7,2.89,28.0,,USDA_FDC_FOUNDATION,7022,2026-04-30,True,
"Frankfurter, chicken",,,MEAT,223.0,15.51,2.74,16.19,,USDA_FDC_SR_LEGACY,7024,2018-04,True,
"Frankfurter, low sodium",,,MEAT,312.0,12.0,1.8,28.51,,USDA_FDC_SR_LEGACY,43507,2018-04,True,
"Frankfurter, meat",,,MEAT,290.0,10.26,4.17,25.76,,USDA_FDC_SR_LEGACY,7950,2018-04,True,
"Frankfurter, meat and poultry, cooked, boiled",,,MEAT,298.0,10.31,4.96,26.28,,USDA_FDC_SR_LEGACY,7963,2018-04,True,
"Frankfurter, meat and poultry, cooked, grilled",,,MEAT,302.0,10.67,5.24,26.43,,USDA_FDC_SR_LEGACY,7964,2018-04,True,
"Frankfurter, meat and poultry, low fat",,,MEAT,121.0,15.5,8.4,2.8,,USDA_FDC_SR_LEGACY,42280,2018-04,True,
"Frankfurter, meat and poultry, unheated",,,MEAT,277.0,9.72,5.02,24.18,,USDA_FDC_SR_LEGACY,7962,2018-04,True,
"Frankfurter, meat, heated",,,MEAT,278.0,9.77,4.9,24.31,,USDA_FDC_SR_LEGACY,7949,2018-04,True,
"Frankfurter, pork",,,MEAT,269.0,12.81,0.28,23.68,,USDA_FDC_SR_LEGACY,7939,2018-04,True,
"Frankfurter, turkey",,,MEAT,223.0,12.23,3.81,17.29,,USDA_FDC_SR_LEGACY,7025,2018-04,True,
"Game meat , bison, ground, raw",,,MEAT,223.0,18.67,0.0,15.93,,USDA_FDC_SR_LEGACY,17330,2018-04,True,
"Game meat , bison, top sirloin, separable lean only, 1"" steak, cooked, broiled",,,MEAT,171.0,28.05,0.0,5.65,,USDA_FDC_SR_LEGACY,17332,2018-04,True,
"Game meat, antelope, cooked, roasted",,,MEAT,150.0,29.45,0.0,2.67,,USDA_FDC_SR_LEGACY,17145,2018-04,True,
"Game meat, antelope, raw",,,MEAT,114.0,22.38,0.0,2.03,,USDA_FDC_SR_LEGACY,17144,2018-04,True,
"Game meat, bear, cooked, simmered",,,MEAT,259.0,32.42,0.0,13.39,,USDA_FDC_SR_LEGACY,17147,2018-04,True,
"Game meat, bear, raw",,,MEAT,161.0,20.1,0.0,8.3,,USDA_FDC_SR_LEGACY,17146,2018-04,True,
"Game meat, beaver, cooked, roasted",,,MEAT,212.0,34.85,0.0,6.96,,USDA_FDC_SR_LEGACY,17151,2018-04,True,
"Game meat, beaver, raw",,,MEAT,146.0,24.05,0.0,4.8,,USDA_FDC_SR_LEGACY,17150,2018-04,True,
"Game meat, beefalo, composite of cuts, cooked, roasted",,,MEAT,188.0,30.66,0.0,6.32,,USDA_FDC_SR_LEGACY,17153,2018-04,True,
"Game meat, beefalo, composite of cuts, raw",,,MEAT,143.0,23.3,0.0,4.8,,USDA_FDC_SR_LEGACY,17152,2018-04,True,
"Game meat, bison, chuck, shoulder clod, separable lean only, cooked, braised",,,MEAT,193.0,33.78,0.0,5.43,,USDA_FDC_SR_LEGACY,17333,2018-04,True,
"Game meat, bison, chuck, shoulder clod, separable lean only, raw",,,MEAT,119.0,21.12,0.0,3.15,,USDA_FDC_SR_LEGACY,17334,2018-04,True,
"Game meat, bison, ground, cooked, pan-broiled",,,MEAT,238.0,23.77,0.0,15.13,,USDA_FDC_SR_LEGACY,17331,2018-04,True,
"Game meat, bison, ribeye, separable lean only, 1"" steak, cooked, broiled",,,MEAT,177.0,29.45,0.0,5.67,,USDA_FDC_SR_LEGACY,17335,2018-04,True,
"Game meat, bison, ribeye, separable lean only, trimmed to 0"" fat, raw",,,MEAT,116.0,22.1,0.0,2.4,,USDA_FDC_SR_LEGACY,17268,2018-04,True,
"Game meat, bison, separable lean only, cooked, roasted",,,MEAT,143.0,28.44,0.0,2.42,,USDA_FDC_SR_LEGACY,17157,2018-04,True,
"Game meat, bison, separable lean only, raw",,,MEAT,109.0,21.62,0.0,1.84,,USDA_FDC_SR_LEGACY,17156,2018-04,True,
"Game meat, bison, shoulder clod, separable lean only, trimmed to 0"" fat, raw",,,MEAT,109.0,21.1,0.0,2.1,,USDA_FDC_SR_LEGACY,17269,2018-04,True,
"Game meat, bison, top round, separable lean only, 1"" steak, cooked, broiled",,,MEAT,174.0,30.18,0.0,4.96,,USDA_FDC_SR_LEGACY,17336,2018-04,True,
"Game meat, bison, top round, separable lean only, 1"" steak, raw",,,MEAT,122.0,23.32,0.0,2.43,,USDA_FDC_SR_LEGACY,17337,2018-04,True,
"Game meat, bison, top sirloin, separable lean only, trimmed to 0"" fat, raw",,,MEAT,113.0,21.4,0.0,2.4,,USDA_FDC_SR_LEGACY,17267,2018-04,True,
"Game meat, boar, wild, cooked, roasted",,,MEAT,160.0,28.3,0.0,4.38,,USDA_FDC_SR_LEGACY,17159,2018-04,True,
"Game meat, boar, wild, raw",,,MEAT,122.0,21.51,0.0,3.33,,USDA_FDC_SR_LEGACY,17158,2018-04,True,
"Game meat, buffalo, water, cooked, roasted",,,MEAT,131.0,26.83,0.0,1.8,,USDA_FDC_SR_LEGACY,17161,2018-04,True,
"Game meat, buffalo, water, raw",,,MEAT,99.0,20.39,0.0,1.37,,USDA_FDC_SR_LEGACY,17160,2018-04,True,
"Game meat, caribou, cooked, roasted",,,MEAT,167.0,29.77,0.0,4.42,,USDA_FDC_SR_LEGACY,17163,2018-04,True,
"Game meat, caribou, raw",,,MEAT,127.0,22.63,0.0,3.36,,USDA_FDC_SR_LEGACY,17162,2018-04,True,
"Game meat, deer, cooked, roasted",,,MEAT,158.0,30.21,0.0,3.19,,USDA_FDC_SR_LEGACY,17165,2018-04,True,
"Game meat, deer, ground, cooked, pan-broiled",,,MEAT,187.0,26.45,0.0,8.22,,USDA_FDC_SR_LEGACY,17344,2018-04,True,
"Game meat, deer, ground, raw",,,MEAT,157.0,21.78,0.0,7.13,,USDA_FDC_SR_LEGACY,17343,2018-04,True,
"Game meat, deer, loin, separable lean only, 1"" steak, cooked, broiled",,,MEAT,150.0,30.2,0.0,2.38,,USDA_FDC_SR_LEGACY,17345,2018-04,True,
"Game meat, deer, raw",,,MEAT,120.0,22.96,0.0,2.42,,USDA_FDC_SR_LEGACY,17164,2018-04,True,
"Game meat, deer, shoulder clod, separable lean only, cooked, braised",,,MEAT,191.0,36.28,0.0,3.95,,USDA_FDC_SR_LEGACY,17346,2018-04,True,
"Game meat, deer, tenderloin, separable lean only, cooked, broiled",,,MEAT,149.0,29.9,0.0,2.35,,USDA_FDC_SR_LEGACY,17347,2018-04,True,
"Game meat, deer, top round, separable lean only, 1"" steak, cooked, broiled",,,MEAT,152.0,31.47,0.0,1.92,,USDA_FDC_SR_LEGACY,17348,2018-04,True,
"Game meat, elk, cooked, roasted",,,MEAT,146.0,30.19,0.0,1.9,,USDA_FDC_SR_LEGACY,17167,2018-04,True,
"Game meat, elk, ground, cooked, pan-broiled",,,MEAT,193.0,26.64,0.0,8.74,,USDA_FDC_SR_LEGACY,17339,2018-04,True,
"Game meat, elk, ground, raw",,,MEAT,172.0,21.76,0.0,8.82,,USDA_FDC_SR_LEGACY,17338,2018-04,True,
"Game meat, elk, loin, separable lean only, cooked, broiled",,,MEAT,167.0,31.0,0.0,3.84,,USDA_FDC_SR_LEGACY,17340,2018-04,True,
"Game meat, elk, raw",,,MEAT,111.0,22.95,0.0,1.45,,USDA_FDC_SR_LEGACY,17166,2018-04,True,
"Game meat, elk, round, separable lean only, cooked, broiled",,,MEAT,156.0,30.94,0.0,2.64,,USDA_FDC_SR_LEGACY,17341,2018-04,True,
"Game meat, elk, tenderloin, separable lean only, cooked, broiled",,,MEAT,162.0,30.76,0.0,3.41,,USDA_FDC_SR_LEGACY,17342,2018-04,True,
"Game meat, goat, cooked, roasted",,,MEAT,143.0,27.1,0.0,3.03,,USDA_FDC_SR_LEGACY,17169,2018-04,True,
"Game meat, goat, raw",,,MEAT,109.0,20.6,0.0,2.31,,USDA_FDC_SR_LEGACY,17168,2018-04,True,
"Game meat, horse, cooked, roasted",,,MEAT,175.0,28.14,0.0,6.05,,USDA_FDC_SR_LEGACY,17171,2018-04,True,
"Game meat, horse, raw",,,MEAT,133.0,21.39,0.0,4.6,,USDA_FDC_SR_LEGACY,17170,2018-04,True,
"Game meat, moose, cooked, roasted",,,MEAT,134.0,29.27,0.0,0.97,,USDA_FDC_SR_LEGACY,17173,2018-04,True,
"Game meat, moose, raw",,,MEAT,102.0,22.24,0.0,0.74,,USDA_FDC_SR_LEGACY,17172,2018-04,True,
"Game meat, muskrat, cooked, roasted",,,MEAT,234.0,30.09,0.0,11.74,,USDA_FDC_SR_LEGACY,17175,2018-04,True,
"Game meat, muskrat, raw",,,MEAT,162.0,20.76,0.0,8.1,,USDA_FDC_SR_LEGACY,17174,2018-04,True,
"Game meat, opossum, cooked, roasted",,,MEAT,221.0,30.2,0.0,10.2,,USDA_FDC_SR_LEGACY,17176,2018-04,True,
"Game meat, rabbit, domesticated, composite of cuts, cooked, roasted",,,MEAT,197.0,29.06,0.0,8.05,,USDA_FDC_SR_LEGACY,17178,2018-04,True,
"Game meat, rabbit, domesticated, composite of cuts, cooked, stewed",,,MEAT,206.0,30.38,0.0,8.41,,USDA_FDC_SR_LEGACY,17179,2018-04,True,
"Game meat, rabbit, domesticated, composite of cuts, raw",,,MEAT,136.0,20.05,0.0,5.55,,USDA_FDC_SR_LEGACY,17177,2018-04,True,
"Game meat, rabbit, wild, cooked, stewed",,,MEAT,173.0,33.02,0.0,3.51,,USDA_FDC_SR_LEGACY,17181,2018-04,True,
"Game meat, rabbit, wild, raw",,,MEAT,114.0,21.79,0.0,2.32,,USDA_FDC_SR_LEGACY,17180,2018-04,True,
"Game meat, raccoon, cooked, roasted",,,MEAT,255.0,29.2,0.0,14.5,,USDA_FDC_SR_LEGACY,17182,2018-04,True,
"Game meat, squirrel, cooked, roasted",,,MEAT,173.0,30.77,0.0,4.69,,USDA_FDC_SR_LEGACY,17184,2018-04,True,
"Game meat, squirrel, raw",,,MEAT,120.0,21.23,0.0,3.21,,USDA_FDC_SR_LEGACY,17183,2018-04,True,
"HORMEL ALWAYS TENDER, Boneless Pork Loin, Fresh Pork",,,MEAT,145.0,19.02,0.76,7.18,,USDA_FDC_SR_LEGACY,10856,2018-04,True,
"HORMEL ALWAYS TENDER, Center Cut Chops, Fresh Pork",,,MEAT,167.0,18.74,0.84,9.62,,USDA_FDC_SR_LEGACY,10855,2018-04,True,
"HORMEL ALWAYS TENDER, Pork Loin Filets, Lemon Garlic-Flavored",,,MEAT,118.0,17.83,1.79,4.16,,USDA_FDC_SR_LEGACY,10854,2018-04,True,
"HORMEL ALWAYS TENDER, Pork Tenderloin, Peppercorn-Flavored",,,MEAT,110.0,17.21,1.82,3.8,,USDA_FDC_SR_LEGACY,10853,2018-04,True,
"HORMEL ALWAYS TENDER, Pork Tenderloin, Teriyaki-Flavored",,,MEAT,119.0,18.2,4.63,3.07,,USDA_FDC_SR_LEGACY,10852,2018-04,True,
HORMEL Canadian Style Bacon,,,MEAT,122.0,16.88,1.87,4.94,,USDA_FDC_SR_LEGACY,10857,2018-04,True,
"HORMEL, Cure 81 Ham",,,MEAT,106.0,18.43,0.21,3.59,,USDA_FDC_SR_LEGACY,10851,2018-04,True,
Ham and cheese loaf or roll,,,MEAT,241.0,13.6,4.0,18.7,,USDA_FDC_SR_LEGACY,7032,2018-04,True,
Ham and cheese spread,,,MEAT,245.0,16.18,2.28,18.53,,USDA_FDC_SR_LEGACY,7033,2018-04,True,
Ham salad spread,,,MEAT,216.0,8.68,10.64,15.53,,USDA_FDC_SR_LEGACY,7031,2018-04,True,
"Ham, chopped, canned",,,MEAT,239.0,16.06,0.26,18.83,,USDA_FDC_SR_LEGACY,7026,2018-04,True,
"Ham, chopped, not canned",,,MEAT,221.0,16.5,0.0,16.7,,USDA_FDC_SR_LEGACY,7027,2018-04,True,
"Ham, honey, smoked, cooked",,,MEAT,122.0,17.93,7.27,2.37,,USDA_FDC_SR_LEGACY,7938,2018-04,True,
"Ham, minced",,,MEAT,263.0,16.28,1.84,20.68,,USDA_FDC_SR_LEGACY,7030,2018-04,True,
"Ham, sliced, pre-packaged, deli meat (96%fat free, water added)",,,MEAT,106.0,16.7,0.27,3.73,,USDA_FDC_FOUNDATION,7028,2026-04-30,True,
"Ham, sliced, regular (approximately 11% fat)",,,MEAT,164.0,16.6,3.63,8.8,,USDA_FDC_SR_LEGACY,7029,2018-04,True,
"Ham, sliced, restaurant",,,MEAT,126.0,19.6,2.36,3.68,,USDA_FDC_FOUNDATION,7129,2026-04-30,True,
"Ham, smoked, extra lean, low sodium",,,MEAT,141.0,18.52,10.7,2.71,,USDA_FDC_SR_LEGACY,7977,2018-04,True,
"Ham, turkey, sliced, extra lean, prepackaged or deli",,,MEAT,134.0,19.6,0.93,5.8,,USDA_FDC_SR_LEGACY,42128,2018-04,True,
"Headcheese, pork",,,MEAT,157.0,13.83,0.0,10.9,,USDA_FDC_SR_LEGACY,7034,2018-04,True,
"Honey roll sausage, beef",,,MEAT,182.0,18.58,2.18,10.5,,USDA_FDC_SR_LEGACY,7088,2018-04,True,
Hormel Pillow Pak Sliced Turkey Pepperoni,,,MEAT,243.0,30.99,3.78,11.52,,USDA_FDC_SR_LEGACY,7278,2018-04,True,
"Kielbasa, Polish, turkey and beef, smoked",,,MEAT,226.0,13.1,3.9,17.6,,USDA_FDC_SR_LEGACY,7934,2018-04,True,
"Kielbasa, fully cooked, grilled",,,MEAT,337.0,12.45,5.03,29.68,,USDA_FDC_SR_LEGACY,7968,2018-04,True,
"Kielbasa, fully cooked, pan-fried",,,MEAT,333.0,12.36,4.78,29.43,,USDA_FDC_SR_LEGACY,7969,2018-04,True,
"Kielbasa, fully cooked, unheated",,,MEAT,325.0,10.84,3.72,29.63,,USDA_FDC_SR_LEGACY,7970,2018-04,True,
"Knackwurst, knockwurst, pork, beef",,,MEAT,307.0,11.1,3.2,27.7,,USDA_FDC_SR_LEGACY,7038,2018-04,True,
"Lamb, Australian, ground, 85% lean / 15% fat, raw",,,MEAT,255.0,17.14,0.0,20.71,,USDA_FDC_SR_LEGACY,17353,2018-04,True,
"Lamb, Australian, imported, fresh, composite of trimmed retail cuts, separable lean and fat, trimmed to 1/8"" fat, cooked",,,MEAT,256.0,24.52,0.0,16.82,,USDA_FDC_SR_LEGACY,17281,2018-04,True,
"Lamb, Australian, imported, fresh, composite of trimmed retail cuts, separable lean and fat, trimmed to 1/8"" fat, raw",,,MEAT,229.0,17.84,0.0,16.97,,USDA_FDC_SR_LEGACY,17280,2018-04,True,
"Lamb, Australian, imported, fresh, composite of trimmed retail cuts, separable lean only, trimmed to 1/8"" fat, cooked",,,MEAT,201.0,26.71,0.0,9.63,,USDA_FDC_SR_LEGACY,17283,2018-04,True,
"Lamb, Australian, imported, fresh, composite of trimmed retail cuts, separable lean only, trimmed to 1/8"" fat, raw",,,MEAT,142.0,20.25,0.0,6.18,,USDA_FDC_SR_LEGACY,17282,2018-04,True,
"Lamb, Australian, imported, fresh, external fat, cooked",,,MEAT,538.0,16.9,0.0,52.3,,USDA_FDC_SR_LEGACY,17449,2018-04,True,
"Lamb, Australian, imported, fresh, external fat, raw",,,MEAT,487.0,12.59,0.0,48.5,,USDA_FDC_SR_LEGACY,17450,2018-04,True,
"Lamb, Australian, imported, fresh, foreshank, separable lean and fat, trimmed to 1/8"" fat, cooked, braised",,,MEAT,236.0,24.78,0.0,14.44,,USDA_FDC_SR_LEGACY,17287,2018-04,True,
"Lamb, Australian, imported, fresh, foreshank, separable lean and fat, trimmed to 1/8"" fat, raw",,,MEAT,195.0,18.85,0.0,12.68,,USDA_FDC_SR_LEGACY,17286,2018-04,True,
"Lamb, Australian, imported, fresh, foreshank, separable lean only, trimmed to 1/8"" fat, cooked, braised",,,MEAT,165.0,27.5,0.0,5.22,,USDA_FDC_SR_LEGACY,17289,2018-04,True,
"Lamb, Australian, imported, fresh, foreshank, separable lean only, trimmed to 1/8"" fat, raw",,,MEAT,123.0,20.83,0.0,3.81,,USDA_FDC_SR_LEGACY,17288,2018-04,True,
"Lamb, Australian, imported, fresh, leg, bottom, boneless, separable lean and fat, trimmed to 1/8"" fat, cooked, roasted",,,MEAT,219.0,27.54,0.0,12.04,,USDA_FDC_SR_LEGACY,17453,2018-04,True,
"Lamb, Australian, imported, fresh, leg, bottom, boneless, separable lean and fat, trimmed to 1/8"" fat, raw",,,MEAT,187.0,20.97,0.0,11.43,,USDA_FDC_SR_LEGACY,17454,2018-04,True,
"Lamb, Australian, imported, fresh, leg, bottom, boneless, separable lean only, trimmed to 1/8"" fat, cooked, roasted",,,MEAT,190.0,28.6,0.0,8.35,,USDA_FDC_SR_LEGACY,17439,2018-04,True,
"Lamb, Australian, imported, fresh, leg, bottom, boneless, separable lean only, trimmed to 1/8"" fat, raw",,,MEAT,136.0,22.28,0.0,5.24,,USDA_FDC_SR_LEGACY,17444,2018-04,True,
"Lamb, Australian, imported, fresh, leg, center slice, bone-in, separable lean and fat, trimmed to 1/8"" fat, cooked, broiled",,,MEAT,215.0,25.54,0.0,11.78,,USDA_FDC_SR_LEGACY,17307,2018-04,True,
"Lamb, Australian, imported, fresh, leg, center slice, bone-in, separable lean and fat, trimmed to 1/8"" fat, raw",,,MEAT,195.0,19.17,0.0,12.56,,USDA_FDC_SR_LEGACY,17306,2018-04,True,
"Lamb, Australian, imported, fresh, leg, center slice, bone-in, separable lean only, trimmed to 1/8"" fat, cooked, broiled",,,MEAT,183.0,26.75,0.0,7.68,,USDA_FDC_SR_LEGACY,17309,2018-04,True,
"Lamb, Australian, imported, fresh, leg, center slice, bone-in, separable lean only, trimmed to 1/8"" fat, raw",,,MEAT,143.0,20.65,0.0,6.08,,USDA_FDC_SR_LEGACY,17308,2018-04,True,
"Lamb, Australian, imported, fresh, leg, hindshank, heel on, bone-in, separable lean and fat, trimmed to 1/8"" fat, cooked, braised",,,MEAT,204.0,29.52,0.0,9.5,,USDA_FDC_SR_LEGACY,17455,2018-04,True,
"Lamb, Australian, imported, fresh, leg, hindshank, heel on, bone-in, separable lean and fat, trimmed to 1/8"" fat, raw",,,MEAT,196.0,20.58,0.0,12.68,,USDA_FDC_SR_LEGACY,17456,2018-04,True,
"Lamb, Australian, imported, fresh, leg, hindshank, heel on, bone-in, separable lean only, trimmed to 1/8"" fat, cooked, braised",,,MEAT,174.0,30.73,0.0,5.63,,USDA_FDC_SR_LEGACY,17440,2018-04,True,
"Lamb, Australian, imported, fresh, leg, hindshank, heel on, bone-in, separable lean only, trimmed to 1/8"" fat, raw",,,MEAT,122.0,22.49,0.0,3.53,,USDA_FDC_SR_LEGACY,17441,2018-04,True,
"Lamb, Australian, imported, fresh, leg, shank half, separable lean and fat, trimmed to 1/8"" fat, cooked, roasted",,,MEAT,231.0,25.25,0.0,13.69,,USDA_FDC_SR_LEGACY,17295,2018-04,True,
"Lamb, Australian, imported, fresh, leg, shank half, separable lean and fat, trimmed to 1/8"" fat, raw",,,MEAT,201.0,18.59,0.0,13.48,,USDA_FDC_SR_LEGACY,17294,2018-04,True,
"Lamb, Australian, imported, fresh, leg, shank half, separable lean only, trimmed to 1/8"" fat, cooked, roasted",,,MEAT,182.0,27.18,0.0,7.27,,USDA_FDC_SR_LEGACY,17297,2018-04,True,
"Lamb, Australian, imported, fresh, leg, shank half, separable lean only, trimmed to 1/8"" fat, raw",,,MEAT,133.0,20.45,0.0,5.1,,USDA_FDC_SR_LEGACY,17296,2018-04,True,
"Lamb, Australian, imported, fresh, leg, sirloin chops, boneless, separable lean and fat, trimmed to 1/8"" fat, cooked, broiled",,,MEAT,235.0,25.75,0.0,13.83,,USDA_FDC_SR_LEGACY,17303,2018-04,True,
"Lamb, Australian, imported, fresh, leg, sirloin chops, boneless, separable lean and fat, trimmed to 1/8"" fat, raw",,,MEAT,208.0,18.33,0.0,14.38,,USDA_FDC_SR_LEGACY,17302,2018-04,True,
"Lamb, Australian, imported, fresh, leg, sirloin chops, boneless, separable lean only, trimmed to 1/8"" fat, cooked, broiled",,,MEAT,188.0,27.63,0.0,7.8,,USDA_FDC_SR_LEGACY,17305,2018-04,True,
"Lamb, Australian, imported, fresh, leg, sirloin chops, boneless, separable lean only, trimmed to 1/8"" fat, raw",,,MEAT,132.0,20.43,0.0,4.91,,USDA_FDC_SR_LEGACY,17304,2018-04,True,
"Lamb, Australian, imported, fresh, leg, sirloin half, boneless, separable lean and fat, trimmed to 1/8"" fat, cooked, roasted",,,MEAT,281.0,24.88,0.0,19.38,,USDA_FDC_SR_LEGACY,17299,2018-04,True,
"Lamb, Australian, imported, fresh, leg, sirloin half, boneless, separable lean and fat, trimmed to 1/8"" fat, raw",,,MEAT,254.0,17.25,0.0,20.0,,USDA_FDC_SR_LEGACY,17298,2018-04,True,
"Lamb, Australian, imported, fresh, leg, sirloin half, boneless, separable lean only, trimmed to 1/8"" fat, cooked, roasted",,,MEAT,215.0,27.75,0.0,10.65,,USDA_FDC_SR_LEGACY,17301,2018-04,True,
"Lamb, Australian, imported, fresh, leg, sirloin half, boneless, separable lean only, trimmed to 1/8"" fat, raw",,,MEAT,138.0,20.48,0.0,5.64,,USDA_FDC_SR_LEGACY,17300,2018-04,True,
"Lamb, Australian, imported, fresh, leg, trotter off, bone-in, separable lean and fat, trimmed to 1/8"" fat, cooked, roasted",,,MEAT,226.0,30.15,0.08,11.64,,USDA_FDC_SR_LEGACY,17457,2018-04,True,
"Lamb, Australian, imported, fresh, leg, trotter off, bone-in, separable lean and fat, trimmed to 1/8"" fat, raw",,,MEAT,175.0,21.95,0.0,9.73,,USDA_FDC_SR_LEGACY,17458,2018-04,True,
"Lamb, Australian, imported, fresh, leg, trotter off, bone-in, separable lean only, trimmed to 1/8"" fat, cooked, roasted",,,MEAT,215.0,32.08,0.0,9.59,,USDA_FDC_SR_LEGACY,17445,2018-04,True,
"Lamb, Australian, imported, fresh, leg, trotter off, bone-in, separable lean only, trimmed to 1/8"" fat, raw",,,MEAT,131.0,23.11,0.0,4.33,,USDA_FDC_SR_LEGACY,17446,2018-04,True,
"Lamb, Australian, imported, fresh, leg, whole (shank and sirloin), separable lean and fat, trimmed to 1/8"" fat, cooked, roasted",,,MEAT,244.0,25.16,0.0,15.13,,USDA_FDC_SR_LEGACY,17291,2018-04,True,
"Lamb, Australian, imported, fresh, leg, whole (shank and sirloin), separable lean and fat, trimmed to 1/8"" fat, raw",,,MEAT,215.0,18.24,0.0,15.19,,USDA_FDC_SR_LEGACY,17290,2018-04,True,
"Lamb, Australian, imported, fresh, leg, whole (shank and sirloin), separable lean only, trimmed to 1/8"" fat, cooked, roasted",,,MEAT,190.0,27.31,0.0,8.1,,USDA_FDC_SR_LEGACY,17293,2018-04,True,
"Lamb, Australian, imported, fresh, leg, whole (shank and sirloin), separable lean only, trimmed to 1/8"" fat, raw",,,MEAT,135.0,20.46,0.0,5.23,,USDA_FDC_SR_LEGACY,17292,2018-04,True,
"Lamb, Australian, imported, fresh, loin, separable lean and fat, trimmed to 1/8"" fat, cooked, broiled",,,MEAT,219.0,25.49,0.0,12.25,,USDA_FDC_SR_LEGACY,17311,2018-04,True,
"Lamb, Australian, imported, fresh, loin, separable lean and fat, trimmed to 1/8"" fat, raw",,,MEAT,203.0,19.32,0.0,13.38,,USDA_FDC_SR_LEGACY,17310,2018-04,True,
"Lamb, Australian, imported, fresh, loin, separable lean only, trimmed to 1/8"" fat, cooked, broiled",,,MEAT,192.0,26.53,0.0,8.75,,USDA_FDC_SR_LEGACY,17313,2018-04,True,
"Lamb, Australian, imported, fresh, loin, separable lean only, trimmed to 1/8"" fat, raw",,,MEAT,146.0,21.0,0.0,6.24,,USDA_FDC_SR_LEGACY,17312,2018-04,True,
"Lamb, Australian, imported, fresh, rack, roast, frenched, bone-in, separable lean and fat, trimmed to 1/8"" fat, cooked, roasted",,,MEAT,291.0,25.96,0.0,20.77,,USDA_FDC_SR_LEGACY,17463,2018-04,True,
"Lamb, Australian, imported, fresh, rack, roast, frenched, bone-in, separable lean only, trimmed to 1/8"" fat, cooked, roasted",,,MEAT,244.0,28.01,0.0,14.64,,USDA_FDC_SR_LEGACY,17448,2018-04,True,
"Lamb, Australian, imported, fresh, rack, roast, frenched, denuded, bone-in, separable lean and fat, trimmed to 0"" fat, cooked, roasted",,,MEAT,193.0,25.95,0.0,9.91,,USDA_FDC_SR_LEGACY,17462,2018-04,True,
"Lamb, Australian, imported, fresh, rack, roast, frenched, denuded, bone-in, separable lean only, trimmed to 0"" fat, cooked, roasted",,,MEAT,175.0,26.52,0.0,7.63,,USDA_FDC_SR_LEGACY,17447,2018-04,True,
"Lamb, Australian, imported, fresh, rib chop, frenched, bone-in, separable lean and fat, trimmed to 1/8"" fat, cooked, grilled",,,MEAT,305.0,28.48,0.0,21.2,,USDA_FDC_SR_LEGACY,17315,2018-04,True,
"Lamb, Australian, imported, fresh, rib chop, frenched, bone-in, separable lean only, trimmed to 1/8"" fat, cooked, grilled",,,MEAT,234.0,32.16,0.0,11.68,,USDA_FDC_SR_LEGACY,17317,2018-04,True,
"Lamb, Australian, imported, fresh, rib chop, frenched, denuded, bone-in, separable lean and fat, trimmed to 0"" fat, cooked, grilled",,,MEAT,276.0,30.9,0.0,16.96,,USDA_FDC_SR_LEGACY,17464,2018-04,True,
"Lamb, Australian, imported, fresh, rib chop, frenched, denuded, bone-in, separable lean only, trimmed to 0"" fat, cooked, grilled",,,MEAT,236.0,33.17,0.0,11.5,,USDA_FDC_SR_LEGACY,17461,2018-04,True,
"Lamb, Australian, imported, fresh, rib chop/rack roast, frenched, bone-in, separable lean and fat, trimmed to 1/8"" fat, raw",,,MEAT,237.0,21.26,0.0,16.89,,USDA_FDC_SR_LEGACY,17314,2018-04,True,
"Lamb, Australian, imported, fresh, rib chop/rack roast, frenched, bone-in, separable lean only, trimmed to 1/8"" fat, raw",,,MEAT,147.0,24.07,0.0,5.59,,USDA_FDC_SR_LEGACY,17316,2018-04,True,
"Lamb, Australian, imported, fresh, seam fat, cooked",,,MEAT,554.0,13.81,1.55,54.72,,USDA_FDC_SR_LEGACY,17451,2018-04,True,
"Lamb, Australian, imported, fresh, seam fat, raw",,,MEAT,459.0,15.65,0.0,44.01,,USDA_FDC_SR_LEGACY,17452,2018-04,True,
"Lamb, Australian, imported, fresh, separable fat, cooked",,,MEAT,639.0,9.42,0.0,66.4,,USDA_FDC_SR_LEGACY,17285,2018-04,True,
"Lamb, Australian, imported, fresh, separable fat, raw",,,MEAT,648.0,6.27,0.0,68.87,,USDA_FDC_SR_LEGACY,17284,2018-04,True,
"Lamb, Australian, imported, fresh, shoulder ,blade, separable lean only, trimmed to 1/8"" fat, cooked, broiled",,,MEAT,231.0,23.83,0.0,14.38,,USDA_FDC_SR_LEGACY,17329,2018-04,True,
"Lamb, Australian, imported, fresh, shoulder, arm, separable lean and fat, trimmed to 1/8"" fat, cooked, braised",,,MEAT,311.0,29.7,0.0,20.38,,USDA_FDC_SR_LEGACY,17323,2018-04,True,
"Lamb, Australian, imported, fresh, shoulder, arm, separable lean and fat, trimmed to 1/8"" fat, raw",,,MEAT,243.0,17.06,0.0,18.89,,USDA_FDC_SR_LEGACY,17322,2018-04,True,
"Lamb, Australian, imported, fresh, shoulder, arm, separable lean only, trimmed to 1/8"" fat, cooked, braised",,,MEAT,238.0,34.17,0.0,10.23,,USDA_FDC_SR_LEGACY,17325,2018-04,True,
"Lamb, Australian, imported, fresh, shoulder, arm, separable lean only, trimmed to 1/8"" fat, raw",,,MEAT,137.0,19.88,0.0,5.81,,USDA_FDC_SR_LEGACY,17324,2018-04,True,
"Lamb, Australian, imported, fresh, shoulder, blade, separable lean and fat, trimmed to 1/8"" fat, cooked, broiled",,,MEAT,291.0,21.71,0.0,22.03,,USDA_FDC_SR_LEGACY,17327,2018-04,True,
"Lamb, Australian, imported, fresh, shoulder, blade, separable lean and fat, trimmed to 1/8"" fat, raw",,,MEAT,262.0,16.48,0.0,21.28,,USDA_FDC_SR_LEGACY,17326,2018-04,True,
"Lamb, Australian, imported, fresh, shoulder, blade, separable lean only, trimmed to 1/8"" fat, raw",,,MEAT,164.0,19.1,0.0,9.09,,USDA_FDC_SR_LEGACY,17328,2018-04,True,
"Lamb, Australian, imported, fresh, shoulder, whole (arm and blade), separable lean and fat, trimmed to 1/8"" fat, cooked",,,MEAT,296.0,23.58,0.0,21.65,,USDA_FDC_SR_LEGACY,17319,2018-04,True,
"Lamb, Australian, imported, fresh, shoulder, whole (arm and blade), separable lean and fat, trimmed to 1/8"" fat, raw",,,MEAT,256.0,16.68,0.0,20.47,,USDA_FDC_SR_LEGACY,17318,2018-04,True,
"Lamb, Australian, imported, fresh, shoulder, whole (arm and blade), separable lean only, trimmed to 1/8"" fat, cooked",,,MEAT,233.0,26.18,0.0,13.44,,USDA_FDC_SR_LEGACY,17321,2018-04,True,
"Lamb, Australian, imported, fresh, shoulder, whole (arm and blade), separable lean only, trimmed to 1/8"" fat, raw",,,MEAT,155.0,19.36,0.0,8.01,,USDA_FDC_SR_LEGACY,17320,2018-04,True,
"Lamb, Australian, imported, fresh, tenderloin, boneless, separable lean and fat, trimmed to 1/8"" fat, cooked, roasted",,,MEAT,187.0,30.87,0.0,7.02,,USDA_FDC_SR_LEGACY,17459,2018-04,True,
"Lamb, Australian, imported, fresh, tenderloin, boneless, separable lean and fat, trimmed to 1/8"" fat, raw",,,MEAT,143.0,23.23,0.0,5.52,,USDA_FDC_SR_LEGACY,17460,2018-04,True,
"Lamb, Australian, imported, fresh, tenderloin, boneless, separable lean only, trimmed to 1/8"" fat, cooked, roasted",,,MEAT,184.0,30.97,0.0,6.71,,USDA_FDC_SR_LEGACY,17442,2018-04,True,
"Lamb, Australian, imported, fresh, tenderloin, boneless, separable lean only, trimmed to 1/8"" fat, raw",,,MEAT,136.0,23.42,0.0,4.73,,USDA_FDC_SR_LEGACY,17443,2018-04,True,
"Lamb, New Zealand, imported, Intermuscular fat, cooked",,,MEAT,596.0,8.53,0.0,62.44,,USDA_FDC_SR_LEGACY,17354,2018-04,True,
"Lamb, New Zealand, imported, Intermuscular fat, raw",,,MEAT,640.0,4.63,1.26,68.53,,USDA_FDC_SR_LEGACY,17355,2018-04,True,
"Lamb, New Zealand, imported, brains, cooked, soaked and fried",,,MEAT,154.0,14.03,0.0,10.92,,USDA_FDC_SR_LEGACY,17357,2018-04,True,
"Lamb, New Zealand, imported, brains, raw",,,MEAT,118.0,11.33,0.0,8.03,,USDA_FDC_SR_LEGACY,17358,2018-04,True,
"Lamb, New Zealand, imported, breast, separable lean only, cooked, braised",,,MEAT,270.0,28.16,0.0,17.53,,USDA_FDC_SR_LEGACY,17359,2018-04,True,
"Lamb, New Zealand, imported, breast, separable lean only, raw",,,MEAT,149.0,18.31,1.02,7.98,,USDA_FDC_SR_LEGACY,17360,2018-04,True,
"Lamb, New Zealand, imported, chump, boneless, separable lean only, cooked, fast roasted",,,MEAT,142.0,23.69,0.0,5.27,,USDA_FDC_SR_LEGACY,17361,2018-04,True,
"Lamb, New Zealand, imported, chump, boneless, separable lean only, raw",,,MEAT,121.0,21.68,0.0,3.83,,USDA_FDC_SR_LEGACY,17363,2018-04,True,
"Lamb, New Zealand, imported, flap, boneless, separable lean and fat, cooked, braised",,,MEAT,376.0,20.48,0.14,32.63,,USDA_FDC_SR_LEGACY,17401,2018-04,True,
"Lamb, New Zealand, imported, flap, boneless, separable lean and fat, raw",,,MEAT,337.0,16.17,0.27,30.14,,USDA_FDC_SR_LEGACY,17402,2018-04,True,
"Lamb, New Zealand, imported, flap, boneless, separable lean only, cooked, braised",,,MEAT,234.0,27.88,0.0,13.6,,USDA_FDC_SR_LEGACY,17365,2018-04,True,
"Lamb, New Zealand, imported, flap, boneless, separable lean only, raw",,,MEAT,180.0,21.72,0.0,10.31,,USDA_FDC_SR_LEGACY,17366,2018-04,True,
"Lamb, New Zealand, imported, fore-shank, separable lean and fat, cooked, braised",,,MEAT,256.0,30.35,0.03,14.99,,USDA_FDC_SR_LEGACY,17069,2018-04,True,
"Lamb, New Zealand, imported, fore-shank, separable lean and fat, raw",,,MEAT,183.0,20.09,0.09,11.38,,USDA_FDC_SR_LEGACY,17068,2018-04,True,
"Lamb, New Zealand, imported, fore-shank, separable lean only, cooked, braised",,,MEAT,209.0,33.31,0.0,8.4,,USDA_FDC_SR_LEGACY,17071,2018-04,True,
"Lamb, New Zealand, imported, fore-shank, separable lean only, raw",,,MEAT,122.0,22.05,0.0,3.77,,USDA_FDC_SR_LEGACY,17070,2018-04,True,
"Lamb, New Zealand, imported, frozen, composite of trimmed retail cuts, separable fat, cooked",,,MEAT,586.0,9.72,0.0,60.39,,USDA_FDC_SR_LEGACY,17067,2018-04,True,
"Lamb, New Zealand, imported, frozen, composite of trimmed retail cuts, separable fat, raw",,,MEAT,640.0,6.92,0.0,67.63,,USDA_FDC_SR_LEGACY,17066,2018-04,True,
"Lamb, New Zealand, imported, frozen, composite of trimmed retail cuts, separable lean and fat, cooked",,,MEAT,305.0,24.42,0.0,22.26,,USDA_FDC_SR_LEGACY,17063,2018-04,True,
"Lamb, New Zealand, imported, frozen, composite of trimmed retail cuts, separable lean and fat, raw",,,MEAT,277.0,16.74,0.0,22.74,,USDA_FDC_SR_LEGACY,17062,2018-04,True,
"Lamb, New Zealand, imported, frozen, composite of trimmed retail cuts, separable lean and fat, trimmed to 1/8"" fat, cooked",,,MEAT,270.0,25.26,0.0,17.98,,USDA_FDC_SR_LEGACY,17255,2018-04,True,
"Lamb, New Zealand, imported, frozen, composite of trimmed retail cuts, separable lean and fat, trimmed to 1/8"" fat, raw",,,MEAT,232.0,17.95,0.0,17.2,,USDA_FDC_SR_LEGACY,17254,2018-04,True,
"Lamb, New Zealand, imported, frozen, composite of trimmed retail cuts, separable lean only, cooked",,,MEAT,206.0,29.59,0.0,8.86,,USDA_FDC_SR_LEGACY,17065,2018-04,True,
"Lamb, New Zealand, imported, frozen, composite of trimmed retail cuts, separable lean only, raw",,,MEAT,128.0,20.75,0.0,4.41,,USDA_FDC_SR_LEGACY,17064,2018-04,True,
"Lamb, New Zealand, imported, frozen, foreshank, separable lean and fat, trimmed to 1/8"" fat, cooked, braised",,,MEAT,258.0,26.97,0.0,15.83,,USDA_FDC_SR_LEGACY,17257,2018-04,True,
"Lamb, New Zealand, imported, frozen, foreshank, separable lean and fat, trimmed to 1/8"" fat, raw",,,MEAT,223.0,18.04,0.0,16.15,,USDA_FDC_SR_LEGACY,17256,2018-04,True,
"Lamb, New Zealand, imported, frozen, leg, whole (shank and sirloin), separable lean and fat, cooked, roasted",,,MEAT,246.0,24.81,0.0,15.56,,USDA_FDC_SR_LEGACY,17073,2018-04,True,
"Lamb, New Zealand, imported, frozen, leg, whole (shank and sirloin), separable lean and fat, trimmed to 1/8"" fat, cooked, roasted",,,MEAT,234.0,25.34,0.0,13.95,,USDA_FDC_SR_LEGACY,17259,2018-04,True,
"Lamb, New Zealand, imported, frozen, leg, whole (shank and sirloin), separable lean and fat, trimmed to 1/8"" fat, raw",,,MEAT,201.0,18.76,0.0,13.37,,USDA_FDC_SR_LEGACY,17258,2018-04,True,
"Lamb, New Zealand, imported, frozen, leg, whole (shank and sirloin), separable lean only, cooked, roasted",,,MEAT,181.0,27.68,0.0,7.01,,USDA_FDC_SR_LEGACY,17075,2018-04,True,
"Lamb, New Zealand, imported, frozen, loin, separable lean and fat, cooked, broiled",,,MEAT,315.0,23.43,0.0,23.88,,USDA_FDC_SR_LEGACY,17077,2018-04,True,
"Lamb, New Zealand, imported, frozen, loin, separable lean and fat, trimmed to 1/8"" fat, cooked, broiled",,,MEAT,296.0,24.41,0.0,21.28,,USDA_FDC_SR_LEGACY,17261,2018-04,True,
"Lamb, New Zealand, imported, frozen, loin, separable lean and fat, trimmed to 1/8"" fat, raw",,,MEAT,273.0,17.18,0.0,22.1,,USDA_FDC_SR_LEGACY,17260,2018-04,True,
"Lamb, New Zealand, imported, frozen, loin, separable lean only, cooked, broiled",,,MEAT,199.0,29.31,0.0,8.24,,USDA_FDC_SR_LEGACY,17079,2018-04,True,
"Lamb, New Zealand, imported, frozen, rib, separable lean and fat, trimmed to 1/8"" fat, cooked, roasted",,,MEAT,317.0,19.86,0.0,25.74,,USDA_FDC_SR_LEGACY,17263,2018-04,True,
"Lamb, New Zealand, imported, frozen, shoulder, whole (arm and blade), separable lean and fat, cooked, braised",,,MEAT,357.0,28.21,0.0,26.27,,USDA_FDC_SR_LEGACY,17085,2018-04,True,
"Lamb, New Zealand, imported, frozen, shoulder, whole (arm and blade), separable lean and fat, trimmed to 1/8"" fat, cooked, braised",,,MEAT,342.0,29.43,0.0,24.03,,USDA_FDC_SR_LEGACY,17265,2018-04,True,
"Lamb, New Zealand, imported, frozen, shoulder, whole (arm and blade), separable lean and fat, trimmed to 1/8"" fat, raw",,,MEAT,251.0,17.19,0.0,19.74,,USDA_FDC_SR_LEGACY,17264,2018-04,True,
"Lamb, New Zealand, imported, frozen, shoulder, whole (arm and blade), separable lean only, cooked, braised",,,MEAT,285.0,34.06,0.0,15.5,,USDA_FDC_SR_LEGACY,17087,2018-04,True,
"Lamb, New Zealand, imported, ground lamb, cooked, braised",,,MEAT,192.0,22.6,0.0,11.34,,USDA_FDC_SR_LEGACY,17370,2018-04,True,
"Lamb, New Zealand, imported, ground lamb, raw",,,MEAT,193.0,20.33,0.0,12.41,,USDA_FDC_SR_LEGACY,17371,2018-04,True,
"Lamb, New Zealand, imported, heart, cooked, soaked and simmered",,,MEAT,161.0,26.26,0.0,6.21,,USDA_FDC_SR_LEGACY,17372,2018-04,True,
"Lamb, New Zealand, imported, heart, raw",,,MEAT,105.0,18.09,0.0,3.68,,USDA_FDC_SR_LEGACY,17373,2018-04,True,
"Lamb, New Zealand, imported, hind-shank, separable lean and fat, cooked, braised",,,MEAT,247.0,29.59,0.04,14.22,,USDA_FDC_SR_LEGACY,17403,2018-04,True,
"Lamb, New Zealand, imported, hind-shank, separable lean and fat, raw",,,MEAT,186.0,18.39,0.73,12.12,,USDA_FDC_SR_LEGACY,17404,2018-04,True,
"Lamb, New Zealand, imported, hind-shank, separable lean only, cooked, braised",,,MEAT,196.0,32.5,0.0,7.37,,USDA_FDC_SR_LEGACY,17390,2018-04,True,
"Lamb, New Zealand, imported, hind-shank, separable lean only, raw",,,MEAT,115.0,20.4,0.73,3.35,,USDA_FDC_SR_LEGACY,17391,2018-04,True,
"Lamb, New Zealand, imported, kidney, cooked, soaked and fried",,,MEAT,112.0,19.78,0.18,3.56,,USDA_FDC_SR_LEGACY,17364,2018-04,True,
"Lamb, New Zealand, imported, kidney, raw",,,MEAT,84.0,15.21,0.03,2.54,,USDA_FDC_SR_LEGACY,17367,2018-04,True,
"Lamb, New Zealand, imported, leg chop/steak, bone-in, separable lean and fat, cooked, fast fried",,,MEAT,212.0,24.26,0.04,12.76,,USDA_FDC_SR_LEGACY,17405,2018-04,True,
"Lamb, New Zealand, imported, leg chop/steak, bone-in, separable lean and fat, raw",,,MEAT,206.0,18.64,0.13,14.52,,USDA_FDC_SR_LEGACY,17072,2018-04,True,
"Lamb, New Zealand, imported, leg chop/steak, bone-in, separable lean only, cooked, fast fried",,,MEAT,162.0,26.31,0.0,6.35,,USDA_FDC_SR_LEGACY,17400,2018-04,True,
"Lamb, New Zealand, imported, leg chop/steak, bone-in, separable lean only, raw",,,MEAT,126.0,21.1,0.0,4.64,,USDA_FDC_SR_LEGACY,17074,2018-04,True,
"Lamb, New Zealand, imported, liver, cooked, soaked and fried",,,MEAT,168.0,25.8,1.48,6.56,,USDA_FDC_SR_LEGACY,17368,2018-04,True,
"Lamb, New Zealand, imported, liver, raw",,,MEAT,136.0,20.7,2.22,4.92,,USDA_FDC_SR_LEGACY,17369,2018-04,True,
"Lamb, New Zealand, imported, loin chop, separable lean and fat, cooked, fast fried",,,MEAT,332.0,21.5,0.41,27.11,,USDA_FDC_SR_LEGACY,17406,2018-04,True,
"Lamb, New Zealand, imported, loin chop, separable lean and fat, raw",,,MEAT,298.0,15.4,0.22,26.19,,USDA_FDC_SR_LEGACY,17076,2018-04,True,
"Lamb, New Zealand, imported, loin chop, separable lean only, cooked, fast fried",,,MEAT,208.0,27.43,0.41,10.7,,USDA_FDC_SR_LEGACY,17398,2018-04,True,
"Lamb, New Zealand, imported, loin chop, separable lean only, raw",,,MEAT,142.0,19.98,0.0,6.88,,USDA_FDC_SR_LEGACY,17078,2018-04,True,
"Lamb, New Zealand, imported, loin saddle, separable lean and fat, cooked, fast roasted",,,MEAT,274.0,21.13,0.1,20.98,,USDA_FDC_SR_LEGACY,17407,2018-04,True,
"Lamb, New Zealand, imported, loin saddle, separable lean and fat, raw",,,MEAT,273.0,16.56,0.2,22.9,,USDA_FDC_SR_LEGACY,17408,2018-04,True,
"Lamb, New Zealand, imported, loin saddle, separable lean only, cooked, fast roasted",,,MEAT,162.0,25.53,0.0,6.7,,USDA_FDC_SR_LEGACY,17386,2018-04,True,
"Lamb, New Zealand, imported, loin saddle, separable lean only, raw",,,MEAT,131.0,20.86,0.0,5.32,,USDA_FDC_SR_LEGACY,17387,2018-04,True,
"Lamb, New Zealand, imported, loin, boneless, separable lean and fat, cooked, fast roasted",,,MEAT,157.0,28.96,0.0,4.57,,USDA_FDC_SR_LEGACY,17409,2018-04,True,
"Lamb, New Zealand, imported, loin, boneless, separable lean and fat, raw",,,MEAT,122.0,21.44,0.0,3.99,,USDA_FDC_SR_LEGACY,17410,2018-04,True,
"Lamb, New Zealand, imported, loin, boneless, separable lean only, cooked, fast roasted",,,MEAT,156.0,28.99,0.0,4.49,,USDA_FDC_SR_LEGACY,17388,2018-04,True,
"Lamb, New Zealand, imported, loin, boneless, separable lean only, raw",,,MEAT,120.0,21.5,0.0,3.77,,USDA_FDC_SR_LEGACY,17389,2018-04,True,
"Lamb, New Zealand, imported, neck chops, separable lean and fat, cooked, braised",,,MEAT,307.0,28.53,0.03,21.43,,USDA_FDC_SR_LEGACY,17411,2018-04,True,
"Lamb, New Zealand, imported, neck chops, separable lean and fat, raw",,,MEAT,231.0,17.43,0.14,17.9,,USDA_FDC_SR_LEGACY,17412,2018-04,True,
"Lamb, New Zealand, imported, neck chops, separable lean only, cooked, braised",,,MEAT,264.0,31.4,0.0,15.36,,USDA_FDC_SR_LEGACY,17393,2018-04,True,
"Lamb, New Zealand, imported, neck chops, separable lean only, raw",,,MEAT,151.0,19.84,0.0,7.97,,USDA_FDC_SR_LEGACY,17392,2018-04,True,
"Lamb, New Zealand, imported, netted shoulder, rolled, boneless, separable lean and fat, cooked, slow roasted",,,MEAT,287.0,21.45,0.05,22.33,,USDA_FDC_SR_LEGACY,17413,2018-04,True,
"Lamb, New Zealand, imported, netted shoulder, rolled, boneless, separable lean and fat, raw",,,MEAT,252.0,16.9,0.2,20.36,,USDA_FDC_SR_LEGACY,17414,2018-04,True,
"Lamb, New Zealand, imported, netted shoulder, rolled, boneless, separable lean only, cooked, slow roasted",,,MEAT,199.0,25.14,0.0,10.91,,USDA_FDC_SR_LEGACY,17394,2018-04,True,
"Lamb, New Zealand, imported, netted shoulder, rolled, boneless, separable lean only, raw",,,MEAT,143.0,20.2,0.0,6.88,,USDA_FDC_SR_LEGACY,17395,2018-04,True,
"Lamb, New Zealand, imported, rack - fully frenched, separable lean and fat, cooked, fast roasted",,,MEAT,195.0,23.56,0.01,11.2,,USDA_FDC_SR_LEGACY,17419,2018-04,True,
"Lamb, New Zealand, imported, rack - fully frenched, separable lean and fat, raw",,,MEAT,169.0,19.88,0.05,9.96,,USDA_FDC_SR_LEGACY,17420,2018-04,True,
"Lamb, New Zealand, imported, rack - fully frenched, separable lean only, cooked, fast roasted",,,MEAT,173.0,24.39,0.0,8.38,,USDA_FDC_SR_LEGACY,17396,2018-04,True,
"Lamb, New Zealand, imported, rack - fully frenched, separable lean only, raw",,,MEAT,147.0,20.61,0.0,7.12,,USDA_FDC_SR_LEGACY,17397,2018-04,True,
"Lamb, New Zealand, imported, rack - partly frenched, separable lean and fat, cooked, fast roasted",,,MEAT,253.0,22.06,0.04,18.29,,USDA_FDC_SR_LEGACY,17081,2018-04,True,
"Lamb, New Zealand, imported, rack - partly frenched, separable lean and fat, raw",,,MEAT,240.0,18.12,0.13,18.52,,USDA_FDC_SR_LEGACY,17080,2018-04,True,
"Lamb, New Zealand, imported, rack - partly frenched, separable lean only, cooked, fast roasted",,,MEAT,193.0,24.43,0.0,10.63,,USDA_FDC_SR_LEGACY,17083,2018-04,True,
"Lamb, New Zealand, imported, rack - partly frenched, separable lean only, raw",,,MEAT,160.0,20.65,0.0,8.61,,USDA_FDC_SR_LEGACY,17082,2018-04,True,
"Lamb, New Zealand, imported, square-cut shoulder chops, separable lean and fat, cooked, braised",,,MEAT,322.0,26.79,0.05,23.86,,USDA_FDC_SR_LEGACY,17415,2018-04,True,
"Lamb, New Zealand, imported, square-cut shoulder chops, separable lean and fat, raw",,,MEAT,275.0,17.02,0.23,22.84,,USDA_FDC_SR_LEGACY,17416,2018-04,True,
"Lamb, New Zealand, imported, square-cut shoulder chops, separable lean only, cooked, braised",,,MEAT,255.0,31.06,0.0,14.56,,USDA_FDC_SR_LEGACY,17382,2018-04,True,
"Lamb, New Zealand, imported, square-cut shoulder chops, separable lean only, raw",,,MEAT,164.0,20.62,0.0,9.08,,USDA_FDC_SR_LEGACY,17383,2018-04,True,
"Lamb, New Zealand, imported, square-cut shoulder, separable lean and fat, cooked, slow roasted",,,MEAT,294.0,20.88,0.03,23.39,,USDA_FDC_SR_LEGACY,17417,2018-04,True,
"Lamb, New Zealand, imported, square-cut shoulder, separable lean and fat, raw",,,MEAT,272.0,16.16,0.24,22.89,,USDA_FDC_SR_LEGACY,17084,2018-04,True,
"Lamb, New Zealand, imported, square-cut shoulder, separable lean only, cooked, slow roasted",,,MEAT,192.0,25.08,0.0,10.13,,USDA_FDC_SR_LEGACY,17399,2018-04,True,
"Lamb, New Zealand, imported, square-cut shoulder, separable lean only, raw",,,MEAT,154.0,19.72,0.0,8.3,,USDA_FDC_SR_LEGACY,17086,2018-04,True,
"Lamb, New Zealand, imported, subcutaneous fat, cooked",,,MEAT,674.0,5.24,0.62,72.28,,USDA_FDC_SR_LEGACY,17362,2018-04,True,
"Lamb, New Zealand, imported, subcutaneous fat, raw",,,MEAT,703.0,3.87,0.55,76.16,,USDA_FDC_SR_LEGACY,17356,2018-04,True,
"Lamb, New Zealand, imported, sweetbread, cooked, soaked and simmered",,,MEAT,144.0,21.13,0.0,6.61,,USDA_FDC_SR_LEGACY,17374,2018-04,True,
"Lamb, New Zealand, imported, sweetbread, raw",,,MEAT,72.0,11.0,0.0,3.16,,USDA_FDC_SR_LEGACY,17375,2018-04,True,
"Lamb, New Zealand, imported, tenderloin, separable lean and fat, cooked, fast fried",,,MEAT,157.0,27.87,0.0,5.0,,USDA_FDC_SR_LEGACY,17418,2018-04,True,
"Lamb, New Zealand, imported, tenderloin, separable lean and fat, raw",,,MEAT,120.0,20.43,0.01,4.22,,USDA_FDC_SR_LEGACY,17423,2018-04,True,
"Lamb, New Zealand, imported, tenderloin, separable lean only, cooked, fast fried",,,MEAT,155.0,27.94,0.0,4.81,,USDA_FDC_SR_LEGACY,17384,2018-04,True,
"Lamb, New Zealand, imported, tenderloin, separable lean only, raw",,,MEAT,116.0,20.53,0.0,3.81,,USDA_FDC_SR_LEGACY,17385,2018-04,True,
"Lamb, New Zealand, imported, testes, cooked, soaked and fried",,,MEAT,125.0,21.01,0.0,4.56,,USDA_FDC_SR_LEGACY,17376,2018-04,True,
"Lamb, New Zealand, imported, testes, raw",,,MEAT,68.0,11.4,0.14,2.38,,USDA_FDC_SR_LEGACY,17377,2018-04,True,
"Lamb, New Zealand, imported, tongue - swiss cut, cooked, soaked and simmered",,,MEAT,272.0,17.51,0.86,22.04,,USDA_FDC_SR_LEGACY,17378,2018-04,True,
"Lamb, New Zealand, imported, tongue - swiss cut, raw",,,MEAT,225.0,14.27,0.0,18.61,,USDA_FDC_SR_LEGACY,17379,2018-04,True,
"Lamb, New Zealand, imported, tunnel-boned leg, chump off, shank off, separable lean and fat, cooked, slow roasted",,,MEAT,208.0,23.41,0.03,12.68,,USDA_FDC_SR_LEGACY,17421,2018-04,True,
"Lamb, New Zealand, imported, tunnel-boned leg, chump off, shank off, separable lean and fat, raw",,,MEAT,121.0,20.93,0.0,4.09,,USDA_FDC_SR_LEGACY,17422,2018-04,True,
"Lamb, New Zealand, imported, tunnel-boned leg, chump off, shank off, separable lean only, cooked, slow roasted",,,MEAT,159.0,25.29,0.0,6.44,,USDA_FDC_SR_LEGACY,17380,2018-04,True,
"Lamb, New Zealand, imported, tunnel-boned leg, chump off, shank off, separable lean only, raw",,,MEAT,121.0,20.93,0.0,4.09,,USDA_FDC_SR_LEGACY,17381,2018-04,True,
"Lamb, composite of trimmed retail cuts, separable fat, trimmed to 1/4"" fat, choice, cooked",,,MEAT,586.0,12.16,0.0,59.18,,USDA_FDC_SR_LEGACY,17006,2018-04,True,
"Lamb, composite of trimmed retail cuts, separable fat, trimmed to 1/4"" fat, choice, raw",,,MEAT,665.0,6.65,0.0,70.61,,USDA_FDC_SR_LEGACY,17005,2018-04,True,
"Lamb, composite of trimmed retail cuts, separable lean and fat, trimmed to 1/4"" fat, choice, cooked",,,MEAT,294.0,24.52,0.0,20.94,,USDA_FDC_SR_LEGACY,17002,2018-04,True,
"Lamb, composite of trimmed retail cuts, separable lean and fat, trimmed to 1/4"" fat, choice, raw",,,MEAT,267.0,16.88,0.0,21.59,,USDA_FDC_SR_LEGACY,17001,2018-04,True,
"Lamb, composite of trimmed retail cuts, separable lean and fat, trimmed to 1/8"" fat, choice, cooked",,,MEAT,271.0,25.51,0.0,18.01,,USDA_FDC_SR_LEGACY,17227,2018-04,True,
"Lamb, composite of trimmed retail cuts, separable lean and fat, trimmed to 1/8"" fat, choice, raw",,,MEAT,243.0,17.54,0.0,18.66,,USDA_FDC_SR_LEGACY,17226,2018-04,True,
"Lamb, composite of trimmed retail cuts, separable lean only, trimmed to 1/4"" fat, choice, cooked",,,MEAT,206.0,28.22,0.0,9.52,,USDA_FDC_SR_LEGACY,17004,2018-04,True,
"Lamb, composite of trimmed retail cuts, separable lean only, trimmed to 1/4"" fat, choice, raw",,,MEAT,134.0,20.29,0.0,5.25,,USDA_FDC_SR_LEGACY,17003,2018-04,True,
"Lamb, cubed for stew or kabob (leg and shoulder), separable lean only, trimmed to 1/4"" fat, cooked, braised",,,MEAT,223.0,33.69,0.0,8.8,,USDA_FDC_SR_LEGACY,17060,2018-04,True,
"Lamb, cubed for stew or kabob (leg and shoulder), separable lean only, trimmed to 1/4"" fat, cooked, broiled",,,MEAT,186.0,28.08,0.0,7.33,,USDA_FDC_SR_LEGACY,17061,2018-04,True,
"Lamb, cubed for stew or kabob (leg and shoulder), separable lean only, trimmed to 1/4"" fat, raw",,,MEAT,134.0,20.21,0.0,5.28,,USDA_FDC_SR_LEGACY,17059,2018-04,True,
"Lamb, foreshank, separable lean and fat, trimmed to 1/4"" fat, choice, cooked, braised",,,MEAT,243.0,28.37,0.0,13.46,,USDA_FDC_SR_LEGACY,17008,2018-04,True,
"Lamb, foreshank, separable lean and fat, trimmed to 1/4"" fat, choice, raw",,,MEAT,201.0,18.91,0.0,13.38,,USDA_FDC_SR_LEGACY,17007,2018-04,True,
"Lamb, foreshank, separable lean and fat, trimmed to 1/8"" fat, choice, raw",,,MEAT,201.0,18.91,0.0,13.38,,USDA_FDC_SR_LEGACY,17228,2018-04,True,
"Lamb, foreshank, separable lean and fat, trimmed to 1/8"" fat, cooked, braised",,,MEAT,243.0,28.37,0.0,13.46,,USDA_FDC_SR_LEGACY,17229,2018-04,True,
"Lamb, foreshank, separable lean only, trimmed to 1/4"" fat, choice, cooked, braised",,,MEAT,187.0,31.01,0.0,6.02,,USDA_FDC_SR_LEGACY,17010,2018-04,True,
"Lamb, foreshank, separable lean only, trimmed to 1/4"" fat, choice, raw",,,MEAT,120.0,21.08,0.0,3.29,,USDA_FDC_SR_LEGACY,17009,2018-04,True,
"Lamb, ground, cooked, broiled",,,MEAT,283.0,24.75,0.0,19.65,,USDA_FDC_SR_LEGACY,17225,2018-04,True,
"Lamb, ground, raw",,,MEAT,282.0,16.56,0.0,23.41,,USDA_FDC_SR_LEGACY,17224,2018-04,True,
"Lamb, leg, shank half, separable lean and fat, trimmed to 1/4"" fat, choice, cooked, roasted",,,MEAT,225.0,26.41,0.0,12.45,,USDA_FDC_SR_LEGACY,17016,2018-04,True,
"Lamb, leg, shank half, separable lean and fat, trimmed to 1/4"" fat, choice, raw",,,MEAT,201.0,18.58,0.0,13.49,,USDA_FDC_SR_LEGACY,17015,2018-04,True,
"Lamb, leg, shank half, separable lean and fat, trimmed to 1/8"" fat, choice, cooked, roasted",,,MEAT,217.0,26.73,0.0,11.4,,USDA_FDC_SR_LEGACY,17233,2018-04,True,
"Lamb, leg, shank half, separable lean and fat, trimmed to 1/8"" fat, choice, raw",,,MEAT,185.0,18.99,0.0,11.5,,USDA_FDC_SR_LEGACY,17232,2018-04,True,
"Lamb, leg, shank half, separable lean only, trimmed to 1/4"" fat, choice, cooked, roasted",,,MEAT,180.0,28.17,0.0,6.67,,USDA_FDC_SR_LEGACY,17018,2018-04,True,
"Lamb, leg, shank half, separable lean only, trimmed to 1/4"" fat, choice, raw",,,MEAT,125.0,20.52,0.0,4.19,,USDA_FDC_SR_LEGACY,17017,2018-04,True,
"Lamb, leg, sirloin half, separable lean and fat, trimmed to 1/4"" fat, choice, cooked, roasted",,,MEAT,292.0,24.63,0.0,20.67,,USDA_FDC_SR_LEGACY,17020,2018-04,True,
"Lamb, leg, sirloin half, separable lean and fat, trimmed to 1/4"" fat, choice, raw",,,MEAT,272.0,16.94,0.0,22.11,,USDA_FDC_SR_LEGACY,17019,2018-04,True,
"Lamb, leg, sirloin half, separable lean and fat, trimmed to 1/8"" fat, choice, cooked, roasted",,,MEAT,284.0,24.95,0.0,19.67,,USDA_FDC_SR_LEGACY,17235,2018-04,True,
"Lamb, leg, sirloin half, separable lean and fat, trimmed to 1/8"" fat, choice, raw",,,MEAT,261.0,17.21,0.0,20.8,,USDA_FDC_SR_LEGACY,17234,2018-04,True,
"Lamb, leg, sirloin half, separable lean only, trimmed to 1/4"" fat, choice, cooked, roasted",,,MEAT,204.0,28.35,0.0,9.17,,USDA_FDC_SR_LEGACY,17022,2018-04,True,
"Lamb, leg, sirloin half, separable lean only, trimmed to 1/4"" fat, choice, raw",,,MEAT,134.0,20.55,0.0,5.08,,USDA_FDC_SR_LEGACY,17021,2018-04,True,
"Lamb, leg, whole (shank and sirloin), separable lean and fat, trimmed to 1/4"" fat, choice, cooked, roasted",,,MEAT,258.0,25.55,0.0,16.48,,USDA_FDC_SR_LEGACY,17012,2018-04,True,
"Lamb, leg, whole (shank and sirloin), separable lean and fat, trimmed to 1/4"" fat, choice, raw",,,MEAT,230.0,17.91,0.0,17.07,,USDA_FDC_SR_LEGACY,17011,2018-04,True,
"Lamb, leg, whole (shank and sirloin), separable lean and fat, trimmed to 1/8"" fat, choice, cooked, roasted",,,MEAT,242.0,26.2,0.0,14.42,,USDA_FDC_SR_LEGACY,17231,2018-04,True,
"Lamb, leg, whole (shank and sirloin), separable lean and fat, trimmed to 1/8"" fat, choice, raw",,,MEAT,209.0,18.47,0.0,14.42,,USDA_FDC_SR_LEGACY,17230,2018-04,True,
"Lamb, leg, whole (shank and sirloin), separable lean only, trimmed to 1/4"" fat, choice, cooked, roasted",,,MEAT,191.0,28.3,0.0,7.74,,USDA_FDC_SR_LEGACY,17014,2018-04,True,
"Lamb, leg, whole (shank and sirloin), separable lean only, trimmed to 1/4"" fat, choice, raw",,,MEAT,128.0,20.56,0.0,4.51,,USDA_FDC_SR_LEGACY,17013,2018-04,True,
"Lamb, loin, separable lean and fat, trimmed to 1/4"" fat, choice, cooked, broiled",,,MEAT,316.0,25.17,0.0,23.08,,USDA_FDC_SR_LEGACY,17024,2018-04,True,
"Lamb, loin, separable lean and fat, trimmed to 1/4"" fat, choice, cooked, roasted",,,MEAT,309.0,22.55,0.0,23.59,,USDA_FDC_SR_LEGACY,17025,2018-04,True,
"Lamb, loin, separable lean and fat, trimmed to 1/4"" fat, choice, raw",,,MEAT,310.0,16.32,0.0,26.63,,USDA_FDC_SR_LEGACY,17023,2018-04,True,
"Lamb, loin, separable lean and fat, trimmed to 1/8"" fat, choice, cooked, broiled",,,MEAT,297.0,26.06,0.0,20.61,,USDA_FDC_SR_LEGACY,17237,2018-04,True,
"Lamb, loin, separable lean and fat, trimmed to 1/8"" fat, choice, cooked, roasted",,,MEAT,290.0,23.27,0.0,21.12,,USDA_FDC_SR_LEGACY,17238,2018-04,True,
"Lamb, loin, separable lean and fat, trimmed to 1/8"" fat, choice, raw",,,MEAT,279.0,17.18,0.0,22.75,,USDA_FDC_SR_LEGACY,17236,2018-04,True,
"Lamb, loin, separable lean only, trimmed to 1/4"" fat, choice, cooked, broiled",,,MEAT,216.0,29.99,0.0,9.73,,USDA_FDC_SR_LEGACY,17027,2018-04,True,
"Lamb, loin, separable lean only, trimmed to 1/4"" fat, choice, cooked, roasted",,,MEAT,202.0,26.59,0.0,9.76,,USDA_FDC_SR_LEGACY,17028,2018-04,True,
"Lamb, loin, separable lean only, trimmed to 1/4"" fat, choice, raw",,,MEAT,143.0,20.88,0.0,5.94,,USDA_FDC_SR_LEGACY,17026,2018-04,True,
"Lamb, new zealand, imported, frozen, rib, separable lean and fat, trimmed to 1/8"" fat, raw",,,MEAT,311.0,15.87,0.0,27.0,,USDA_FDC_SR_LEGACY,17262,2018-04,True,
"Lamb, rib, separable lean and fat, trimmed to 1/4"" fat, choice, cooked, broiled",,,MEAT,361.0,22.13,0.0,29.59,,USDA_FDC_SR_LEGACY,17030,2018-04,True,
"Lamb, rib, separable lean and fat, trimmed to 1/4"" fat, choice, cooked, roasted",,,MEAT,359.0,21.12,0.0,29.82,,USDA_FDC_SR_LEGACY,17031,2018-04,True,
"Lamb, rib, separable lean and fat, trimmed to 1/4"" fat, choice, raw",,,MEAT,372.0,14.52,0.0,34.39,,USDA_FDC_SR_LEGACY,17029,2018-04,True,
"Lamb, rib, separable lean and fat, trimmed to 1/8"" fat, choice, cooked, broiled",,,MEAT,340.0,23.06,0.0,26.82,,USDA_FDC_SR_LEGACY,17240,2018-04,True,
"Lamb, rib, separable lean and fat, trimmed to 1/8"" fat, choice, cooked, roasted",,,MEAT,341.0,21.82,0.0,27.53,,USDA_FDC_SR_LEGACY,17241,2018-04,True,
"Lamb, rib, separable lean and fat, trimmed to 1/8"" fat, choice, raw",,,MEAT,342.0,15.32,0.0,30.71,,USDA_FDC_SR_LEGACY,17239,2018-04,True,
"Lamb, rib, separable lean only, trimmed to 1/4"" fat, choice, cooked, broiled",,,MEAT,235.0,27.74,0.0,12.95,,USDA_FDC_SR_LEGACY,17033,2018-04,True,
"Lamb, rib, separable lean only, trimmed to 1/4"" fat, choice, cooked, roasted",,,MEAT,232.0,26.16,0.0,13.31,,USDA_FDC_SR_LEGACY,17034,2018-04,True,
"Lamb, rib, separable lean only, trimmed to 1/4"" fat, choice, raw",,,MEAT,169.0,19.98,0.0,9.23,,USDA_FDC_SR_LEGACY,17032,2018-04,True,
"Lamb, shoulder, arm, separable lean and fat, trimmed to 1/4"" fat, choice, cooked, braised",,,MEAT,346.0,30.39,0.0,24.0,,USDA_FDC_SR_LEGACY,17044,2018-04,True,
"Lamb, shoulder, arm, separable lean and fat, trimmed to 1/4"" fat, choice, cooked, broiled",,,MEAT,281.0,24.44,0.0,19.55,,USDA_FDC_SR_LEGACY,17045,2018-04,True,
"Lamb, shoulder, arm, separable lean and fat, trimmed to 1/4"" fat, choice, cooked, roasted",,,MEAT,279.0,22.53,0.0,20.24,,USDA_FDC_SR_LEGACY,17046,2018-04,True,
"Lamb, shoulder, arm, separable lean and fat, trimmed to 1/4"" fat, choice, raw",,,MEAT,260.0,16.79,0.0,20.9,,USDA_FDC_SR_LEGACY,17043,2018-04,True,
"Lamb, shoulder, arm, separable lean and fat, trimmed to 1/8"" fat, choice, cooked, braised",,,MEAT,337.0,31.1,0.0,22.65,,USDA_FDC_SR_LEGACY,17247,2018-04,True,
"Lamb, shoulder, arm, separable lean and fat, trimmed to 1/8"" fat, choice, raw",,,MEAT,244.0,17.19,0.0,18.94,,USDA_FDC_SR_LEGACY,17246,2018-04,True,
"Lamb, shoulder, arm, separable lean and fat, trimmed to 1/8"" fat, choice, roasted",,,MEAT,267.0,22.93,0.0,18.75,,USDA_FDC_SR_LEGACY,17249,2018-04,True,
"Lamb, shoulder, arm, separable lean and fat, trimmed to 1/8"" fat, cooked, broiled",,,MEAT,269.0,24.91,0.0,18.05,,USDA_FDC_SR_LEGACY,17248,2018-04,True,
"Lamb, shoulder, arm, separable lean only, trimmed to 1/4"" fat, choice, cooked, braised",,,MEAT,279.0,35.54,0.0,14.08,,USDA_FDC_SR_LEGACY,17048,2018-04,True,
"Lamb, shoulder, arm, separable lean only, trimmed to 1/4"" fat, choice, cooked, broiled",,,MEAT,200.0,27.71,0.0,9.02,,USDA_FDC_SR_LEGACY,17049,2018-04,True,
"Lamb, shoulder, arm, separable lean only, trimmed to 1/4"" fat, choice, cooked, roasted",,,MEAT,192.0,25.46,0.0,9.26,,USDA_FDC_SR_LEGACY,17050,2018-04,True,
"Lamb, shoulder, arm, separable lean only, trimmed to 1/4"" fat, choice, raw",,,MEAT,132.0,19.99,0.0,5.2,,USDA_FDC_SR_LEGACY,17047,2018-04,True,
"Lamb, shoulder, blade, separable lean and fat, trimmed to 1/4"" fat, choice, cooked, braised",,,MEAT,345.0,28.51,0.0,24.73,,USDA_FDC_SR_LEGACY,17052,2018-04,True,
"Lamb, shoulder, blade, separable lean and fat, trimmed to 1/4"" fat, choice, cooked, broiled",,,MEAT,278.0,23.08,0.0,19.94,,USDA_FDC_SR_LEGACY,17053,2018-04,True,
"Lamb, shoulder, blade, separable lean and fat, trimmed to 1/4"" fat, choice, cooked, roasted",,,MEAT,281.0,22.25,0.0,20.61,,USDA_FDC_SR_LEGACY,17054,2018-04,True,
"Lamb, shoulder, blade, separable lean and fat, trimmed to 1/4"" fat, choice, raw",,,MEAT,259.0,16.63,0.0,20.86,,USDA_FDC_SR_LEGACY,17051,2018-04,True,
"Lamb, shoulder, blade, separable lean and fat, trimmed to 1/8"" fat, choice, cooked, braised",,,MEAT,339.0,28.92,0.0,23.88,,USDA_FDC_SR_LEGACY,17251,2018-04,True,
"Lamb, shoulder, blade, separable lean and fat, trimmed to 1/8"" fat, choice, cooked, broiled",,,MEAT,267.0,23.48,0.0,18.5,,USDA_FDC_SR_LEGACY,17252,2018-04,True,
"Lamb, shoulder, blade, separable lean and fat, trimmed to 1/8"" fat, choice, cooked, roasted",,,MEAT,270.0,22.62,0.0,19.19,,USDA_FDC_SR_LEGACY,17253,2018-04,True,
"Lamb, shoulder, blade, separable lean and fat, trimmed to 1/8"" fat, choice, raw",,,MEAT,244.0,17.01,0.0,18.97,,USDA_FDC_SR_LEGACY,17250,2018-04,True,
"Lamb, shoulder, blade, separable lean only, trimmed to 1/4"" fat, choice, cooked, braised",,,MEAT,288.0,32.35,0.0,16.64,,USDA_FDC_SR_LEGACY,17056,2018-04,True,
"Lamb, shoulder, blade, separable lean only, trimmed to 1/4"" fat, choice, cooked, broiled",,,MEAT,211.0,25.48,0.0,11.32,,USDA_FDC_SR_LEGACY,17057,2018-04,True,
"Lamb, shoulder, blade, separable lean only, trimmed to 1/4"" fat, choice, cooked, roasted",,,MEAT,209.0,24.61,0.0,11.57,,USDA_FDC_SR_LEGACY,17058,2018-04,True,
"Lamb, shoulder, blade, separable lean only, trimmed to 1/4"" fat, choice, raw",,,MEAT,151.0,19.29,0.0,7.63,,USDA_FDC_SR_LEGACY,17055,2018-04,True,
"Lamb, shoulder, whole (arm and blade), separable lean and fat, trimmed to 1/4"" fat, choice, cooked, braised",,,MEAT,344.0,28.68,0.0,24.55,,USDA_FDC_SR_LEGACY,17036,2018-04,True,
"Lamb, shoulder, whole (arm and blade), separable lean and fat, trimmed to 1/4"" fat, choice, cooked, broiled",,,MEAT,278.0,24.42,0.0,19.26,,USDA_FDC_SR_LEGACY,17037,2018-04,True,
"Lamb, shoulder, whole (arm and blade), separable lean and fat, trimmed to 1/4"" fat, choice, cooked, roasted",,,MEAT,276.0,22.51,0.0,19.97,,USDA_FDC_SR_LEGACY,17038,2018-04,True,
"Lamb, shoulder, whole (arm and blade), separable lean and fat, trimmed to 1/4"" fat, choice, raw",,,MEAT,264.0,16.58,0.0,21.45,,USDA_FDC_SR_LEGACY,17035,2018-04,True,
"Lamb, shoulder, whole (arm and blade), separable lean and fat, trimmed to 1/8"" fat, choice, cooked, braised",,,MEAT,338.0,29.46,0.0,23.57,,USDA_FDC_SR_LEGACY,17243,2018-04,True,
"Lamb, shoulder, whole (arm and blade), separable lean and fat, trimmed to 1/8"" fat, choice, cooked, broiled",,,MEAT,268.0,23.84,0.0,18.39,,USDA_FDC_SR_LEGACY,17244,2018-04,True,
"Lamb, shoulder, whole (arm and blade), separable lean and fat, trimmed to 1/8"" fat, choice, cooked, roasted",,,MEAT,269.0,22.7,0.0,19.08,,USDA_FDC_SR_LEGACY,17245,2018-04,True,
"Lamb, shoulder, whole (arm and blade), separable lean and fat, trimmed to 1/8"" fat, choice, raw",,,MEAT,244.0,17.07,0.0,18.96,,USDA_FDC_SR_LEGACY,17242,2018-04,True,
"Lamb, shoulder, whole (arm and blade), separable lean only, trimmed to 1/4"" fat, choice, cooked, braised",,,MEAT,283.0,32.81,0.0,15.89,,USDA_FDC_SR_LEGACY,17040,2018-04,True,
"Lamb, shoulder, whole (arm and blade), separable lean only, trimmed to 1/4"" fat, choice, cooked, broiled",,,MEAT,210.0,27.12,0.0,10.5,,USDA_FDC_SR_LEGACY,17041,2018-04,True,
"Lamb, shoulder, whole (arm and blade), separable lean only, trimmed to 1/4"" fat, choice, cooked, roasted",,,MEAT,204.0,24.94,0.0,10.77,,USDA_FDC_SR_LEGACY,17042,2018-04,True,
"Lamb, shoulder, whole (arm and blade), separable lean only, trimmed to 1/4"" fat, choice, raw",,,MEAT,144.0,19.55,0.0,6.76,,USDA_FDC_SR_LEGACY,17039,2018-04,True,
"Lamb, variety meats and by-products, brain, cooked, braised",,,MEAT,145.0,12.55,0.0,10.17,,USDA_FDC_SR_LEGACY,17186,2018-04,True,
"Lamb, variety meats and by-products, brain, cooked, pan-fried",,,MEAT,273.0,16.97,0.0,22.19,,USDA_FDC_SR_LEGACY,17187,2018-04,True,
"Lamb, variety meats and by-products, brain, raw",,,MEAT,122.0,10.4,0.0,8.58,,USDA_FDC_SR_LEGACY,17185,2018-04,True,
"Lamb, variety meats and by-products, heart, cooked, braised",,,MEAT,185.0,24.97,1.93,7.91,,USDA_FDC_SR_LEGACY,17192,2018-04,True,
"Lamb, variety meats and by-products, heart, raw",,,MEAT,122.0,16.47,0.21,5.68,,USDA_FDC_SR_LEGACY,17191,2018-04,True,
"Lamb, variety meats and by-products, kidneys, cooked, braised",,,MEAT,137.0,23.65,0.99,3.62,,USDA_FDC_SR_LEGACY,17196,2018-04,True,
"Lamb, variety meats and by-products, kidneys, raw",,,MEAT,97.0,15.74,0.82,2.95,,USDA_FDC_SR_LEGACY,17195,2018-04,True,
"Lamb, variety meats and by-products, liver, cooked, braised",,,MEAT,220.0,30.57,2.53,8.81,,USDA_FDC_SR_LEGACY,17200,2018-04,True,
"Lamb, variety meats and by-products, liver, cooked, pan-fried",,,MEAT,238.0,25.53,3.78,12.65,,USDA_FDC_SR_LEGACY,17201,2018-04,True,
"Lamb, variety meats and by-products, liver, raw",,,MEAT,139.0,20.38,1.78,5.02,,USDA_FDC_SR_LEGACY,17199,2018-04,True,
"Lamb, variety meats and by-products, lungs, cooked, braised",,,MEAT,113.0,19.88,0.0,3.1,,USDA_FDC_SR_LEGACY,17206,2018-04,True,
"Lamb, variety meats and by-products, lungs, raw",,,MEAT,95.0,16.7,0.0,2.6,,USDA_FDC_SR_LEGACY,17205,2018-04,True,
"Lamb, variety meats and by-products, mechanically separated, raw",,,MEAT,276.0,14.97,0.0,23.54,,USDA_FDC_SR_LEGACY,17209,2018-04,True,
"Lamb, variety meats and by-products, pancreas, cooked, braised",,,MEAT,234.0,22.83,0.0,15.12,,USDA_FDC_SR_LEGACY,17211,2018-04,True,
"Lamb, variety meats and by-products, pancreas, raw",,,MEAT,152.0,14.84,0.0,9.82,,USDA_FDC_SR_LEGACY,17210,2018-04,True,
"Lamb, variety meats and by-products, spleen, cooked, braised",,,MEAT,156.0,26.46,0.0,4.77,,USDA_FDC_SR_LEGACY,17215,2018-04,True,
"Lamb, variety meats and by-products, spleen, raw",,,MEAT,101.0,17.2,0.0,3.1,,USDA_FDC_SR_LEGACY,17214,2018-04,True,
"Lamb, variety meats and by-products, tongue, cooked, braised",,,MEAT,275.0,21.57,0.0,20.28,,USDA_FDC_SR_LEGACY,17221,2018-04,True,
"Lamb, variety meats and by-products, tongue, raw",,,MEAT,222.0,15.7,0.0,17.17,,USDA_FDC_SR_LEGACY,17220,2018-04,True,
"Lebanon bologna, beef",,,MEAT,172.0,19.03,0.44,10.44,,USDA_FDC_SR_LEGACY,7039,2018-04,True,
"Liver cheese, pork",,,MEAT,304.0,15.2,2.1,25.6,,USDA_FDC_SR_LEGACY,7040,2018-04,True,
"Liver sausage, liverwurst, pork",,,MEAT,326.0,14.1,2.2,28.5,,USDA_FDC_SR_LEGACY,7041,2018-04,True,
Liverwurst spread,,,MEAT,305.0,12.38,5.89,25.45,,USDA_FDC_SR_LEGACY,7911,2018-04,True,
"Luncheon meat, pork and chicken, minced, canned, includes Spam Lite",,,MEAT,196.0,15.23,1.35,13.9,,USDA_FDC_SR_LEGACY,7909,2018-04,True,
"Luncheon meat, pork with ham, minced, canned, includes Spam (Hormel)",,,MEAT,315.0,13.4,4.6,26.6,,USDA_FDC_SR_LEGACY,7908,2018-04,True,
"Luncheon meat, pork, canned",,,MEAT,334.0,12.5,2.1,30.3,,USDA_FDC_SR_LEGACY,7045,2018-04,True,
"Luncheon meat, pork, ham, and chicken, minced, canned, reduced sodium, added ascorbic acid, includes SPAM, 25% less sodium",,,MEAT,293.0,12.5,3.4,25.1,,USDA_FDC_SR_LEGACY,7906,2018-04,True,
"Luncheon sausage, pork and beef",,,MEAT,260.0,15.38,1.58,20.9,,USDA_FDC_SR_LEGACY,7090,2018-04,True,
"Luxury loaf, pork",,,MEAT,141.0,18.4,4.9,4.8,,USDA_FDC_SR_LEGACY,7060,2018-04,True,
"Macaroni and cheese loaf, chicken, pork and beef",,,MEAT,228.0,11.76,11.63,14.96,,USDA_FDC_SR_LEGACY,7940,2018-04,True,
"Meatballs, frozen, Italian style",,,MEAT,286.0,14.4,8.06,22.21,,USDA_FDC_SR_LEGACY,7972,2018-04,True,
"Mortadella, beef, pork",,,MEAT,311.0,16.37,3.05,25.39,,USDA_FDC_SR_LEGACY,7050,2018-04,True,
"Mother's loaf, pork",,,MEAT,282.0,12.07,7.53,22.3,,USDA_FDC_SR_LEGACY,7061,2018-04,True,
"Olive loaf, pork",,,MEAT,235.0,11.8,9.2,16.5,,USDA_FDC_SR_LEGACY,7051,2018-04,True,
"Oscar Mayer, Bologna (beef)",,,MEAT,316.0,11.05,2.45,29.1,,USDA_FDC_SR_LEGACY,7201,2018-04,True,
"Oscar Mayer, Braunschweiger Liver Sausage (sliced)",,,MEAT,331.0,14.25,2.6,29.35,,USDA_FDC_SR_LEGACY,7207,2018-04,True,
"Oscar Mayer, Chicken Breast (honey glazed)",,,MEAT,109.0,19.85,4.3,1.5,,USDA_FDC_SR_LEGACY,7209,2018-04,True,
"Oscar Mayer, Ham (chopped with natural juice)",,,MEAT,180.0,16.3,3.65,11.15,,USDA_FDC_SR_LEGACY,7212,2018-04,True,
"Oscar Mayer, Salami (hard)",,,MEAT,368.0,25.9,1.6,28.7,,USDA_FDC_SR_LEGACY,7230,2018-04,True,
"Oscar Mayer, Smokies Sausage Little Cheese (pork, turkey)",,,MEAT,315.0,13.5,1.7,28.2,,USDA_FDC_SR_LEGACY,7236,2018-04,True,
"Oscar Mayer, Wieners (beef franks)",,,MEAT,329.0,11.35,2.78,30.26,,USDA_FDC_SR_LEGACY,7241,2018-04,True,
"Pastrami, beef, 98% fat-free",,,MEAT,95.0,19.6,1.54,1.16,,USDA_FDC_SR_LEGACY,7925,2018-04,True,
"Pastrami, turkey",,,MEAT,139.0,16.3,3.34,6.21,,USDA_FDC_SR_LEGACY,7052,2018-04,True,
"Pate, chicken liver, canned",,,MEAT,201.0,13.45,6.55,13.1,,USDA_FDC_SR_LEGACY,7053,2018-04,True,
"Pate, goose liver, smoked, canned",,,MEAT,462.0,11.4,4.67,43.84,,USDA_FDC_SR_LEGACY,7054,2018-04,True,
"Pate, liver, not specified, canned",,,MEAT,319.0,14.2,1.5,28.0,,USDA_FDC_SR_LEGACY,7055,2018-04,True,
"Pate, truffle flavor",,,MEAT,327.0,11.2,6.3,28.5,,USDA_FDC_SR_LEGACY,7942,2018-04,True,
"Peppered loaf, pork, beef",,,MEAT,149.0,17.3,4.53,6.37,,USDA_FDC_SR_LEGACY,7056,2018-04,True,
"Pepperoni, beef and pork, sliced",,,MEAT,504.0,19.25,1.18,46.28,,USDA_FDC_SR_LEGACY,7057,2018-04,True,
"Pickle and pimiento loaf, pork",,,MEAT,225.0,11.23,8.46,15.95,,USDA_FDC_SR_LEGACY,7058,2018-04,True,
"Picnic loaf, pork, beef",,,MEAT,232.0,14.92,4.76,16.64,,USDA_FDC_SR_LEGACY,7062,2018-04,True,
"Polish sausage, pork",,,MEAT,326.0,14.1,1.63,28.72,,USDA_FDC_SR_LEGACY,7059,2018-04,True,
"Pork loin, fresh, backribs, bone-in, cooked-roasted, lean only",,,MEAT,255.0,24.15,0.0,17.65,,USDA_FDC_SR_LEGACY,10981,2018-04,True,
"Pork loin, fresh, backribs, bone-in, raw, lean only",,,MEAT,172.0,20.85,0.0,9.84,,USDA_FDC_SR_LEGACY,10980,2018-04,True,
"Pork sausage rice links, brown and serve, cooked",,,MEAT,407.0,13.7,2.36,37.63,,USDA_FDC_SR_LEGACY,42190,2018-04,True,
"Pork sausage, link/patty, cooked, pan-fried",,,MEAT,325.0,18.53,1.42,27.25,,USDA_FDC_SR_LEGACY,7064,2018-04,True,
"Pork sausage, link/patty, fully cooked, microwaved",,,MEAT,438.0,15.12,0.62,41.66,,USDA_FDC_SR_LEGACY,7953,2018-04,True,
"Pork sausage, link/patty, fully cooked, unheated",,,MEAT,392.0,13.46,0.69,37.25,,USDA_FDC_SR_LEGACY,7967,2018-04,True,
"Pork sausage, link/patty, reduced fat, cooked, pan-fried",,,MEAT,267.0,20.94,0.15,20.32,,USDA_FDC_SR_LEGACY,7966,2018-04,True,
"Pork sausage, link/patty, reduced fat, unprepared",,,MEAT,217.0,16.75,0.2,16.55,,USDA_FDC_SR_LEGACY,7965,2018-04,True,
"Pork sausage, link/patty, unprepared",,,MEAT,288.0,15.39,0.93,24.8,,USDA_FDC_SR_LEGACY,7063,2018-04,True,
"Pork sausage, reduced sodium, cooked",,,MEAT,271.0,9.41,8.13,22.35,,USDA_FDC_SR_LEGACY,7978,2018-04,True,
"Pork, Leg Cap Steak, boneless, separable lean and fat, raw",,,MEAT,123.0,21.64,0.0,3.39,,USDA_FDC_SR_LEGACY,10957,2018-04,True,
"Pork, Leg sirloin tip roast, boneless, separable lean and fat, cooked, braised",,,MEAT,156.0,31.11,0.0,2.56,,USDA_FDC_SR_LEGACY,10962,2018-04,True,
"Pork, Leg sirloin tip roast, boneless, separable lean and fat, raw",,,MEAT,113.0,22.88,0.0,1.71,,USDA_FDC_SR_LEGACY,10963,2018-04,True,
"Pork, Shoulder breast, boneless, separable lean and fat, cooked, broiled",,,MEAT,162.0,28.47,0.0,4.49,,USDA_FDC_SR_LEGACY,10959,2018-04,True,
"Pork, Shoulder breast, boneless, separable lean and fat, raw",,,MEAT,127.0,22.54,0.0,3.4,,USDA_FDC_SR_LEGACY,10958,2018-04,True,
"Pork, Shoulder petite tender, boneless, separable lean and fat, raw",,,MEAT,128.0,21.65,0.0,3.91,,USDA_FDC_SR_LEGACY,10961,2018-04,True,
"Pork, bacon, rendered fat, cooked",,,MEAT,898.0,0.07,0.0,99.5,,USDA_FDC_SR_LEGACY,10864,2018-04,True,
"Pork, cured, bacon, cooked, baked",,,MEAT,548.0,35.73,1.35,43.27,,USDA_FDC_SR_LEGACY,10860,2018-04,True,
"Pork, cured, bacon, cooked, broiled, pan-fried or roasted, reduced sodium",,,MEAT,541.0,37.04,1.43,41.78,,USDA_FDC_SR_LEGACY,43378,2018-04,True,
"Pork, cured, bacon, cooked, microwaved",,,MEAT,476.0,39.01,0.48,34.12,,USDA_FDC_SR_LEGACY,10861,2018-04,True,
"Pork, cured, bacon, cooked, restaurant",,,MEAT,512.0,40.9,2.1,36.5,,USDA_FDC_FOUNDATION,10896,2026-04-30,True,
"Pork, cured, bacon, pre-sliced, cooked, pan-fried",,,MEAT,468.0,33.92,1.7,35.09,,USDA_FDC_SR_LEGACY,10862,2018-04,True,
"Pork, cured, bacon, unprepared",,,MEAT,393.0,13.66,0.0,37.13,,USDA_FDC_SR_LEGACY,10123,2018-04,True,
"Pork, cured, breakfast strips, raw or unheated",,,MEAT,388.0,11.74,0.7,37.16,,USDA_FDC_SR_LEGACY,10128,2018-04,True,
"Pork, cured, feet, pickled",,,MEAT,140.0,11.63,0.01,10.02,,USDA_FDC_SR_LEGACY,10132,2018-04,True,
"Pork, cured, ham -- water added, rump, bone-in, separable lean and fat, heated, roasted",,,MEAT,161.0,20.1,0.99,8.56,,USDA_FDC_SR_LEGACY,10913,2018-04,True,
"Pork, cured, ham -- water added, rump, bone-in, separable lean and fat, unheated",,,MEAT,172.0,13.99,0.8,12.5,,USDA_FDC_SR_LEGACY,10912,2018-04,True,
"Pork, cured, ham -- water added, rump, bone-in, separable lean only, heated, roasted",,,MEAT,121.0,21.41,0.87,3.56,,USDA_FDC_SR_LEGACY,10865,2018-04,True,
"Pork, cured, ham -- water added, rump, bone-in, separable lean only, unheated",,,MEAT,95.0,15.43,0.67,3.48,,USDA_FDC_SR_LEGACY,10866,2018-04,True,
"Pork, cured, ham -- water added, shank, bone-in, separable lean and fat, heated, roasted",,,MEAT,200.0,18.62,1.35,13.37,,USDA_FDC_SR_LEGACY,10914,2018-04,True,
"Pork, cured, ham -- water added, shank, bone-in, separable lean and fat, unheated",,,MEAT,167.0,16.65,0.66,11.02,,USDA_FDC_SR_LEGACY,10911,2018-04,True,
"Pork, cured, ham -- water added, shank, bone-in, separable lean only, heated, roasted",,,MEAT,128.0,20.92,1.2,4.43,,USDA_FDC_SR_LEGACY,10867,2018-04,True,
"Pork, cured, ham -- water added, shank, bone-in, separable lean only, unheated",,,MEAT,91.0,18.65,0.71,1.87,,USDA_FDC_SR_LEGACY,10885,2018-04,True,
"Pork, cured, ham -- water added, slice, bone-in, separable lean and fat, heated, pan-broil",,,MEAT,166.0,20.8,1.54,8.73,,USDA_FDC_SR_LEGACY,10915,2018-04,True,
"Pork, cured, ham -- water added, slice, bone-in, separable lean and fat, unheated",,,MEAT,164.0,15.73,1.1,10.77,,USDA_FDC_SR_LEGACY,10910,2018-04,True,
"Pork, cured, ham -- water added, slice, bone-in, separable lean only, heated, pan-broil",,,MEAT,131.0,22.04,1.48,4.3,,USDA_FDC_SR_LEGACY,10868,2018-04,True,
"Pork, cured, ham -- water added, slice, bone-in, separable lean only, unheated",,,MEAT,95.0,17.38,1.23,2.29,,USDA_FDC_SR_LEGACY,10886,2018-04,True,
"Pork, cured, ham -- water added, slice, boneless, separable lean and fat, heated, pan-broil",,,MEAT,125.0,18.62,1.72,5.05,,USDA_FDC_SR_LEGACY,10916,2018-04,True,
"Pork, cured, ham -- water added, slice, boneless, separable lean only, heated, pan-broil",,,MEAT,119.0,18.82,1.75,4.09,,USDA_FDC_SR_LEGACY,10878,2018-04,True,
"Pork, cured, ham -- water added, whole, boneless, separable lean and fat, heated, roasted",,,MEAT,126.0,17.77,1.54,5.48,,USDA_FDC_SR_LEGACY,10917,2018-04,True,
"Pork, cured, ham -- water added, whole, boneless, separable lean and fat, unheated",,,MEAT,121.0,17.06,1.42,5.38,,USDA_FDC_SR_LEGACY,10909,2018-04,True,
"Pork, cured, ham -- water added, whole, boneless, separable lean only, heated, roasted",,,MEAT,117.0,17.99,1.57,4.39,,USDA_FDC_SR_LEGACY,10879,2018-04,True,
"Pork, cured, ham -- water added, whole, boneless, separable lean only, unheated",,,MEAT,110.0,17.34,1.45,3.97,,USDA_FDC_SR_LEGACY,10880,2018-04,True,
"Pork, cured, ham and water product, rump, bone-in, separable lean and fat, heated, roasted",,,MEAT,186.0,19.46,1.15,11.48,,USDA_FDC_SR_LEGACY,10918,2018-04,True,
"Pork, cured, ham and water product, rump, bone-in, separable lean and fat, unheated",,,MEAT,179.0,16.09,1.35,12.13,,USDA_FDC_SR_LEGACY,10908,2018-04,True,
"Pork, cured, ham and water product, rump, bone-in, separable lean only, heated, roasted",,,MEAT,131.0,21.28,1.15,4.7,,USDA_FDC_SR_LEGACY,10877,2018-04,True,
"Pork, cured, ham and water product, rump, bone-in, separable lean only, unheated",,,MEAT,107.0,17.93,1.24,3.38,,USDA_FDC_SR_LEGACY,10887,2018-04,True,
"Pork, cured, ham and water product, shank, bone-in, separable lean and fat, heated, roasted",,,MEAT,234.0,18.17,1.42,17.29,,USDA_FDC_SR_LEGACY,10919,2018-04,True,
"Pork, cured, ham and water product, shank, bone-in, separable lean and fat, unheated",,,MEAT,243.0,14.28,1.42,20.0,,USDA_FDC_SR_LEGACY,10907,2018-04,True,
"Pork, cured, ham and water product, shank, bone-in, separable lean only, heated, roasted",,,MEAT,132.0,21.69,1.26,4.45,,USDA_FDC_SR_LEGACY,10881,2018-04,True,
"Pork, cured, ham and water product, shank, bone-in, unheated, separable lean only",,,MEAT,113.0,17.53,1.2,4.18,,USDA_FDC_SR_LEGACY,10889,2018-04,True,
"Pork, cured, ham and water product, slice, bone-in, separable lean and fat, heated, pan-broil",,,MEAT,155.0,19.85,1.41,7.78,,USDA_FDC_SR_LEGACY,10920,2018-04,True,
"Pork, cured, ham and water product, slice, bone-in, separable lean and fat, unheated",,,MEAT,149.0,13.69,2.72,9.29,,USDA_FDC_SR_LEGACY,10906,2018-04,True,
"Pork, cured, ham and water product, slice, bone-in, separable lean only, heated, pan-broil",,,MEAT,122.0,20.9,1.35,3.63,,USDA_FDC_SR_LEGACY,10869,2018-04,True,
"Pork, cured, ham and water product, slice, bone-in, separable lean only, unheated",,,MEAT,103.0,14.47,2.82,3.78,,USDA_FDC_SR_LEGACY,10888,2018-04,True,
"Pork, cured, ham and water product, slice, boneless, separable lean and fat, heated, pan-broil",,,MEAT,124.0,15.08,4.69,5.13,,USDA_FDC_SR_LEGACY,10921,2018-04,True,
"Pork, cured, ham and water product, slice, boneless, separable lean only, heated, pan-broil",,,MEAT,123.0,15.09,4.69,5.06,,USDA_FDC_SR_LEGACY,10870,2018-04,True,
"Pork, cured, ham and water product, whole, boneless, separable lean and fat, heated, roasted",,,MEAT,123.0,13.88,4.61,5.46,,USDA_FDC_SR_LEGACY,10922,2018-04,True,
"Pork, cured, ham and water product, whole, boneless, separable lean and fat, unheated",,,MEAT,117.0,14.05,4.21,4.99,,USDA_FDC_SR_LEGACY,10905,2018-04,True,
"Pork, cured, ham and water product, whole, boneless, separable lean only, heated, roasted",,,MEAT,123.0,13.88,4.61,5.46,,USDA_FDC_SR_LEGACY,10871,2018-04,True,
"Pork, cured, ham and water product, whole, boneless, separable lean only, unheated",,,MEAT,116.0,14.07,4.22,4.86,,USDA_FDC_SR_LEGACY,10872,2018-04,True,
"Pork, cured, ham with natural juices, rump, bone-in, separable lean and fat, heated, roasted",,,MEAT,177.0,22.47,0.6,9.39,,USDA_FDC_SR_LEGACY,10923,2018-04,True,
"Pork, cured, ham with natural juices, rump, bone-in, separable lean and fat, unheated",,,MEAT,200.0,19.7,0.43,13.26,,USDA_FDC_SR_LEGACY,10904,2018-04,True,
"Pork, cured, ham with natural juices, rump, bone-in, separable lean only, heated, roasted",,,MEAT,137.0,24.14,0.48,4.25,,USDA_FDC_SR_LEGACY,10873,2018-04,True,
"Pork, cured, ham with natural juices, rump, bone-in, separable lean only, unheated",,,MEAT,122.0,22.71,0.43,3.47,,USDA_FDC_SR_LEGACY,10890,2018-04,True,
"Pork, cured, ham with natural juices, shank, bone-in, separable lean and fat, heated, roasted",,,MEAT,191.0,22.88,0.33,10.93,,USDA_FDC_SR_LEGACY,10924,2018-04,True,
"Pork, cured, ham with natural juices, shank, bone-in, separable lean and fat, unheated",,,MEAT,191.0,22.35,0.32,11.11,,USDA_FDC_SR_LEGACY,10903,2018-04,True,
"Pork, cured, ham with natural juices, shank, bone-in, separable lean only, heated, roasted",,,MEAT,145.0,24.95,0.34,4.97,,USDA_FDC_SR_LEGACY,10874,2018-04,True,
"Pork, cured, ham with natural juices, shank, bone-in, separable lean only, unheated",,,MEAT,130.0,25.11,0.3,3.33,,USDA_FDC_SR_LEGACY,10891,2018-04,True,
"Pork, cured, ham with natural juices, slice, bone-in, separable lean and fat, heated, pan-broil",,,MEAT,180.0,26.18,0.17,8.28,,USDA_FDC_SR_LEGACY,10925,2018-04,True,
"Pork, cured, ham with natural juices, slice, bone-in, separable lean and fat, unheated",,,MEAT,159.0,22.82,0.17,7.4,,USDA_FDC_SR_LEGACY,10902,2018-04,True,
"Pork, cured, ham with natural juices, slice, bone-in, separable lean only, heated, pan-broil",,,MEAT,150.0,27.75,0.0,4.38,,USDA_FDC_SR_LEGACY,10875,2018-04,True,
"Pork, cured, ham with natural juices, slice, bone-in, separable lean only, unheated",,,MEAT,123.0,24.34,0.0,2.87,,USDA_FDC_SR_LEGACY,10892,2018-04,True,
"Pork, cured, ham with natural juices, slice, boneless, separable lean and fat, heated, pan-broil",,,MEAT,118.0,20.89,1.04,3.4,,USDA_FDC_SR_LEGACY,10926,2018-04,True,
"Pork, cured, ham with natural juices, slice, boneless, separable lean only, heated, pan-broil",,,MEAT,116.0,20.95,1.05,3.16,,USDA_FDC_SR_LEGACY,10882,2018-04,True,
"Pork, cured, ham with natural juices, spiral slice, boneless, separable lean and fat, heated, roasted",,,MEAT,139.0,22.18,1.06,5.1,,USDA_FDC_SR_LEGACY,10927,2018-04,True,
"Pork, cured, ham with natural juices, spiral slice, boneless, separable lean and fat, unheated",,,MEAT,129.0,18.66,1.18,5.75,,USDA_FDC_SR_LEGACY,10901,2018-04,True,
"Pork, cured, ham with natural juices, spiral slice, boneless, separable lean only, unheated",,,MEAT,109.0,19.25,1.22,3.26,,USDA_FDC_SR_LEGACY,10893,2018-04,True,
"Pork, cured, ham with natural juices, spiral slice, meat only, boneless, separable lean only, heated, roasted",,,MEAT,126.0,22.56,1.08,3.78,,USDA_FDC_SR_LEGACY,10876,2018-04,True,
"Pork, cured, ham with natural juices, whole, boneless, separable lean and fat, heated, roasted",,,MEAT,114.0,20.54,0.84,3.13,,USDA_FDC_SR_LEGACY,10928,2018-04,True,
"Pork, cured, ham with natural juices, whole, boneless, separable lean and fat, unheated",,,MEAT,112.0,19.38,1.02,3.43,,USDA_FDC_SR_LEGACY,10900,2018-04,True,
"Pork, cured, ham with natural juices, whole, boneless, separable lean only, heated, roasted",,,MEAT,113.0,20.57,0.84,3.01,,USDA_FDC_SR_LEGACY,10883,2018-04,True,
"Pork, cured, ham with natural juices, whole, boneless, separable lean only, unheated",,,MEAT,111.0,19.44,1.03,3.21,,USDA_FDC_SR_LEGACY,10884,2018-04,True,
"Pork, cured, ham, boneless, extra lean (approximately 5% fat), roasted",,,MEAT,145.0,20.93,1.5,5.53,,USDA_FDC_SR_LEGACY,10134,2018-04,True,
"Pork, cured, ham, boneless, extra lean and regular, roasted",,,MEAT,165.0,21.97,0.5,7.66,,USDA_FDC_SR_LEGACY,10183,2018-04,True,
"Pork, cured, ham, boneless, extra lean and regular, unheated",,,MEAT,162.0,18.26,2.28,8.39,,USDA_FDC_SR_LEGACY,10182,2018-04,True,
"Pork, cured, ham, boneless, low sodium, extra lean (approximately 5% fat), roasted",,,MEAT,145.0,20.9,1.5,5.5,,USDA_FDC_SR_LEGACY,43327,2018-04,True,
"Pork, cured, ham, boneless, low sodium, extra lean and regular, roasted",,,MEAT,165.0,22.0,0.5,7.7,,USDA_FDC_SR_LEGACY,43325,2018-04,True,
"Pork, cured, ham, boneless, regular (approximately 11% fat), roasted",,,MEAT,178.0,22.62,0.0,9.02,,USDA_FDC_SR_LEGACY,10136,2018-04,True,
"Pork, cured, ham, center slice, country-style, separable lean only, raw",,,MEAT,195.0,27.8,0.3,8.32,,USDA_FDC_SR_LEGACY,10141,2018-04,True,
"Pork, cured, ham, center slice, separable lean and fat, unheated",,,MEAT,203.0,20.17,0.05,12.9,,USDA_FDC_SR_LEGACY,10142,2018-04,True,
"Pork, cured, ham, extra lean (approximately 4% fat), canned, roasted",,,MEAT,136.0,21.16,0.52,4.88,,USDA_FDC_SR_LEGACY,10138,2018-04,True,
"Pork, cured, ham, extra lean (approximately 4% fat), canned, unheated",,,MEAT,120.0,18.49,0.0,4.56,,USDA_FDC_SR_LEGACY,10137,2018-04,True,
"Pork, cured, ham, extra lean and regular, canned, roasted",,,MEAT,167.0,20.94,0.49,8.43,,USDA_FDC_SR_LEGACY,10185,2018-04,True,
"Pork, cured, ham, extra lean and regular, canned, unheated",,,MEAT,144.0,17.97,0.0,7.46,,USDA_FDC_SR_LEGACY,10184,2018-04,True,
"Pork, cured, ham, low sodium, lean and fat, cooked",,,MEAT,172.0,22.3,0.3,8.3,,USDA_FDC_SR_LEGACY,43326,2018-04,True,
"Pork, cured, ham, patties, unheated",,,MEAT,315.0,12.78,1.69,28.19,,USDA_FDC_SR_LEGACY,10146,2018-04,True,
"Pork, cured, ham, regular (approximately 13% fat), canned, roasted",,,MEAT,226.0,20.53,0.42,15.2,,USDA_FDC_SR_LEGACY,10140,2018-04,True,
"Pork, cured, ham, rump, bone-in, separable lean and fat, heated, roasted",,,MEAT,177.0,23.95,0.64,8.88,,USDA_FDC_SR_LEGACY,10929,2018-04,True,
"Pork, cured, ham, rump, bone-in, separable lean and fat, unheated",,,MEAT,176.0,22.27,0.52,9.38,,USDA_FDC_SR_LEGACY,10955,2018-04,True,
"Pork, cured, ham, rump, bone-in, separable lean only, heated, roasted",,,MEAT,132.0,26.02,0.68,3.07,,USDA_FDC_SR_LEGACY,10931,2018-04,True,
"Pork, cured, ham, rump, bone-in, separable lean only, unheated",,,MEAT,125.0,24.46,0.32,2.92,,USDA_FDC_SR_LEGACY,10932,2018-04,True,
"Pork, cured, ham, separable fat, boneless, heated",,,MEAT,507.0,8.77,2.0,51.57,,USDA_FDC_SR_LEGACY,10894,2018-04,True,
"Pork, cured, ham, separable fat, boneless, unheated",,,MEAT,515.0,7.5,1.87,53.0,,USDA_FDC_SR_LEGACY,10895,2018-04,True,
"Pork, cured, ham, shank, bone-in, separable lean and fat, heated, roasted",,,MEAT,191.0,24.39,0.64,9.35,,USDA_FDC_SR_LEGACY,10935,2018-04,True,
"Pork, cured, ham, shank, bone-in, separable lean and fat, unheated",,,MEAT,177.0,21.61,0.41,9.85,,USDA_FDC_SR_LEGACY,10936,2018-04,True,
"Pork, cured, ham, shank, bone-in, separable lean only, heated, roasted",,,MEAT,139.0,26.49,0.68,3.68,,USDA_FDC_SR_LEGACY,10933,2018-04,True,
"Pork, cured, ham, shank, bone-in, separable lean only, unheated",,,MEAT,125.0,23.79,0.18,3.19,,USDA_FDC_SR_LEGACY,10934,2018-04,True,
"Pork, cured, ham, slice, bone-in, separable lean and fat, heated, pan-broil",,,MEAT,181.0,25.48,0.7,8.48,,USDA_FDC_SR_LEGACY,10937,2018-04,True,
"Pork, cured, ham, slice, bone-in, separable lean and fat, unheated",,,MEAT,173.0,22.45,0.21,9.17,,USDA_FDC_SR_LEGACY,10939,2018-04,True,
"Pork, cured, ham, slice, bone-in, separable lean only, heated, pan-broil",,,MEAT,148.0,27.18,0.74,4.09,,USDA_FDC_SR_LEGACY,10899,2018-04,True,
"Pork, cured, ham, slice, bone-in, separable lean only, unheated",,,MEAT,130.0,24.36,0.0,3.59,,USDA_FDC_SR_LEGACY,10938,2018-04,True,
"Pork, cured, ham, steak, boneless, extra lean, unheated",,,MEAT,122.0,19.56,0.0,4.25,,USDA_FDC_SR_LEGACY,10149,2018-04,True,
"Pork, cured, ham, whole, separable lean and fat, unheated",,,MEAT,246.0,18.49,0.06,18.52,,USDA_FDC_SR_LEGACY,10150,2018-04,True,
"Pork, cured, ham, whole, separable lean only, roasted",,,MEAT,157.0,25.05,0.0,5.5,,USDA_FDC_SR_LEGACY,10153,2018-04,True,
"Pork, cured, ham, whole, separable lean only, unheated",,,MEAT,147.0,22.32,0.05,5.71,,USDA_FDC_SR_LEGACY,10152,2018-04,True,
"Pork, cured, salt pork, raw",,,MEAT,748.0,5.05,0.0,80.5,,USDA_FDC_SR_LEGACY,10165,2018-04,True,
"Pork, cured, separable fat (from ham and arm picnic), roasted",,,MEAT,591.0,7.64,0.0,61.86,,USDA_FDC_SR_LEGACY,10167,2018-04,True,
"Pork, cured, separable fat (from ham and arm picnic), unheated",,,MEAT,579.0,5.68,0.09,61.41,,USDA_FDC_SR_LEGACY,10166,2018-04,True,
"Pork, cured, shoulder, arm picnic, separable lean and fat, roasted",,,MEAT,280.0,20.43,0.0,21.35,,USDA_FDC_SR_LEGACY,10168,2018-04,True,
"Pork, cured, shoulder, arm picnic, separable lean only, roasted",,,MEAT,170.0,24.94,0.0,7.04,,USDA_FDC_SR_LEGACY,10169,2018-04,True,
"Pork, cured, shoulder, blade roll, separable lean and fat, roasted",,,MEAT,287.0,17.28,0.37,23.48,,USDA_FDC_SR_LEGACY,10171,2018-04,True,
"Pork, cured, shoulder, blade roll, separable lean and fat, unheated",,,MEAT,269.0,16.47,0.0,21.98,,USDA_FDC_SR_LEGACY,10170,2018-04,True,
"Pork, fresh, backfat, raw",,,MEAT,812.0,2.92,0.0,88.69,,USDA_FDC_SR_LEGACY,10004,2018-04,True,
"Pork, fresh, backribs, separable lean and fat, cooked, roasted",,,MEAT,292.0,23.01,0.0,21.51,,USDA_FDC_SR_LEGACY,10193,2018-04,True,
"Pork, fresh, backribs, separable lean and fat, raw",,,MEAT,224.0,19.07,0.0,16.33,,USDA_FDC_SR_LEGACY,10192,2018-04,True,
"Pork, fresh, belly, raw",,,MEAT,518.0,9.34,0.0,53.01,,USDA_FDC_SR_LEGACY,10005,2018-04,True,
"Pork, fresh, blade, (chops), boneless, separable lean and fat, cooked, broiled",,,MEAT,202.0,24.73,0.83,11.13,,USDA_FDC_SR_LEGACY,10988,2018-04,True,
"Pork, fresh, carcass, separable lean and fat, raw",,,MEAT,376.0,13.91,0.0,35.07,,USDA_FDC_SR_LEGACY,10001,2018-04,True,
"Pork, fresh, composite of separable fat, with added solution, cooked",,,MEAT,585.0,10.06,0.32,60.42,,USDA_FDC_SR_LEGACY,10000,2018-04,True,
"Pork, fresh, composite of separable fat, with added solution, raw",,,MEAT,508.0,9.27,0.0,52.33,,USDA_FDC_SR_LEGACY,10942,2018-04,True,
"Pork, fresh, composite of trimmed leg, loin, shoulder, and spareribs, (includes cuts to be cured), separable lean and fat, raw",,,MEAT,211.0,18.22,0.0,14.79,,USDA_FDC_SR_LEGACY,10003,2018-04,True,
"Pork, fresh, composite of trimmed retail cuts (leg, loin, and shoulder), separable lean only, cooked",,,MEAT,201.0,27.51,0.0,9.21,,USDA_FDC_SR_LEGACY,10093,2018-04,True,
"Pork, fresh, composite of trimmed retail cuts (leg, loin, shoulder), separable lean only, raw",,,MEAT,134.0,21.2,0.0,4.86,,USDA_FDC_SR_LEGACY,10002,2018-04,True,
"Pork, fresh, composite of trimmed retail cuts (leg, loin, shoulder, and spareribs), separable lean and fat, cooked",,,MEAT,238.0,26.36,0.0,13.89,,USDA_FDC_SR_LEGACY,10188,2018-04,True,
"Pork, fresh, composite of trimmed retail cuts (leg, loin, shoulder, and spareribs), separable lean and fat, raw",,,MEAT,216.0,18.95,0.0,14.95,,USDA_FDC_SR_LEGACY,10187,2018-04,True,
"Pork, fresh, composite of trimmed retail cuts (loin and shoulder blade), separable lean and fat, cooked",,,MEAT,235.0,26.07,0.0,13.66,,USDA_FDC_SR_LEGACY,10227,2018-04,True,
"Pork, fresh, composite of trimmed retail cuts (loin and shoulder blade), separable lean and fat, raw",,,MEAT,177.0,20.08,0.0,10.14,,USDA_FDC_SR_LEGACY,10226,2018-04,True,
"Pork, fresh, composite of trimmed retail cuts (loin and shoulder blade), separable lean only, cooked",,,MEAT,211.0,29.47,0.0,9.44,,USDA_FDC_SR_LEGACY,10229,2018-04,True,
"Pork, fresh, composite of trimmed retail cuts (loin and shoulder blade), separable lean only, raw",,,MEAT,144.0,21.23,0.0,5.88,,USDA_FDC_SR_LEGACY,10228,2018-04,True,
"Pork, fresh, enhanced, loin, tenderloin, separable lean only, raw",,,MEAT,106.0,20.39,0.0,2.09,,USDA_FDC_SR_LEGACY,10944,2018-04,True,
"Pork, fresh, ground, cooked",,,MEAT,297.0,25.69,0.0,20.77,,USDA_FDC_SR_LEGACY,10220,2018-04,True,
"Pork, fresh, ground, raw",,,MEAT,263.0,16.88,0.0,21.19,,USDA_FDC_SR_LEGACY,10219,2018-04,True,
"Pork, fresh, leg (ham), rump half, separable lean and fat, cooked, roasted",,,MEAT,209.0,27.03,0.0,10.32,,USDA_FDC_SR_LEGACY,10013,2018-04,True,
"Pork, fresh, leg (ham), rump half, separable lean and fat, raw",,,MEAT,182.0,20.27,0.0,10.63,,USDA_FDC_SR_LEGACY,10012,2018-04,True,
"Pork, fresh, leg (ham), rump half, separable lean only, cooked, roasted",,,MEAT,165.0,28.86,0.0,4.62,,USDA_FDC_SR_LEGACY,10015,2018-04,True,
"Pork, fresh, leg (ham), rump half, separable lean only, raw (Includes foods for USDA's Food Distribution Program)",,,MEAT,120.0,21.81,0.0,2.93,,USDA_FDC_SR_LEGACY,10014,2018-04,True,
"Pork, fresh, leg (ham), shank half, separable lean and fat, cooked, roasted",,,MEAT,232.0,25.96,0.0,13.42,,USDA_FDC_SR_LEGACY,10017,2018-04,True,
"Pork, fresh, leg (ham), shank half, separable lean and fat, raw",,,MEAT,193.0,19.87,0.0,11.96,,USDA_FDC_SR_LEGACY,10016,2018-04,True,
"Pork, fresh, leg (ham), shank half, separable lean only, cooked, roasted",,,MEAT,175.0,28.69,0.0,5.83,,USDA_FDC_SR_LEGACY,10019,2018-04,True,
"Pork, fresh, leg (ham), shank half, separable lean only, raw",,,MEAT,119.0,21.66,0.0,2.95,,USDA_FDC_SR_LEGACY,10018,2018-04,True,
"Pork, fresh, leg (ham), whole, separable lean and fat, cooked, roasted",,,MEAT,273.0,26.83,0.0,17.61,,USDA_FDC_SR_LEGACY,10009,2018-04,True,
"Pork, fresh, leg (ham), whole, separable lean and fat, raw",,,MEAT,245.0,17.43,0.0,18.87,,USDA_FDC_SR_LEGACY,10008,2018-04,True,
"Pork, fresh, leg (ham), whole, separable lean only, cooked, roasted",,,MEAT,211.0,29.41,0.0,9.44,,USDA_FDC_SR_LEGACY,10011,2018-04,True,
"Pork, fresh, leg (ham), whole, separable lean only, raw",,,MEAT,136.0,20.48,0.0,5.41,,USDA_FDC_SR_LEGACY,10010,2018-04,True,
"Pork, fresh, loin, blade (chops or roasts), bone-in, separable lean and fat, raw",,,MEAT,194.0,19.56,0.0,12.27,,USDA_FDC_SR_LEGACY,10028,2018-04,True,
"Pork, fresh, loin, blade (chops or roasts), bone-in, separable lean only, raw",,,MEAT,143.0,21.22,0.0,5.84,,USDA_FDC_SR_LEGACY,10032,2018-04,True,
"Pork, fresh, loin, blade (chops or roasts), boneless, separable lean and fat only, raw",,,MEAT,157.0,20.54,0.76,7.94,,USDA_FDC_SR_LEGACY,10989,2018-04,True,
"Pork, fresh, loin, blade (chops or roasts), boneless, separable lean only, raw",,,MEAT,123.0,21.35,0.82,3.78,,USDA_FDC_SR_LEGACY,10982,2018-04,True,
"Pork, fresh, loin, blade (chops), bone-in, separable lean and fat, cooked, braised",,,MEAT,255.0,26.54,0.0,15.71,,USDA_FDC_SR_LEGACY,10029,2018-04,True,
"Pork, fresh, loin, blade (chops), bone-in, separable lean and fat, cooked, broiled",,,MEAT,231.0,23.72,0.0,14.35,,USDA_FDC_SR_LEGACY,10030,2018-04,True,
"Pork, fresh, loin, blade (chops), bone-in, separable lean and fat, cooked, pan-fried",,,MEAT,256.0,25.02,0.0,16.56,,USDA_FDC_SR_LEGACY,10178,2018-04,True,
"Pork, fresh, loin, blade (chops), bone-in, separable lean only, cooked, braised",,,MEAT,222.0,28.02,0.0,11.29,,USDA_FDC_SR_LEGACY,10033,2018-04,True,
"Pork, fresh, loin, blade (chops), bone-in, separable lean only, cooked, broiled",,,MEAT,193.0,24.99,0.0,9.56,,USDA_FDC_SR_LEGACY,10034,2018-04,True,
"Pork, fresh, loin, blade (chops), bone-in, separable lean only, cooked, pan-fried",,,MEAT,222.0,26.38,0.0,12.14,,USDA_FDC_SR_LEGACY,10120,2018-04,True,
"Pork, fresh, loin, blade (chops), boneless, separable lean only, boneless, cooked, broiled",,,MEAT,169.0,26.14,0.89,6.74,,USDA_FDC_SR_LEGACY,10984,2018-04,True,
"Pork, fresh, loin, blade (roasts), bone-in, separable lean and fat, cooked, roasted",,,MEAT,254.0,24.29,0.0,16.71,,USDA_FDC_SR_LEGACY,10031,2018-04,True,
"Pork, fresh, loin, blade (roasts), bone-in, separable lean only, cooked, roasted",,,MEAT,217.0,25.7,0.0,11.89,,USDA_FDC_SR_LEGACY,10035,2018-04,True,
"Pork, fresh, loin, blade (roasts), boneless, separable lean and fat, cooked, roasted",,,MEAT,199.0,26.48,0.0,10.32,,USDA_FDC_SR_LEGACY,10990,2018-04,True,
"Pork, fresh, loin, blade (roasts), boneless, separable lean only, cooked, roasted",,,MEAT,175.0,27.58,0.0,7.14,,USDA_FDC_SR_LEGACY,10983,2018-04,True,
"Pork, fresh, loin, center loin (chops), bone-in, separable lean and fat, cooked, braised",,,MEAT,242.0,28.21,0.0,13.51,,USDA_FDC_SR_LEGACY,10037,2018-04,True,
"Pork, fresh, loin, center loin (chops), bone-in, separable lean and fat, cooked, broiled",,,MEAT,209.0,25.61,0.0,11.06,,USDA_FDC_SR_LEGACY,10038,2018-04,True,
"Pork, fresh, loin, center loin (chops), bone-in, separable lean and fat, cooked, pan-fried",,,MEAT,238.0,27.63,0.0,13.32,,USDA_FDC_SR_LEGACY,10179,2018-04,True,
"Pork, fresh, loin, center loin (chops), bone-in, separable lean and fat, raw",,,MEAT,170.0,20.71,0.0,9.03,,USDA_FDC_SR_LEGACY,10036,2018-04,True,
"Pork, fresh, loin, center loin (chops), bone-in, separable lean only, cooked, braised",,,MEAT,200.0,30.2,0.0,7.86,,USDA_FDC_SR_LEGACY,10041,2018-04,True,
"Pork, fresh, loin, center loin (chops), bone-in, separable lean only, cooked, broiled",,,MEAT,180.0,26.76,0.0,7.29,,USDA_FDC_SR_LEGACY,10042,2018-04,True,
"Pork, fresh, loin, center loin (chops), bone-in, separable lean only, cooked, pan-fried",,,MEAT,195.0,29.56,0.0,7.66,,USDA_FDC_SR_LEGACY,10176,2018-04,True,
"Pork, fresh, loin, center loin (chops), bone-in, separable lean only, raw",,,MEAT,127.0,21.99,0.0,3.71,,USDA_FDC_SR_LEGACY,10040,2018-04,True,
"Pork, fresh, loin, center loin (chops), boneless, separable lean and fat, cooked, pan-broiled",,,MEAT,229.0,26.68,0.0,13.6,,USDA_FDC_SR_LEGACY,10189,2018-04,True,
"Pork, fresh, loin, center loin (chops), boneless, separable lean and fat, raw",,,MEAT,201.0,21.14,0.0,12.96,,USDA_FDC_SR_LEGACY,10164,2018-04,True,
"Pork, fresh, loin, center loin (chops), boneless, separable lean only, cooked, pan-broiled",,,MEAT,162.0,30.02,0.0,4.65,,USDA_FDC_SR_LEGACY,10163,2018-04,True,
"Pork, fresh, loin, center loin (chops), boneless, separable lean only, raw",,,MEAT,123.0,23.75,0.0,3.09,,USDA_FDC_SR_LEGACY,10094,2018-04,True,
"Pork, fresh, loin, center loin (roasts), bone-in, separable lean and fat, cooked, roasted",,,MEAT,231.0,27.01,0.0,12.8,,USDA_FDC_SR_LEGACY,10039,2018-04,True,
"Pork, fresh, loin, center loin (roasts), bone-in, separable lean only, cooked, roasted",,,MEAT,194.0,28.58,0.0,7.95,,USDA_FDC_SR_LEGACY,10043,2018-04,True,
"Pork, fresh, loin, center rib (chops or roasts), bone-in, separable lean and fat, raw",,,MEAT,186.0,20.28,0.0,11.04,,USDA_FDC_SR_LEGACY,10044,2018-04,True,
"Pork, fresh, loin, center rib (chops or roasts), bone-in, separable lean only, raw",,,MEAT,136.0,21.79,0.0,4.8,,USDA_FDC_SR_LEGACY,10048,2018-04,True,
"Pork, fresh, loin, center rib (chops or roasts), boneless, separable lean and fat, raw",,,MEAT,211.0,19.9,0.0,14.01,,USDA_FDC_SR_LEGACY,10194,2018-04,True,
"Pork, fresh, loin, center rib (chops or roasts), boneless, separable lean only, raw",,,MEAT,152.0,21.8,0.0,6.48,,USDA_FDC_SR_LEGACY,10199,2018-04,True,
"Pork, fresh, loin, center rib (chops), bone-in, separable lean and fat, cooked, braised",,,MEAT,261.0,26.66,0.0,16.28,,USDA_FDC_SR_LEGACY,10045,2018-04,True,
"Pork, fresh, loin, center rib (chops), bone-in, separable lean and fat, cooked, broiled",,,MEAT,222.0,24.42,0.0,13.04,,USDA_FDC_SR_LEGACY,10046,2018-04,True,
"Pork, fresh, loin, center rib (chops), bone-in, separable lean and fat, cooked, pan-fried",,,MEAT,256.0,26.81,0.0,15.71,,USDA_FDC_SR_LEGACY,10180,2018-04,True,
"Pork, fresh, loin, center rib (chops), bone-in, separable lean only, cooked, braised",,,MEAT,208.0,29.03,0.0,9.32,,USDA_FDC_SR_LEGACY,10049,2018-04,True,
"Pork, fresh, loin, center rib (chops), bone-in, separable lean only, cooked, broiled",,,MEAT,186.0,25.79,0.0,8.36,,USDA_FDC_SR_LEGACY,10050,2018-04,True,
"Pork, fresh, loin, center rib (chops), bone-in, separable lean only, cooked, pan-fried",,,MEAT,211.0,28.84,0.0,9.73,,USDA_FDC_SR_LEGACY,10177,2018-04,True,
"Pork, fresh, loin, center rib (chops), boneless, separable lean and fat, cooked, braised",,,MEAT,255.0,26.29,0.0,15.79,,USDA_FDC_SR_LEGACY,10195,2018-04,True,
"Pork, fresh, loin, center rib (chops), boneless, separable lean and fat, cooked, broiled",,,MEAT,260.0,27.63,0.0,15.76,,USDA_FDC_SR_LEGACY,10196,2018-04,True,
"Pork, fresh, loin, center rib (chops), boneless, separable lean and fat, cooked, pan-fried",,,MEAT,273.0,25.82,0.0,18.05,,USDA_FDC_SR_LEGACY,10197,2018-04,True,
"Pork, fresh, loin, center rib (chops), boneless, separable lean only, cooked, braised",,,MEAT,211.0,27.95,0.0,10.14,,USDA_FDC_SR_LEGACY,10200,2018-04,True,
"Pork, fresh, loin, center rib (chops), boneless, separable lean only, cooked, broiled",,,MEAT,216.0,29.46,0.0,10.05,,USDA_FDC_SR_LEGACY,10201,2018-04,True,
"Pork, fresh, loin, center rib (chops), boneless, separable lean only, cooked, pan-fried",,,MEAT,224.0,27.68,0.0,11.8,,USDA_FDC_SR_LEGACY,10202,2018-04,True,
"Pork, fresh, loin, center rib (roasts), bone-in, separable lean and fat, cooked, roasted",,,MEAT,248.0,26.99,0.0,14.68,,USDA_FDC_SR_LEGACY,10047,2018-04,True,
"Pork, fresh, loin, center rib (roasts), bone-in, separable lean only, cooked, roasted",,,MEAT,206.0,28.82,0.0,9.21,,USDA_FDC_SR_LEGACY,10051,2018-04,True,
"Pork, fresh, loin, center rib (roasts), boneless, separable lean and fat, cooked, roasted",,,MEAT,252.0,26.99,0.0,15.15,,USDA_FDC_SR_LEGACY,10198,2018-04,True,
"Pork, fresh, loin, center rib (roasts), boneless, separable lean only, cooked, roasted",,,MEAT,214.0,28.81,0.0,10.13,,USDA_FDC_SR_LEGACY,10203,2018-04,True,
"Pork, fresh, loin, country-style ribs, separable lean and fat, bone-in, cooked, broiled",,,MEAT,260.0,25.58,0.0,17.56,,USDA_FDC_SR_LEGACY,10992,2018-04,True,
"Pork, fresh, loin, country-style ribs, separable lean and fat, bone-in, cooked, roasted",,,MEAT,359.0,21.75,0.0,29.46,,USDA_FDC_SR_LEGACY,10206,2018-04,True,
"Pork, fresh, loin, country-style ribs, separable lean and fat, boneless, cooked, broiled",,,MEAT,247.0,26.28,0.0,15.73,,USDA_FDC_SR_LEGACY,10991,2018-04,True,
"Pork, fresh, loin, country-style ribs, separable lean and fat, boneless, cooked, roasted",,,MEAT,270.0,26.4,0.0,18.31,,USDA_FDC_SR_LEGACY,10993,2018-04,True,
"Pork, fresh, loin, country-style ribs, separable lean and fat, cooked, braised",,,MEAT,273.0,26.49,0.0,17.71,,USDA_FDC_SR_LEGACY,10205,2018-04,True,
"Pork, fresh, loin, country-style ribs, separable lean and fat, raw",,,MEAT,189.0,19.34,0.0,11.82,,USDA_FDC_SR_LEGACY,10204,2018-04,True,
"Pork, fresh, loin, country-style ribs, separable lean only, bone-in, cooked, broiled",,,MEAT,216.0,27.83,0.0,11.65,,USDA_FDC_SR_LEGACY,10986,2018-04,True,
"Pork, fresh, loin, country-style ribs, separable lean only, bone-in, cooked, roasted",,,MEAT,227.0,29.2,0.0,11.38,,USDA_FDC_SR_LEGACY,10209,2018-04,True,
"Pork, fresh, loin, country-style ribs, separable lean only, boneless, cooked, broiled",,,MEAT,216.0,27.83,0.0,11.65,,USDA_FDC_SR_LEGACY,10985,2018-04,True,
"Pork, fresh, loin, country-style ribs, separable lean only, boneless, cooked, roasted",,,MEAT,219.0,29.2,0.0,11.38,,USDA_FDC_SR_LEGACY,10987,2018-04,True,
"Pork, fresh, loin, country-style ribs, separable lean only, cooked, braised",,,MEAT,247.0,27.74,0.0,14.26,,USDA_FDC_SR_LEGACY,10208,2018-04,True,
"Pork, fresh, loin, country-style ribs, separable lean only, raw",,,MEAT,140.0,20.76,0.0,5.64,,USDA_FDC_SR_LEGACY,10207,2018-04,True,
"Pork, fresh, loin, sirloin (chops or roasts), bone-in, separable lean and fat, raw",,,MEAT,168.0,20.48,0.0,8.96,,USDA_FDC_SR_LEGACY,10052,2018-04,True,
"Pork, fresh, loin, sirloin (chops or roasts), bone-in, separable lean only, raw",,,MEAT,129.0,21.65,0.0,4.02,,USDA_FDC_SR_LEGACY,10056,2018-04,True,
"Pork, fresh, loin, sirloin (chops or roasts), boneless, separable lean and fat, raw",,,MEAT,133.0,22.49,0.0,4.05,,USDA_FDC_SR_LEGACY,10210,2018-04,True,
"Pork, fresh, loin, sirloin (chops or roasts), boneless, separable lean only, raw",,,MEAT,121.0,22.81,0.0,2.59,,USDA_FDC_SR_LEGACY,10214,2018-04,True,
"Pork, fresh, loin, sirloin (chops), bone-in, separable lean and fat, cooked, braised",,,MEAT,234.0,28.81,0.0,12.31,,USDA_FDC_SR_LEGACY,10053,2018-04,True,
"Pork, fresh, loin, sirloin (chops), bone-in, separable lean and fat, cooked, broiled",,,MEAT,222.0,26.96,0.0,11.82,,USDA_FDC_SR_LEGACY,10054,2018-04,True,
"Pork, fresh, loin, sirloin (chops), bone-in, separable lean only, cooked, braised",,,MEAT,195.0,31.0,0.0,6.9,,USDA_FDC_SR_LEGACY,10057,2018-04,True,
"Pork, fresh, loin, sirloin (chops), bone-in, separable lean only, cooked, broiled",,,MEAT,174.0,29.29,0.0,5.45,,USDA_FDC_SR_LEGACY,10058,2018-04,True,
"Pork, fresh, loin, sirloin (chops), boneless, separable lean and fat, cooked, braised",,,MEAT,171.0,28.41,0.0,5.47,,USDA_FDC_SR_LEGACY,10211,2018-04,True,
"Pork, fresh, loin, sirloin (chops), boneless, separable lean and fat, cooked, broiled",,,MEAT,170.0,28.19,0.0,5.53,,USDA_FDC_SR_LEGACY,10212,2018-04,True,
"Pork, fresh, loin, sirloin (chops), boneless, separable lean only, cooked, braised",,,MEAT,163.0,28.75,0.0,4.5,,USDA_FDC_SR_LEGACY,10215,2018-04,True,
"Pork, fresh, loin, sirloin (chops), boneless, separable lean only, cooked, broiled",,,MEAT,161.0,28.6,0.0,4.36,,USDA_FDC_SR_LEGACY,10216,2018-04,True,
"Pork, fresh, loin, sirloin (roasts), bone-in, separable lean and fat, cooked, roasted",,,MEAT,230.0,26.64,0.0,12.87,,USDA_FDC_SR_LEGACY,10055,2018-04,True,
"Pork, fresh, loin, sirloin (roasts), bone-in, separable lean only, cooked, roasted",,,MEAT,204.0,27.78,0.0,9.44,,USDA_FDC_SR_LEGACY,10059,2018-04,True,
"Pork, fresh, loin, sirloin (roasts), boneless, separable lean and fat, cooked, roasted",,,MEAT,192.0,29.62,0.0,7.32,,USDA_FDC_SR_LEGACY,10213,2018-04,True,
"Pork, fresh, loin, sirloin (roasts), boneless, separable lean only, cooked, roasted",,,MEAT,178.0,30.39,0.0,5.31,,USDA_FDC_SR_LEGACY,10217,2018-04,True,
"Pork, fresh, loin, tenderloin, separable lean and fat, cooked, broiled",,,MEAT,201.0,29.86,0.0,8.11,,USDA_FDC_SR_LEGACY,10221,2018-04,True,
"Pork, fresh, loin, tenderloin, separable lean and fat, cooked, roasted",,,MEAT,147.0,26.04,0.0,3.96,,USDA_FDC_SR_LEGACY,10222,2018-04,True,
"Pork, fresh, loin, tenderloin, separable lean and fat, raw",,,MEAT,120.0,20.65,0.0,3.53,,USDA_FDC_SR_LEGACY,10218,2018-04,True,
"Pork, fresh, loin, tenderloin, separable lean and fat, with added solution, cooked, roasted",,,MEAT,121.0,21.5,0.31,3.7,,USDA_FDC_SR_LEGACY,10952,2018-04,True,
"Pork, fresh, loin, tenderloin, separable lean and fat, with added solution, raw",,,MEAT,114.0,20.16,0.0,3.14,,USDA_FDC_SR_LEGACY,10951,2018-04,True,
"Pork, fresh, loin, tenderloin, separable lean only, cooked, broiled",,,MEAT,187.0,30.42,0.0,6.33,,USDA_FDC_SR_LEGACY,10223,2018-04,True,
"Pork, fresh, loin, tenderloin, separable lean only, cooked, roasted",,,MEAT,143.0,26.17,0.0,3.51,,USDA_FDC_SR_LEGACY,10061,2018-04,True,
"Pork, fresh, loin, tenderloin, separable lean only, raw",,,MEAT,109.0,20.95,0.0,2.17,,USDA_FDC_SR_LEGACY,10060,2018-04,True,
"Pork, fresh, loin, tenderloin, separable lean only, with added solution, cooked, roasted",,,MEAT,116.0,21.61,0.31,3.15,,USDA_FDC_SR_LEGACY,10943,2018-04,True,
"Pork, fresh, loin, top loin (chops), boneless, separable lean and fat, cooked, braised",,,MEAT,200.0,29.2,0.0,8.31,,USDA_FDC_SR_LEGACY,10063,2018-04,True,
"Pork, fresh, loin, top loin (chops), boneless, separable lean and fat, cooked, broiled",,,MEAT,196.0,26.62,0.0,9.14,,USDA_FDC_SR_LEGACY,10064,2018-04,True,
"Pork, fresh, loin, top loin (chops), boneless, separable lean and fat, cooked, pan-fried",,,MEAT,196.0,29.36,0.0,7.86,,USDA_FDC_SR_LEGACY,10186,2018-04,True,
"Pork, fresh, loin, top loin (chops), boneless, separable lean and fat, raw",,,MEAT,155.0,21.55,0.0,6.94,,USDA_FDC_SR_LEGACY,10062,2018-04,True,
"Pork, fresh, loin, top loin (chops), boneless, separable lean and fat, with added solution, cooked, broiled",,,MEAT,198.0,28.33,0.02,9.42,,USDA_FDC_SR_LEGACY,10950,2018-04,True,
"Pork, fresh, loin, top loin (chops), boneless, separable lean and fat, with added solution, cooked, pan-broiled",,,MEAT,190.0,28.35,0.0,7.66,,USDA_FDC_SR_LEGACY,10859,2018-04,True,
"Pork, fresh, loin, top loin (chops), boneless, separable lean and fat, with added solution, raw",,,MEAT,171.0,19.45,0.0,10.26,,USDA_FDC_SR_LEGACY,10949,2018-04,True,
"Pork, fresh, loin, top loin (chops), boneless, separable lean only, cooked, braised",,,MEAT,170.0,30.54,0.0,4.34,,USDA_FDC_SR_LEGACY,10067,2018-04,True,
"Pork, fresh, loin, top loin (chops), boneless, separable lean only, cooked, broiled",,,MEAT,173.0,27.58,0.0,6.08,,USDA_FDC_SR_LEGACY,10068,2018-04,True,
"Pork, fresh, loin, top loin (chops), boneless, separable lean only, cooked, pan-fried",,,MEAT,172.0,30.46,0.0,4.62,,USDA_FDC_SR_LEGACY,10181,2018-04,True,
"Pork, fresh, loin, top loin (chops), boneless, separable lean only, raw",,,MEAT,127.0,22.41,0.0,3.42,,USDA_FDC_SR_LEGACY,10066,2018-04,True,
"Pork, fresh, loin, top loin (chops), boneless, separable lean only, with added solution, cooked, broiled",,,MEAT,170.0,29.65,0.0,5.73,,USDA_FDC_SR_LEGACY,10947,2018-04,True,
"Pork, fresh, loin, top loin (chops), boneless, separable lean only, with added solution, cooked, pan-broiled",,,MEAT,169.0,28.95,0.0,5.0,,USDA_FDC_SR_LEGACY,10858,2018-04,True,
"Pork, fresh, loin, top loin (chops), boneless, separable lean only, with added solution, raw",,,MEAT,117.0,21.09,0.22,3.48,,USDA_FDC_SR_LEGACY,10948,2018-04,True,
"Pork, fresh, loin, top loin (roasts), boneless, separable lean and fat, cooked, roasted",,,MEAT,192.0,26.45,0.0,8.82,,USDA_FDC_SR_LEGACY,10065,2018-04,True,
"Pork, fresh, loin, top loin (roasts), boneless, separable lean and fat, raw",,,MEAT,166.0,21.34,0.0,8.33,,USDA_FDC_SR_LEGACY,10224,2018-04,True,
"Pork, fresh, loin, top loin (roasts), boneless, separable lean only, cooked, roasted",,,MEAT,173.0,27.23,0.0,6.28,,USDA_FDC_SR_LEGACY,10069,2018-04,True,
"Pork, fresh, loin, top loin (roasts), boneless, separable lean only, raw",,,MEAT,132.0,22.39,0.0,4.06,,USDA_FDC_SR_LEGACY,10225,2018-04,True,
"Pork, fresh, loin, whole, separable lean and fat, cooked, braised",,,MEAT,239.0,27.23,0.0,13.62,,USDA_FDC_SR_LEGACY,10021,2018-04,True,
"Pork, fresh, loin, whole, separable lean and fat, cooked, broiled",,,MEAT,242.0,27.32,0.0,13.92,,USDA_FDC_SR_LEGACY,10022,2018-04,True,
"Pork, fresh, loin, whole, separable lean and fat, cooked, roasted",,,MEAT,248.0,27.09,0.0,14.65,,USDA_FDC_SR_LEGACY,10023,2018-04,True,
"Pork, fresh, loin, whole, separable lean and fat, raw",,,MEAT,198.0,19.74,0.0,12.58,,USDA_FDC_SR_LEGACY,10020,2018-04,True,
"Pork, fresh, loin, whole, separable lean only, cooked, braised",,,MEAT,204.0,28.57,0.0,9.12,,USDA_FDC_SR_LEGACY,10025,2018-04,True,
"Pork, fresh, loin, whole, separable lean only, cooked, broiled",,,MEAT,210.0,28.57,0.0,9.8,,USDA_FDC_SR_LEGACY,10026,2018-04,True,
"Pork, fresh, loin, whole, separable lean only, cooked, roasted",,,MEAT,209.0,28.62,0.0,9.63,,USDA_FDC_SR_LEGACY,10027,2018-04,True,
"Pork, fresh, loin, whole, separable lean only, raw",,,MEAT,143.0,21.43,0.0,5.66,,USDA_FDC_SR_LEGACY,10024,2018-04,True,
"Pork, fresh, separable fat, cooked",,,MEAT,626.0,7.06,0.0,66.1,,USDA_FDC_SR_LEGACY,10007,2018-04,True,
"Pork, fresh, separable fat, raw",,,MEAT,632.0,9.25,0.0,65.7,,USDA_FDC_SR_LEGACY,10006,2018-04,True,
"Pork, fresh, shoulder, (Boston butt), blade (steaks), separable lean and fat, cooked, braised",,,MEAT,267.0,25.07,0.0,17.69,,USDA_FDC_SR_LEGACY,10081,2018-04,True,
"Pork, fresh, shoulder, (Boston butt), blade (steaks), separable lean and fat, raw",,,MEAT,186.0,17.42,0.0,12.36,,USDA_FDC_SR_LEGACY,10080,2018-04,True,
"Pork, fresh, shoulder, (Boston butt), blade (steaks), separable lean and fat, with added solution, cooked, braised",,,MEAT,263.0,25.84,0.03,16.94,,USDA_FDC_SR_LEGACY,10954,2018-04,True,
"Pork, fresh, shoulder, (Boston butt), blade (steaks), separable lean and fat,with added solution, raw",,,MEAT,169.0,17.19,0.16,11.12,,USDA_FDC_SR_LEGACY,10953,2018-04,True,
"Pork, fresh, shoulder, (Boston butt), blade (steaks), separable lean only, cooked, braised",,,MEAT,233.0,26.57,0.0,13.2,,USDA_FDC_SR_LEGACY,10085,2018-04,True,
"Pork, fresh, shoulder, (Boston butt), blade (steaks), separable lean only, raw",,,MEAT,132.0,18.73,0.0,5.71,,USDA_FDC_SR_LEGACY,10084,2018-04,True,
"Pork, fresh, shoulder, (Boston butt), blade (steaks), separable lean only, with added solution cooked, braised",,,MEAT,227.0,27.58,0.0,12.14,,USDA_FDC_SR_LEGACY,10945,2018-04,True,
"Pork, fresh, shoulder, (Boston butt), blade (steaks), separable lean only, with added solution, raw",,,MEAT,122.0,18.29,0.18,5.36,,USDA_FDC_SR_LEGACY,10946,2018-04,True,
"Pork, fresh, shoulder, arm picnic, separable lean and fat, cooked, braised",,,MEAT,235.0,24.88,0.0,14.33,,USDA_FDC_SR_LEGACY,10075,2018-04,True,
"Pork, fresh, shoulder, arm picnic, separable lean and fat, cooked, roasted",,,MEAT,317.0,23.47,0.0,24.01,,USDA_FDC_SR_LEGACY,10076,2018-04,True,
"Pork, fresh, shoulder, arm picnic, separable lean and fat, raw",,,MEAT,193.0,18.71,0.0,12.51,,USDA_FDC_SR_LEGACY,10074,2018-04,True,
"Pork, fresh, shoulder, arm picnic, separable lean only, cooked, braised",,,MEAT,194.0,26.76,0.0,8.87,,USDA_FDC_SR_LEGACY,10078,2018-04,True,
"Pork, fresh, shoulder, arm picnic, separable lean only, cooked, roasted",,,MEAT,228.0,26.68,0.0,12.62,,USDA_FDC_SR_LEGACY,10079,2018-04,True,
"Pork, fresh, shoulder, arm picnic, separable lean only, raw",,,MEAT,120.0,20.26,0.0,3.77,,USDA_FDC_SR_LEGACY,10077,2018-04,True,
"Pork, fresh, shoulder, blade, boston (roasts), separable lean and fat, cooked, roasted",,,MEAT,269.0,23.11,0.0,18.86,,USDA_FDC_SR_LEGACY,10083,2018-04,True,
"Pork, fresh, shoulder, blade, boston (roasts), separable lean only, cooked, roasted",,,MEAT,232.0,24.21,0.0,14.3,,USDA_FDC_SR_LEGACY,10087,2018-04,True,
"Pork, fresh, shoulder, blade, boston (steaks), separable lean and fat, cooked, broiled",,,MEAT,259.0,25.58,0.0,16.61,,USDA_FDC_SR_LEGACY,10082,2018-04,True,
"Pork, fresh, shoulder, blade, boston (steaks), separable lean only, cooked, broiled",,,MEAT,227.0,26.74,0.0,12.54,,USDA_FDC_SR_LEGACY,10086,2018-04,True,
"Pork, fresh, shoulder, whole, separable lean and fat, cooked, roasted",,,MEAT,292.0,23.28,0.0,21.39,,USDA_FDC_SR_LEGACY,10071,2018-04,True,
"Pork, fresh, shoulder, whole, separable lean and fat, raw",,,MEAT,236.0,17.18,0.0,17.99,,USDA_FDC_SR_LEGACY,10070,2018-04,True,
"Pork, fresh, shoulder, whole, separable lean only, cooked, roasted",,,MEAT,230.0,25.33,0.0,13.54,,USDA_FDC_SR_LEGACY,10073,2018-04,True,
"Pork, fresh, shoulder, whole, separable lean only, raw",,,MEAT,148.0,19.55,0.0,7.14,,USDA_FDC_SR_LEGACY,10072,2018-04,True,
"Pork, fresh, spareribs, separable lean and fat, cooked, braised",,,MEAT,397.0,29.06,0.0,30.3,,USDA_FDC_SR_LEGACY,10089,2018-04,True,
"Pork, fresh, spareribs, separable lean and fat, cooked, roasted",,,MEAT,361.0,20.89,0.0,30.86,,USDA_FDC_SR_LEGACY,10940,2018-04,True,
"Pork, fresh, spareribs, separable lean and fat, raw",,,MEAT,277.0,15.47,0.0,23.4,,USDA_FDC_SR_LEGACY,10088,2018-04,True,
"Pork, fresh, variety meats and by-products, brain, cooked, braised",,,MEAT,138.0,12.14,0.0,9.51,,USDA_FDC_SR_LEGACY,10097,2018-04,True,
"Pork, fresh, variety meats and by-products, brain, raw",,,MEAT,127.0,10.28,0.0,9.21,,USDA_FDC_SR_LEGACY,10096,2018-04,True,
"Pork, fresh, variety meats and by-products, chitterlings, cooked, simmered",,,MEAT,233.0,12.49,0.0,20.32,,USDA_FDC_SR_LEGACY,10099,2018-04,True,
"Pork, fresh, variety meats and by-products, chitterlings, raw",,,MEAT,182.0,7.64,0.0,16.61,,USDA_FDC_SR_LEGACY,10098,2018-04,True,
"Pork, fresh, variety meats and by-products, ears, frozen, cooked, simmered",,,MEAT,166.0,15.95,0.2,10.8,,USDA_FDC_SR_LEGACY,10101,2018-04,True,
"Pork, fresh, variety meats and by-products, ears, frozen, raw",,,MEAT,234.0,22.45,0.6,15.1,,USDA_FDC_SR_LEGACY,10100,2018-04,True,
"Pork, fresh, variety meats and by-products, feet, cooked, simmered",,,MEAT,238.0,21.94,0.0,16.05,,USDA_FDC_SR_LEGACY,10173,2018-04,True,
"Pork, fresh, variety meats and by-products, feet, raw",,,MEAT,212.0,23.16,0.0,12.59,,USDA_FDC_SR_LEGACY,10102,2018-04,True,
"Pork, fresh, variety meats and by-products, heart, cooked, braised",,,MEAT,148.0,23.6,0.4,5.05,,USDA_FDC_SR_LEGACY,10104,2018-04,True,
"Pork, fresh, variety meats and by-products, heart, raw",,,MEAT,118.0,17.27,1.33,4.36,,USDA_FDC_SR_LEGACY,10103,2018-04,True,
"Pork, fresh, variety meats and by-products, jowl, raw",,,MEAT,655.0,6.38,0.0,69.61,,USDA_FDC_SR_LEGACY,10105,2018-04,True,
"Pork, fresh, variety meats and by-products, kidneys, cooked, braised",,,MEAT,151.0,25.4,0.0,4.7,,USDA_FDC_SR_LEGACY,10107,2018-04,True,
"Pork, fresh, variety meats and by-products, kidneys, raw",,,MEAT,100.0,16.46,0.0,3.25,,USDA_FDC_SR_LEGACY,10106,2018-04,True,
"Pork, fresh, variety meats and by-products, leaf fat, raw",,,MEAT,857.0,1.76,0.0,94.16,,USDA_FDC_SR_LEGACY,10109,2018-04,True,
"Pork, fresh, variety meats and by-products, liver, cooked, braised",,,MEAT,165.0,26.02,3.76,4.4,,USDA_FDC_SR_LEGACY,10111,2018-04,True,
"Pork, fresh, variety meats and by-products, liver, raw",,,MEAT,134.0,21.39,2.47,3.65,,USDA_FDC_SR_LEGACY,10110,2018-04,True,
"Pork, fresh, variety meats and by-products, lungs, cooked, braised",,,MEAT,99.0,16.6,0.0,3.1,,USDA_FDC_SR_LEGACY,10113,2018-04,True,
"Pork, fresh, variety meats and by-products, lungs, raw",,,MEAT,85.0,14.08,0.0,2.72,,USDA_FDC_SR_LEGACY,10112,2018-04,True,
"Pork, fresh, variety meats and by-products, mechanically separated, raw",,,MEAT,304.0,15.03,0.0,26.54,,USDA_FDC_SR_LEGACY,10114,2018-04,True,
"Pork, fresh, variety meats and by-products, pancreas, cooked, braised",,,MEAT,219.0,28.5,0.0,10.8,,USDA_FDC_SR_LEGACY,10116,2018-04,True,
"Pork, fresh, variety meats and by-products, pancreas, raw",,,MEAT,199.0,18.56,0.0,13.24,,USDA_FDC_SR_LEGACY,10115,2018-04,True,
"Pork, fresh, variety meats and by-products, spleen, cooked, braised",,,MEAT,149.0,28.2,0.0,3.2,,USDA_FDC_SR_LEGACY,10118,2018-04,True,
"Pork, fresh, variety meats and by-products, spleen, raw",,,MEAT,100.0,17.86,0.0,2.59,,USDA_FDC_SR_LEGACY,10117,2018-04,True,
"Pork, fresh, variety meats and by-products, stomach, cooked, simmered",,,MEAT,157.0,21.4,0.09,7.26,,USDA_FDC_SR_LEGACY,10863,2018-04,True,
"Pork, fresh, variety meats and by-products, stomach, raw",,,MEAT,159.0,16.85,0.0,10.14,,USDA_FDC_SR_LEGACY,10119,2018-04,True,
"Pork, fresh, variety meats and by-products, tail, cooked, simmered",,,MEAT,396.0,17.0,0.0,35.8,,USDA_FDC_SR_LEGACY,10175,2018-04,True,
"Pork, fresh, variety meats and by-products, tail, raw",,,MEAT,378.0,17.75,0.0,33.5,,USDA_FDC_SR_LEGACY,10174,2018-04,True,
"Pork, fresh, variety meats and by-products, tongue, cooked, braised",,,MEAT,271.0,24.1,0.0,18.6,,USDA_FDC_SR_LEGACY,10122,2018-04,True,
"Pork, fresh, variety meats and by-products, tongue, raw",,,MEAT,225.0,16.3,0.0,17.2,,USDA_FDC_SR_LEGACY,10121,2018-04,True,
"Pork, ground, 72% lean / 28% fat, cooked, crumbles",,,MEAT,393.0,22.83,1.39,32.93,,USDA_FDC_SR_LEGACY,10974,2018-04,True,
"Pork, ground, 72% lean / 28% fat, cooked, pan-broiled",,,MEAT,377.0,22.59,1.08,31.42,,USDA_FDC_SR_LEGACY,10977,2018-04,True,
"Pork, ground, 84% lean / 16% fat, cooked, crumbles",,,MEAT,289.0,26.69,0.58,20.04,,USDA_FDC_SR_LEGACY,10975,2018-04,True,
"Pork, ground, 84% lean / 16% fat, cooked, pan-broiled",,,MEAT,301.0,27.14,0.0,21.39,,USDA_FDC_SR_LEGACY,10978,2018-04,True,
"Pork, ground, 84% lean / 16% fat, raw",,,MEAT,218.0,17.99,0.44,16.0,,USDA_FDC_SR_LEGACY,10972,2018-04,True,
"Pork, ground, 96% lean / 4% fat, cooked, crumbles",,,MEAT,187.0,30.55,0.0,7.15,,USDA_FDC_SR_LEGACY,10976,2018-04,True,
"Pork, ground, 96% lean / 4% fat, cooked, pan-broiled",,,MEAT,185.0,31.69,0.57,6.2,,USDA_FDC_SR_LEGACY,10979,2018-04,True,
"Pork, ground, 96% lean / 4% fat, raw",,,MEAT,121.0,21.1,0.21,4.0,,USDA_FDC_SR_LEGACY,10973,2018-04,True,
"Pork, ground, raw",,,MEAT,233.44,17.81,0.0,17.49,,USDA_FDC_FOUNDATION,10219,2026-04-30,True,
"Pork, loin, boneless, raw",,,MEAT,173.72,21.12,0.0,9.47,,USDA_FDC_FOUNDATION,100302,2026-04-30,True,
"Pork, loin, leg cap steak, boneless, separable lean and fat, cooked, broiled",,,MEAT,158.0,27.57,0.0,4.41,,USDA_FDC_SR_LEGACY,10956,2018-04,True,
"Pork, loin, tenderloin, boneless, raw",,,MEAT,125.02,21.58,0.0,3.9,,USDA_FDC_FOUNDATION,100303,2026-04-30,True,
"Pork, oriental style, dehydrated",,,MEAT,615.0,11.8,1.4,62.4,,USDA_FDC_SR_LEGACY,43297,2018-04,True,
"Pork, pickled pork hocks",,,MEAT,171.0,19.11,0.0,10.54,,USDA_FDC_SR_LEGACY,10898,2018-04,True,
"Pork, shoulder, petite tender, boneless, separable lean and fat, cooked, broiled",,,MEAT,155.0,27.47,0.0,4.23,,USDA_FDC_SR_LEGACY,10960,2018-04,True,
Poultry salad sandwich spread,,,MEAT,200.0,11.64,7.41,13.52,,USDA_FDC_SR_LEGACY,7067,2018-04,True,
Roast beef spread,,,MEAT,223.0,15.27,3.73,16.28,,USDA_FDC_SR_LEGACY,7912,2018-04,True,
"Roast beef, deli style, prepackaged, sliced",,,MEAT,115.0,18.62,0.64,3.69,,USDA_FDC_SR_LEGACY,7043,2018-04,True,
"Salami, Italian, pork",,,MEAT,425.0,21.7,1.2,37.0,,USDA_FDC_SR_LEGACY,7926,2018-04,True,
"Salami, Italian, pork and beef, dry, sliced, 50% less sodium",,,MEAT,350.0,21.8,6.4,26.4,,USDA_FDC_SR_LEGACY,7941,2018-04,True,
"Salami, cooked, beef",,,MEAT,261.0,12.6,1.9,22.2,,USDA_FDC_SR_LEGACY,7068,2018-04,True,
"Salami, cooked, beef and pork",,,MEAT,336.0,21.85,2.4,25.9,,USDA_FDC_SR_LEGACY,7069,2018-04,True,
"Salami, cooked, turkey",,,MEAT,172.0,19.2,1.55,9.21,,USDA_FDC_SR_LEGACY,7070,2018-04,True,
"Salami, dry or hard, pork",,,MEAT,407.0,22.58,1.6,33.72,,USDA_FDC_SR_LEGACY,7071,2018-04,True,
"Salami, dry or hard, pork, beef",,,MEAT,378.0,21.07,0.72,31.65,,USDA_FDC_SR_LEGACY,7072,2018-04,True,
"Salami, pork, beef, less sodium",,,MEAT,396.0,15.01,15.38,30.5,,USDA_FDC_SR_LEGACY,7913,2018-04,True,
"Sandwich spread, pork, beef",,,MEAT,235.0,7.66,11.94,17.34,,USDA_FDC_SR_LEGACY,7073,2018-04,True,
"Sausage, Berliner, pork, beef",,,MEAT,230.0,15.27,2.59,17.2,,USDA_FDC_SR_LEGACY,7004,2018-04,True,
"Sausage, Italian, pork, mild, cooked, pan-fried",,,MEAT,322.0,18.2,2.15,26.2,,USDA_FDC_FOUNDATION,325658,2026-04-30,True,
"Sausage, Italian, pork, mild, raw",,,MEAT,290.0,13.9,2.97,24.26,,USDA_FDC_SR_LEGACY,7036,2018-04,True,
"Sausage, Italian, sweet, links",,,MEAT,149.0,16.13,2.1,8.42,,USDA_FDC_SR_LEGACY,7914,2018-04,True,
"Sausage, Italian, turkey, smoked",,,MEAT,158.0,15.05,4.65,8.75,,USDA_FDC_SR_LEGACY,7927,2018-04,True,
"Sausage, New england brand, pork, beef",,,MEAT,161.0,17.27,4.83,7.58,,USDA_FDC_SR_LEGACY,7091,2018-04,True,
"Sausage, Polish, beef with chicken, hot",,,MEAT,259.0,17.6,3.6,19.4,,USDA_FDC_SR_LEGACY,7915,2018-04,True,
"Sausage, Polish, pork and beef, smoked",,,MEAT,301.0,12.07,1.98,26.56,,USDA_FDC_SR_LEGACY,7916,2018-04,True,
"Sausage, Vienna, canned, chicken, beef, pork",,,MEAT,230.0,10.5,2.6,19.4,,USDA_FDC_SR_LEGACY,7083,2018-04,True,
"Sausage, beef, cured, cooked, smoked",,,MEAT,312.0,14.11,2.42,26.91,,USDA_FDC_SR_LEGACY,13357,2018-04,True,
"Sausage, beef, fresh, cooked",,,MEAT,332.0,18.21,0.35,27.98,,USDA_FDC_SR_LEGACY,7956,2018-04,True,
"Sausage, breakfast sausage, beef, pre-cooked, unprepared",,,MEAT,329.0,13.3,3.37,28.7,,USDA_FDC_FOUNDATION,324157,2026-04-30,True,
"Sausage, chicken or turkey, Italian style, lower sodium",,,MEAT,183.0,21.43,14.25,4.46,,USDA_FDC_SR_LEGACY,7976,2018-04,True,
"Sausage, chicken, beef, pork, skinless, smoked",,,MEAT,216.0,13.6,8.1,14.3,,USDA_FDC_SR_LEGACY,7928,2018-04,True,
"Sausage, pork and beef, fresh, cooked",,,MEAT,396.0,13.8,2.7,36.25,,USDA_FDC_SR_LEGACY,7065,2018-04,True,
"Sausage, pork and beef, with cheddar cheese, smoked",,,MEAT,296.0,12.89,2.13,25.84,,USDA_FDC_SR_LEGACY,7917,2018-04,True,
"Sausage, pork and turkey, pre-cooked",,,MEAT,342.0,12.05,3.63,30.64,,USDA_FDC_SR_LEGACY,7957,2018-04,True,
"Sausage, pork, chorizo, link or ground, cooked, pan-fried",,,MEAT,346.0,19.3,2.63,28.1,,USDA_FDC_FOUNDATION,100173,2026-04-30,True,
"Sausage, pork, chorizo, link or ground, raw",,,MEAT,296.0,13.63,3.78,25.1,,USDA_FDC_SR_LEGACY,7019,2018-04,True,
"Sausage, pork, turkey, and beef, reduced sodium",,,MEAT,284.0,10.71,0.11,26.79,,USDA_FDC_SR_LEGACY,7979,2018-04,True,
"Sausage, smoked link sausage, pork",,,MEAT,309.0,11.98,0.94,28.23,,USDA_FDC_SR_LEGACY,7074,2018-04,True,
"Sausage, smoked link sausage, pork and beef",,,MEAT,320.0,12.0,2.42,28.73,,USDA_FDC_SR_LEGACY,7075,2018-04,True,
"Sausage, smoked link sausage, pork and beef (nonfat dry milk added)",,,MEAT,313.0,13.28,1.92,27.61,,USDA_FDC_SR_LEGACY,7077,2018-04,True,
"Sausage, summer, pork and beef, sticks, with cheddar cheese",,,MEAT,426.0,19.43,1.82,37.91,,USDA_FDC_SR_LEGACY,7918,2018-04,True,
"Sausage, turkey and pork, fresh, bulk, patty or link, cooked",,,MEAT,307.0,22.7,0.7,23.0,,USDA_FDC_SR_LEGACY,42173,2018-04,True,
"Sausage, turkey, breakfast links, mild, raw",,,MEAT,169.0,16.7,0.93,10.4,,USDA_FDC_FOUNDATION,325992,2026-04-30,True,
"Sausage, turkey, fresh, cooked",,,MEAT,196.0,23.89,0.0,10.44,,USDA_FDC_SR_LEGACY,7958,2018-04,True,
"Sausage, turkey, fresh, raw",,,MEAT,155.0,18.79,0.47,8.08,,USDA_FDC_SR_LEGACY,7955,2018-04,True,
"Sausage, turkey, hot, smoked",,,MEAT,158.0,15.05,4.65,8.75,,USDA_FDC_SR_LEGACY,7929,2018-04,True,
"Sausage, turkey, pork, and beef, low fat, smoked",,,MEAT,101.0,8.0,11.54,2.5,,USDA_FDC_SR_LEGACY,7900,2018-04,True,
"Sausage, turkey, reduced fat, brown and serve, cooked",,,MEAT,204.0,17.0,10.92,10.3,,USDA_FDC_SR_LEGACY,7066,2018-04,True,
"Scrapple, pork",,,MEAT,213.0,8.06,14.06,13.87,,USDA_FDC_SR_LEGACY,7951,2018-04,True,
"Swisswurst, pork and beef, with swiss cheese, smoked",,,MEAT,307.0,12.69,1.6,27.37,,USDA_FDC_SR_LEGACY,7920,2018-04,True,
"Thuringer, cervelat, summer sausage, beef, pork",,,MEAT,362.0,17.45,3.33,30.43,,USDA_FDC_SR_LEGACY,7078,2018-04,True,
"Turkey breast, low salt, prepackaged or deli, luncheon meat",,,MEAT,109.0,21.81,3.51,0.83,,USDA_FDC_SR_LEGACY,7046,2018-04,True,
"Turkey breast, sliced, prepackaged",,,MEAT,106.0,14.81,2.2,3.77,,USDA_FDC_SR_LEGACY,7081,2018-04,True,
"Turkey, breast, smoked, lemon pepper flavor, 97% fat-free",,,MEAT,95.0,20.9,1.31,0.69,,USDA_FDC_SR_LEGACY,7943,2018-04,True,
"Turkey, white, rotisserie, deli cut",,,MEAT,112.0,13.5,7.7,3.0,,USDA_FDC_SR_LEGACY,7944,2018-04,True,
"Veal, Australian, rib, rib roast, separable lean and fat, raw",,,MEAT,201.0,19.6,1.15,13.1,,USDA_FDC_SR_LEGACY,17155,2018-04,True,
"Veal, Australian, rib, rib roast, separable lean only, raw",,,MEAT,134.0,21.7,1.4,4.63,,USDA_FDC_SR_LEGACY,17000,2018-04,True,
"Veal, Australian, separable fat, raw",,,MEAT,509.0,9.91,0.0,52.17,,USDA_FDC_SR_LEGACY,17154,2018-04,True,
"Veal, Australian, shank, fore, bone-in, separable lean and fat, raw",,,MEAT,145.0,19.58,0.0,7.42,,USDA_FDC_SR_LEGACY,17350,2018-04,True,
"Veal, Australian, shank, fore, bone-in, separable lean only, raw",,,MEAT,123.0,20.18,0.0,4.65,,USDA_FDC_SR_LEGACY,17349,2018-04,True,
"Veal, Australian, shank, hind, bone-in, separable lean and fat, raw",,,MEAT,144.0,19.78,0.0,7.2,,USDA_FDC_SR_LEGACY,17352,2018-04,True,
"Veal, Australian, shank, hind, bone-in, separable lean only, raw",,,MEAT,122.0,20.37,0.0,4.47,,USDA_FDC_SR_LEGACY,17351,2018-04,True,
"Veal, breast, plate half, boneless, separable lean and fat, cooked, braised",,,MEAT,282.0,25.93,0.0,18.95,,USDA_FDC_SR_LEGACY,17273,2018-04,True,
"Veal, breast, point half, boneless, separable lean and fat, cooked, braised",,,MEAT,248.0,28.23,0.0,14.16,,USDA_FDC_SR_LEGACY,17274,2018-04,True,
"Veal, breast, separable fat, cooked",,,MEAT,521.0,9.4,0.0,53.35,,USDA_FDC_SR_LEGACY,17270,2018-04,True,
"Veal, breast, whole, boneless, separable lean and fat, cooked, braised",,,MEAT,266.0,26.97,0.0,16.77,,USDA_FDC_SR_LEGACY,17272,2018-04,True,
"Veal, breast, whole, boneless, separable lean and fat, raw",,,MEAT,208.0,17.47,0.0,14.75,,USDA_FDC_SR_LEGACY,17271,2018-04,True,
"Veal, breast, whole, boneless, separable lean only, cooked, braised",,,MEAT,218.0,30.32,0.0,9.8,,USDA_FDC_SR_LEGACY,17275,2018-04,True,
"Veal, composite of trimmed retail cuts, separable fat, cooked",,,MEAT,642.0,9.42,0.0,66.74,,USDA_FDC_SR_LEGACY,17093,2018-04,True,
"Veal, composite of trimmed retail cuts, separable fat, raw",,,MEAT,638.0,6.02,0.0,67.83,,USDA_FDC_SR_LEGACY,17092,2018-04,True,
"Veal, composite of trimmed retail cuts, separable lean and fat, cooked",,,MEAT,231.0,30.1,0.0,11.39,,USDA_FDC_SR_LEGACY,17089,2018-04,True,
"Veal, composite of trimmed retail cuts, separable lean and fat, raw",,,MEAT,144.0,19.35,0.0,6.77,,USDA_FDC_SR_LEGACY,17088,2018-04,True,
"Veal, composite of trimmed retail cuts, separable lean only, cooked",,,MEAT,196.0,31.9,0.0,6.58,,USDA_FDC_SR_LEGACY,17091,2018-04,True,
"Veal, composite of trimmed retail cuts, separable lean only, raw",,,MEAT,112.0,20.2,0.0,2.87,,USDA_FDC_SR_LEGACY,17090,2018-04,True,
"Veal, cubed for stew (leg and shoulder), separable lean only, cooked, braised",,,MEAT,188.0,34.94,0.0,4.31,,USDA_FDC_SR_LEGACY,17141,2018-04,True,
"Veal, cubed for stew (leg and shoulder), separable lean only, raw",,,MEAT,109.0,20.27,0.0,2.5,,USDA_FDC_SR_LEGACY,17140,2018-04,True,
"Veal, external fat only, cooked",,,MEAT,540.0,15.28,0.0,53.23,,USDA_FDC_SR_LEGACY,17432,2018-04,True,
"Veal, external fat only, raw",,,MEAT,503.0,8.85,0.89,51.6,,USDA_FDC_SR_LEGACY,17431,2018-04,True,
"Veal, foreshank, osso buco, separable lean and fat, cooked, braised",,,MEAT,182.0,27.94,0.11,7.77,,USDA_FDC_SR_LEGACY,17436,2018-04,True,
"Veal, foreshank, osso buco, separable lean only, cooked, braised",,,MEAT,157.0,29.12,0.0,4.51,,USDA_FDC_SR_LEGACY,17429,2018-04,True,
"Veal, ground, cooked, broiled",,,MEAT,172.0,24.38,0.0,7.56,,USDA_FDC_SR_LEGACY,17143,2018-04,True,
"Veal, ground, cooked, pan-fried",,,MEAT,215.0,25.83,1.51,11.78,,USDA_FDC_SR_LEGACY,17424,2018-04,True,
"Veal, ground, raw",,,MEAT,197.0,18.58,0.0,13.06,,USDA_FDC_SR_LEGACY,17142,2018-04,True,
"Veal, leg (top round), separable lean and fat, cooked, braised",,,MEAT,211.0,36.16,0.0,6.33,,USDA_FDC_SR_LEGACY,17095,2018-04,True,
"Veal, leg (top round), separable lean and fat, cooked, pan-fried, breaded",,,MEAT,238.0,27.29,9.91,9.18,,USDA_FDC_SR_LEGACY,17096,2018-04,True,
"Veal, leg (top round), separable lean and fat, cooked, pan-fried, not breaded",,,MEAT,211.0,31.75,0.0,8.35,,USDA_FDC_SR_LEGACY,17097,2018-04,True,
"Veal, leg (top round), separable lean and fat, cooked, roasted",,,MEAT,160.0,27.7,0.0,4.65,,USDA_FDC_SR_LEGACY,17098,2018-04,True,
"Veal, leg (top round), separable lean and fat, raw",,,MEAT,117.0,20.98,0.0,3.08,,USDA_FDC_SR_LEGACY,17094,2018-04,True,
"Veal, leg (top round), separable lean only, cooked, braised",,,MEAT,203.0,36.71,0.0,5.09,,USDA_FDC_SR_LEGACY,17100,2018-04,True,
"Veal, leg (top round), separable lean only, cooked, pan-fried, breaded",,,MEAT,216.0,28.41,9.84,6.27,,USDA_FDC_SR_LEGACY,17101,2018-04,True,
"Veal, leg (top round), separable lean only, cooked, pan-fried, not breaded",,,MEAT,183.0,33.17,0.0,4.62,,USDA_FDC_SR_LEGACY,17102,2018-04,True,
"Veal, leg (top round), separable lean only, cooked, roasted",,,MEAT,150.0,28.07,0.0,3.39,,USDA_FDC_SR_LEGACY,17103,2018-04,True,
"Veal, leg (top round), separable lean only, raw",,,MEAT,107.0,21.28,0.0,1.76,,USDA_FDC_SR_LEGACY,17099,2018-04,True,
"Veal, leg, top round, cap off, cutlet, boneless, cooked, grilled",,,MEAT,151.0,31.89,0.0,2.63,,USDA_FDC_SR_LEGACY,17425,2018-04,True,
"Veal, leg, top round, cap off, cutlet, boneless, raw",,,MEAT,107.0,22.07,0.0,2.07,,USDA_FDC_SR_LEGACY,17426,2018-04,True,
"Veal, loin, chop, separable lean and fat, cooked, grilled",,,MEAT,198.0,28.04,0.16,9.48,,USDA_FDC_SR_LEGACY,17437,2018-04,True,
"Veal, loin, chop, separable lean only, cooked, grilled",,,MEAT,159.0,29.75,0.07,4.44,,USDA_FDC_SR_LEGACY,17427,2018-04,True,
"Veal, loin, separable lean and fat, cooked, braised",,,MEAT,284.0,30.19,0.0,17.21,,USDA_FDC_SR_LEGACY,17105,2018-04,True,
"Veal, loin, separable lean and fat, cooked, roasted",,,MEAT,217.0,24.8,0.0,12.32,,USDA_FDC_SR_LEGACY,17106,2018-04,True,
"Veal, loin, separable lean and fat, raw",,,MEAT,177.0,20.07,0.07,10.07,,USDA_FDC_SR_LEGACY,17104,2018-04,True,
"Veal, loin, separable lean only, cooked, braised",,,MEAT,226.0,33.57,0.0,9.15,,USDA_FDC_SR_LEGACY,17108,2018-04,True,
"Veal, loin, separable lean only, cooked, roasted",,,MEAT,175.0,26.32,0.0,6.94,,USDA_FDC_SR_LEGACY,17109,2018-04,True,
"Veal, loin, separable lean only, raw",,,MEAT,114.0,21.85,0.0,2.9,,USDA_FDC_SR_LEGACY,17107,2018-04,True,
"Veal, rib, separable lean and fat, cooked, braised",,,MEAT,251.0,32.43,0.0,12.53,,USDA_FDC_SR_LEGACY,17111,2018-04,True,
"Veal, rib, separable lean and fat, cooked, roasted",,,MEAT,228.0,23.96,0.0,13.96,,USDA_FDC_SR_LEGACY,17112,2018-04,True,
"Veal, rib, separable lean and fat, raw",,,MEAT,162.0,18.86,0.0,9.01,,USDA_FDC_SR_LEGACY,17110,2018-04,True,
"Veal, rib, separable lean only, cooked, braised",,,MEAT,218.0,34.44,0.0,7.81,,USDA_FDC_SR_LEGACY,17114,2018-04,True,
"Veal, rib, separable lean only, cooked, roasted",,,MEAT,177.0,25.76,0.0,7.44,,USDA_FDC_SR_LEGACY,17115,2018-04,True,
"Veal, rib, separable lean only, raw",,,MEAT,120.0,19.97,0.0,3.89,,USDA_FDC_SR_LEGACY,17113,2018-04,True,
"Veal, seam fat only, cooked",,,MEAT,505.0,11.16,2.11,50.17,,USDA_FDC_SR_LEGACY,17434,2018-04,True,
"Veal, seam fat only, raw",,,MEAT,444.0,12.53,0.0,43.75,,USDA_FDC_SR_LEGACY,17433,2018-04,True,
"Veal, shank (fore and hind), separable lean and fat, cooked, braised",,,MEAT,191.0,31.54,0.0,6.2,,USDA_FDC_SR_LEGACY,17277,2018-04,True,
"Veal, shank (fore and hind), separable lean and fat, raw",,,MEAT,113.0,19.15,0.0,3.48,,USDA_FDC_SR_LEGACY,17276,2018-04,True,
"Veal, shank (fore and hind), separable lean only, cooked, braised",,,MEAT,177.0,32.22,0.0,4.33,,USDA_FDC_SR_LEGACY,17279,2018-04,True,
"Veal, shank (fore and hind), separable lean only, raw",,,MEAT,108.0,19.28,0.0,2.83,,USDA_FDC_SR_LEGACY,17278,2018-04,True,
"Veal, shank, separable lean and fat, raw",,,MEAT,107.0,19.28,0.0,3.3,,USDA_FDC_SR_LEGACY,17435,2018-04,True,
"Veal, shank, separable lean only, raw",,,MEAT,94.0,19.77,0.0,1.64,,USDA_FDC_SR_LEGACY,17428,2018-04,True,
"Veal, shoulder, arm, separable lean and fat, cooked, braised",,,MEAT,236.0,33.63,0.0,10.24,,USDA_FDC_SR_LEGACY,17123,2018-04,True,
"Veal, shoulder, arm, separable lean and fat, cooked, roasted",,,MEAT,183.0,25.46,0.0,8.25,,USDA_FDC_SR_LEGACY,17124,2018-04,True,
"Veal, shoulder, arm, separable lean and fat, raw",,,MEAT,132.0,19.34,0.0,5.44,,USDA_FDC_SR_LEGACY,17122,2018-04,True,
"Veal, shoulder, arm, separable lean only, cooked, braised",,,MEAT,201.0,35.73,0.0,5.33,,USDA_FDC_SR_LEGACY,17126,2018-04,True,
"Veal, shoulder, arm, separable lean only, cooked, roasted",,,MEAT,164.0,26.13,0.0,5.81,,USDA_FDC_SR_LEGACY,17127,2018-04,True,
"Veal, shoulder, arm, separable lean only, raw",,,MEAT,105.0,20.04,0.0,2.16,,USDA_FDC_SR_LEGACY,17125,2018-04,True,
"Veal, shoulder, blade chop, separable lean and fat, cooked, grilled",,,MEAT,199.0,25.72,0.15,10.57,,USDA_FDC_SR_LEGACY,17438,2018-04,True,
"Veal, shoulder, blade chop, separable lean and fat, raw",,,MEAT,148.0,18.72,0.03,7.61,,USDA_FDC_SR_LEGACY,17128,2018-04,True,
"Veal, shoulder, blade chop, separable lean only, cooked, grilled",,,MEAT,159.0,27.33,0.0,5.53,,USDA_FDC_SR_LEGACY,17430,2018-04,True,
"Veal, shoulder, blade chop, separable lean only, raw",,,MEAT,110.0,19.6,0.0,2.88,,USDA_FDC_SR_LEGACY,17131,2018-04,True,
"Veal, shoulder, blade, separable lean and fat, cooked, braised",,,MEAT,225.0,31.26,0.0,10.09,,USDA_FDC_SR_LEGACY,17129,2018-04,True,
"Veal, shoulder, blade, separable lean and fat, cooked, roasted",,,MEAT,186.0,25.15,0.0,8.67,,USDA_FDC_SR_LEGACY,17130,2018-04,True,
"Veal, shoulder, blade, separable lean only, cooked, braised",,,MEAT,198.0,32.66,0.0,6.48,,USDA_FDC_SR_LEGACY,17132,2018-04,True,
"Veal, shoulder, blade, separable lean only, cooked, roasted",,,MEAT,171.0,25.64,0.0,6.88,,USDA_FDC_SR_LEGACY,17133,2018-04,True,
"Veal, shoulder, whole (arm and blade), separable lean and fat, cooked, braised",,,MEAT,228.0,32.06,0.0,10.14,,USDA_FDC_SR_LEGACY,17117,2018-04,True,
"Veal, shoulder, whole (arm and blade), separable lean and fat, cooked, roasted",,,MEAT,184.0,25.32,0.0,8.42,,USDA_FDC_SR_LEGACY,17118,2018-04,True,
"Veal, shoulder, whole (arm and blade), separable lean and fat, raw",,,MEAT,130.0,19.27,0.0,5.28,,USDA_FDC_SR_LEGACY,17116,2018-04,True,
"Veal, shoulder, whole (arm and blade), separable lean only, cooked, braised",,,MEAT,199.0,33.68,0.0,6.1,,USDA_FDC_SR_LEGACY,17120,2018-04,True,
"Veal, shoulder, whole (arm and blade), separable lean only, cooked, roasted",,,MEAT,170.0,25.81,0.0,6.62,,USDA_FDC_SR_LEGACY,17121,2018-04,True,
"Veal, shoulder, whole (arm and blade), separable lean only, raw",,,MEAT,112.0,19.79,0.0,3.0,,USDA_FDC_SR_LEGACY,17119,2018-04,True,
"Veal, sirloin, separable lean and fat, cooked, braised",,,MEAT,252.0,31.26,0.0,13.14,,USDA_FDC_SR_LEGACY,17135,2018-04,True,
"Veal, sirloin, separable lean and fat, cooked, roasted",,,MEAT,202.0,25.14,0.0,10.45,,USDA_FDC_SR_LEGACY,17136,2018-04,True,
"Veal, sirloin, separable lean and fat, raw",,,MEAT,152.0,19.07,0.0,7.81,,USDA_FDC_SR_LEGACY,17134,2018-04,True,
"Veal, sirloin, separable lean only, cooked, braised",,,MEAT,204.0,33.96,0.0,6.51,,USDA_FDC_SR_LEGACY,17138,2018-04,True,
"Veal, sirloin, separable lean only, cooked, roasted",,,MEAT,168.0,26.32,0.0,6.22,,USDA_FDC_SR_LEGACY,17139,2018-04,True,
"Veal, sirloin, separable lean only, raw",,,MEAT,110.0,20.2,0.0,2.59,,USDA_FDC_SR_LEGACY,17137,2018-04,True,
"Veal, variety meats and by-products, brain, cooked, braised",,,MEAT,136.0,11.48,0.0,9.63,,USDA_FDC_SR_LEGACY,17189,2018-04,True,
"Veal, variety meats and by-products, brain, cooked, pan-fried",,,MEAT,213.0,14.48,0.0,16.75,,USDA_FDC_SR_LEGACY,17190,2018-04,True,
"Veal, variety meats and by-products, brain, raw",,,MEAT,118.0,10.32,0.0,8.21,,USDA_FDC_SR_LEGACY,17188,2018-04,True,
"Veal, variety meats and by-products, heart, cooked, braised",,,MEAT,186.0,29.12,0.13,6.75,,USDA_FDC_SR_LEGACY,17194,2018-04,True,
"Veal, variety meats and by-products, heart, raw",,,MEAT,110.0,17.18,0.08,3.98,,USDA_FDC_SR_LEGACY,17193,2018-04,True,
"Veal, variety meats and by-products, kidneys, cooked, braised",,,MEAT,163.0,26.32,0.0,5.66,,USDA_FDC_SR_LEGACY,17198,2018-04,True,
"Veal, variety meats and by-products, kidneys, raw",,,MEAT,99.0,15.76,0.85,3.12,,USDA_FDC_SR_LEGACY,17197,2018-04,True,
"Veal, variety meats and by-products, liver, cooked, braised",,,MEAT,192.0,28.42,3.77,6.26,,USDA_FDC_SR_LEGACY,17203,2018-04,True,
"Veal, variety meats and by-products, liver, cooked, pan-fried",,,MEAT,193.0,27.37,4.47,6.51,,USDA_FDC_SR_LEGACY,17204,2018-04,True,
"Veal, variety meats and by-products, liver, raw",,,MEAT,140.0,19.93,2.91,4.85,,USDA_FDC_SR_LEGACY,17202,2018-04,True,
"Veal, variety meats and by-products, lungs, cooked, braised",,,MEAT,104.0,18.74,0.0,2.64,,USDA_FDC_SR_LEGACY,17208,2018-04,True,
"Veal, variety meats and by-products, lungs, raw",,,MEAT,90.0,16.3,0.0,2.3,,USDA_FDC_SR_LEGACY,17207,2018-04,True,
"Veal, variety meats and by-products, pancreas, cooked, braised",,,MEAT,256.0,29.1,0.0,14.6,,USDA_FDC_SR_LEGACY,17213,2018-04,True,
"Veal, variety meats and by-products, pancreas, raw",,,MEAT,182.0,15.0,0.0,13.1,,USDA_FDC_SR_LEGACY,17212,2018-04,True,
"Veal, variety meats and by-products, spleen, cooked, braised",,,MEAT,129.0,24.08,0.0,2.89,,USDA_FDC_SR_LEGACY,17217,2018-04,True,
"Veal, variety meats and by-products, spleen, raw",,,MEAT,98.0,18.3,0.0,2.2,,USDA_FDC_SR_LEGACY,17216,2018-04,True,
"Veal, variety meats and by-products, thymus, cooked, braised",,,MEAT,125.0,22.67,0.0,3.11,,USDA_FDC_SR_LEGACY,17219,2018-04,True,
"Veal, variety meats and by-products, thymus, raw",,,MEAT,101.0,17.21,0.0,3.07,,USDA_FDC_SR_LEGACY,17218,2018-04,True,
"Veal, variety meats and by-products, tongue, cooked, braised",,,MEAT,202.0,25.85,0.0,10.1,,USDA_FDC_SR_LEGACY,17223,2018-04,True,
"Veal, variety meats and by-products, tongue, raw",,,MEAT,131.0,17.18,1.91,5.48,,USDA_FDC_SR_LEGACY,17222,2018-04,True,
"Yachtwurst, with pistachio nuts, cooked",,,MEAT,268.0,14.8,1.4,22.6,,USDA_FDC_SR_LEGACY,7930,2018-04,True,
"Almond butter, creamy",,,NUTS_SEEDS,602.51,20.79,21.24,53.04,,USDA_FDC_FOUNDATION,12195,2026-04-30,True,
"Flaxseed, ground",,,NUTS_SEEDS,514.44,18.04,34.36,37.28,,USDA_FDC_FOUNDATION,12220,2026-04-30,True,
"Flour, almond",,,NUTS_SEEDS,577.63,26.24,16.25,50.23,,USDA_FDC_FOUNDATION,100273,2026-04-30,True,
"Flour, chestnut",,,NUTS_SEEDS,384.58,5.29,80.45,4.64,,USDA_FDC_FOUNDATION,100292,2026-04-30,True,
"Flour, coconut",,,NUTS_SEEDS,423.63,16.14,58.9,15.28,,USDA_FDC_FOUNDATION,100293,2026-04-30,True,
"Nuts, acorn flour, full fat",,,NUTS_SEEDS,501.0,7.49,54.65,30.17,,USDA_FDC_SR_LEGACY,12060,2018-04,True,
"Nuts, acorns, dried",,,NUTS_SEEDS,509.0,8.1,53.66,31.41,,USDA_FDC_SR_LEGACY,12059,2018-04,True,
"Nuts, acorns, raw",,,NUTS_SEEDS,387.0,6.15,40.75,23.86,,USDA_FDC_SR_LEGACY,12058,2018-04,True,
"Nuts, almond butter, plain, with salt added",,,NUTS_SEEDS,614.0,20.96,18.82,55.5,,USDA_FDC_SR_LEGACY,12695,2018-04,True,
"Nuts, almond butter, plain, without salt added",,,NUTS_SEEDS,614.0,20.96,18.82,55.5,,USDA_FDC_SR_LEGACY,12195,2018-04,True,
"Nuts, almond paste",,,NUTS_SEEDS,458.0,9.0,47.81,27.74,,USDA_FDC_SR_LEGACY,12071,2018-04,True,
"Nuts, almonds",,,NUTS_SEEDS,579.0,21.15,21.55,49.93,,USDA_FDC_SR_LEGACY,12061,2018-04,True,
"Nuts, almonds, blanched",,,NUTS_SEEDS,590.0,21.4,18.67,52.52,,USDA_FDC_SR_LEGACY,12062,2018-04,True,
"Nuts, almonds, dry roasted, with salt added",,,NUTS_SEEDS,621.0,20.4,16.2,57.8,,USDA_FDC_FOUNDATION,12563,2026-04-30,True,
"Nuts, almonds, dry roasted, without salt added",,,NUTS_SEEDS,598.0,20.96,21.01,52.54,,USDA_FDC_SR_LEGACY,12063,2018-04,True,
"Nuts, almonds, honey roasted, unblanched",,,NUTS_SEEDS,594.0,18.17,27.9,49.9,,USDA_FDC_SR_LEGACY,12206,2018-04,True,
"Nuts, almonds, oil roasted, lightly salted",,,NUTS_SEEDS,607.0,21.23,17.68,55.17,,USDA_FDC_SR_LEGACY,12665,2018-04,True,
"Nuts, almonds, oil roasted, with salt added",,,NUTS_SEEDS,607.0,21.23,17.68,55.17,,USDA_FDC_SR_LEGACY,12565,2018-04,True,
"Nuts, almonds, oil roasted, with salt added, smoke flavor",,,NUTS_SEEDS,607.0,21.43,17.86,55.89,,USDA_FDC_SR_LEGACY,12567,2018-04,True,
"Nuts, almonds, oil roasted, without salt added",,,NUTS_SEEDS,607.0,21.23,17.68,55.17,,USDA_FDC_SR_LEGACY,12065,2018-04,True,
"Nuts, almonds, whole, raw",,,NUTS_SEEDS,583.6,21.45,20.03,51.09,,USDA_FDC_FOUNDATION,12061,2026-04-30,True,
"Nuts, beechnuts, dried",,,NUTS_SEEDS,576.0,6.2,33.5,50.0,,USDA_FDC_SR_LEGACY,12077,2018-04,True,
"Nuts, brazilnuts, dried, unblanched",,,NUTS_SEEDS,659.0,14.32,11.74,67.1,,USDA_FDC_SR_LEGACY,12078,2018-04,True,
"Nuts, brazilnuts, raw",,,NUTS_SEEDS,620.95,15.04,21.64,57.43,,USDA_FDC_FOUNDATION,100294,2026-04-30,True,
"Nuts, butternuts, dried",,,NUTS_SEEDS,612.0,24.9,12.05,56.98,,USDA_FDC_SR_LEGACY,12084,2018-04,True,
"Nuts, cashew butter, plain, with salt added",,,NUTS_SEEDS,609.0,12.12,30.3,53.03,,USDA_FDC_SR_LEGACY,12588,2018-04,True,
"Nuts, cashew butter, plain, without salt added",,,NUTS_SEEDS,587.0,17.56,27.57,49.41,,USDA_FDC_SR_LEGACY,12088,2018-04,True,
"Nuts, cashew nuts, dry roasted, with salt added",,,NUTS_SEEDS,574.0,15.31,32.69,46.35,,USDA_FDC_SR_LEGACY,12585,2018-04,True,
"Nuts, cashew nuts, dry roasted, without salt added",,,NUTS_SEEDS,574.0,15.31,32.69,46.35,,USDA_FDC_SR_LEGACY,12085,2018-04,True,
"Nuts, cashew nuts, oil roasted, with salt added",,,NUTS_SEEDS,581.0,16.84,30.16,47.77,,USDA_FDC_SR_LEGACY,12586,2018-04,True,
"Nuts, cashew nuts, oil roasted, without salt added",,,NUTS_SEEDS,580.0,16.84,29.87,47.77,,USDA_FDC_SR_LEGACY,12086,2018-04,True,
"Nuts, cashew nuts, raw",,,NUTS_SEEDS,533.48,17.44,36.29,38.86,,USDA_FDC_FOUNDATION,12087,2026-04-30,True,
"Nuts, chestnuts, chinese, boiled and steamed",,,NUTS_SEEDS,153.0,2.88,33.64,0.76,,USDA_FDC_SR_LEGACY,12095,2018-04,True,
"Nuts, chestnuts, chinese, dried",,,NUTS_SEEDS,363.0,6.82,79.76,1.81,,USDA_FDC_SR_LEGACY,12094,2018-04,True,
"Nuts, chestnuts, chinese, raw",,,NUTS_SEEDS,224.0,4.2,49.07,1.11,,USDA_FDC_SR_LEGACY,12093,2018-04,True,
"Nuts, chestnuts, chinese, roasted",,,NUTS_SEEDS,239.0,4.48,52.36,1.19,,USDA_FDC_SR_LEGACY,12096,2018-04,True,
"Nuts, chestnuts, european, boiled and steamed",,,NUTS_SEEDS,131.0,2.0,27.76,1.38,,USDA_FDC_SR_LEGACY,12101,2018-04,True,
"Nuts, chestnuts, european, dried, peeled",,,NUTS_SEEDS,369.0,5.01,78.43,3.91,,USDA_FDC_SR_LEGACY,12100,2018-04,True,
"Nuts, chestnuts, european, dried, unpeeled",,,NUTS_SEEDS,374.0,6.39,77.31,4.45,,USDA_FDC_SR_LEGACY,12099,2018-04,True,
"Nuts, chestnuts, european, raw, peeled",,,NUTS_SEEDS,196.0,1.63,44.17,1.25,,USDA_FDC_SR_LEGACY,12098,2018-04,True,
"Nuts, chestnuts, european, raw, unpeeled",,,NUTS_SEEDS,213.0,2.42,45.54,2.26,,USDA_FDC_SR_LEGACY,12097,2018-04,True,
"Nuts, chestnuts, european, roasted",,,NUTS_SEEDS,245.0,3.17,52.96,2.2,,USDA_FDC_SR_LEGACY,12167,2018-04,True,
"Nuts, chestnuts, japanese, boiled and steamed",,,NUTS_SEEDS,56.0,0.82,12.64,0.19,,USDA_FDC_SR_LEGACY,12203,2018-04,True,
"Nuts, chestnuts, japanese, dried",,,NUTS_SEEDS,360.0,5.25,81.43,1.24,,USDA_FDC_SR_LEGACY,12175,2018-04,True,
"Nuts, chestnuts, japanese, raw",,,NUTS_SEEDS,154.0,2.25,34.91,0.53,,USDA_FDC_SR_LEGACY,12202,2018-04,True,
"Nuts, chestnuts, japanese, roasted",,,NUTS_SEEDS,201.0,2.97,45.13,0.8,,USDA_FDC_SR_LEGACY,12204,2018-04,True,
"Nuts, coconut cream, canned, sweetened",,,NUTS_SEEDS,357.0,1.17,53.21,16.31,,USDA_FDC_SR_LEGACY,12116,2018-04,True,
"Nuts, coconut cream, raw (liquid expressed from grated meat)",,,NUTS_SEEDS,330.0,3.63,6.65,34.68,,USDA_FDC_SR_LEGACY,12115,2018-04,True,
"Nuts, coconut meat, dried (desiccated), creamed",,,NUTS_SEEDS,684.0,5.3,21.52,69.08,,USDA_FDC_SR_LEGACY,12177,2018-04,True,
"Nuts, coconut meat, dried (desiccated), not sweetened",,,NUTS_SEEDS,660.0,6.88,23.65,64.53,,USDA_FDC_SR_LEGACY,12108,2018-04,True,
"Nuts, coconut meat, dried (desiccated), sweetened, flaked, canned",,,NUTS_SEEDS,443.0,3.35,40.91,31.69,,USDA_FDC_SR_LEGACY,12110,2018-04,True,
"Nuts, coconut meat, dried (desiccated), sweetened, flaked, packaged",,,NUTS_SEEDS,456.0,3.13,51.85,27.99,,USDA_FDC_SR_LEGACY,12109,2018-04,True,
"Nuts, coconut meat, dried (desiccated), sweetened, shredded",,,NUTS_SEEDS,501.0,2.88,47.67,35.49,,USDA_FDC_SR_LEGACY,12179,2018-04,True,
"Nuts, coconut meat, dried (desiccated), toasted",,,NUTS_SEEDS,592.0,5.3,44.4,47.0,,USDA_FDC_SR_LEGACY,12114,2018-04,True,
"Nuts, coconut meat, raw",,,NUTS_SEEDS,354.0,3.33,15.23,33.49,,USDA_FDC_SR_LEGACY,12104,2018-04,True,
"Nuts, coconut milk, canned (liquid expressed from grated meat and water)",,,NUTS_SEEDS,197.0,2.02,2.81,21.33,,USDA_FDC_SR_LEGACY,12118,2018-04,True,
"Nuts, coconut milk, frozen (liquid expressed from grated meat and water)",,,NUTS_SEEDS,202.0,1.61,5.58,20.8,,USDA_FDC_SR_LEGACY,12176,2018-04,True,
"Nuts, coconut milk, raw (liquid expressed from grated meat and water)",,,NUTS_SEEDS,230.0,2.29,5.54,23.84,,USDA_FDC_SR_LEGACY,12117,2018-04,True,
"Nuts, coconut water (liquid from coconuts)",,,NUTS_SEEDS,19.0,0.72,3.71,0.2,,USDA_FDC_SR_LEGACY,12119,2018-04,True,
"Nuts, formulated, wheat-based, all flavors except macadamia, without salt",,,NUTS_SEEDS,647.0,13.11,20.79,62.3,,USDA_FDC_SR_LEGACY,12200,2018-04,True,
"Nuts, formulated, wheat-based, unflavored, with salt added",,,NUTS_SEEDS,622.0,13.82,23.68,57.7,,USDA_FDC_SR_LEGACY,12140,2018-04,True,
"Nuts, ginkgo nuts, canned",,,NUTS_SEEDS,111.0,2.29,22.1,1.62,,USDA_FDC_SR_LEGACY,12129,2018-04,True,
"Nuts, ginkgo nuts, dried",,,NUTS_SEEDS,348.0,10.35,72.45,2.0,,USDA_FDC_SR_LEGACY,12128,2018-04,True,
"Nuts, ginkgo nuts, raw",,,NUTS_SEEDS,182.0,4.32,37.6,1.68,,USDA_FDC_SR_LEGACY,12127,2018-04,True,
"Nuts, hazelnuts or filberts",,,NUTS_SEEDS,628.0,14.95,16.7,60.75,,USDA_FDC_SR_LEGACY,12120,2018-04,True,
"Nuts, hazelnuts or filberts, blanched",,,NUTS_SEEDS,629.0,13.7,17.0,61.15,,USDA_FDC_SR_LEGACY,12121,2018-04,True,
"Nuts, hazelnuts or filberts, dry roasted, without salt added",,,NUTS_SEEDS,646.0,15.03,17.6,62.4,,USDA_FDC_SR_LEGACY,12122,2018-04,True,
"Nuts, hazelnuts or filberts, raw",,,NUTS_SEEDS,602.39,13.49,26.5,53.49,,USDA_FDC_FOUNDATION,12120,2026-04-30,True,
"Nuts, hickorynuts, dried",,,NUTS_SEEDS,657.0,12.72,18.25,64.37,,USDA_FDC_SR_LEGACY,12130,2018-04,True,
"Nuts, macadamia nuts, dry roasted, with salt added",,,NUTS_SEEDS,716.0,7.79,12.83,76.08,,USDA_FDC_SR_LEGACY,12632,2018-04,True,
"Nuts, macadamia nuts, dry roasted, without salt added",,,NUTS_SEEDS,718.0,7.79,13.38,76.08,,USDA_FDC_SR_LEGACY,12132,2018-04,True,
"Nuts, macadamia nuts, raw",,,NUTS_SEEDS,668.54,7.79,24.09,64.93,,USDA_FDC_FOUNDATION,12131,2026-04-30,True,
"Nuts, mixed nuts, dry roasted, with peanuts, salt added, CHOSEN ROASTER",,,NUTS_SEEDS,608.0,18.0,24.62,53.2,,USDA_FDC_SR_LEGACY,12141,2018-04,True,
"Nuts, mixed nuts, dry roasted, with peanuts, salt added, PLANTERS pistachio blend",,,NUTS_SEEDS,572.0,23.28,23.07,47.52,,USDA_FDC_SR_LEGACY,12136,2018-04,True,
"Nuts, mixed nuts, dry roasted, with peanuts, with salt added",,,NUTS_SEEDS,594.0,17.3,25.35,51.45,,USDA_FDC_SR_LEGACY,12635,2018-04,True,
"Nuts, mixed nuts, dry roasted, with peanuts, without salt added",,,NUTS_SEEDS,607.0,19.5,22.42,53.5,,USDA_FDC_SR_LEGACY,12135,2018-04,True,
"Nuts, mixed nuts, oil roasted, with peanuts, lightly salted",,,NUTS_SEEDS,607.0,20.04,21.05,53.95,,USDA_FDC_SR_LEGACY,12737,2018-04,True,
"Nuts, mixed nuts, oil roasted, with peanuts, with salt added",,,NUTS_SEEDS,607.0,20.04,21.05,53.95,,USDA_FDC_SR_LEGACY,12637,2018-04,True,
"Nuts, mixed nuts, oil roasted, with peanuts, without salt added",,,NUTS_SEEDS,607.0,20.04,21.05,53.95,,USDA_FDC_SR_LEGACY,12137,2018-04,True,
"Nuts, mixed nuts, oil roasted, without peanuts, lightly salted",,,NUTS_SEEDS,607.0,17.86,25.0,50.0,,USDA_FDC_SR_LEGACY,12738,2018-04,True,
"Nuts, mixed nuts, oil roasted, without peanuts, with salt added",,,NUTS_SEEDS,615.0,15.52,22.27,56.17,,USDA_FDC_SR_LEGACY,12638,2018-04,True,
"Nuts, mixed nuts, oil roasted, without peanuts, without salt added",,,NUTS_SEEDS,615.0,15.52,22.27,56.17,,USDA_FDC_SR_LEGACY,12138,2018-04,True,
"Nuts, pecans",,,NUTS_SEEDS,691.0,9.17,13.86,71.97,,USDA_FDC_SR_LEGACY,12142,2018-04,True,
"Nuts, pecans, dry roasted, with salt added",,,NUTS_SEEDS,710.0,9.5,13.55,74.27,,USDA_FDC_SR_LEGACY,12643,2018-04,True,
"Nuts, pecans, dry roasted, without salt added",,,NUTS_SEEDS,710.0,9.5,13.55,74.27,,USDA_FDC_SR_LEGACY,12143,2018-04,True,
"Nuts, pecans, halves, raw",,,NUTS_SEEDS,699.6,9.96,12.7,73.28,,USDA_FDC_FOUNDATION,12142,2026-04-30,True,
"Nuts, pecans, oil roasted, with salt added",,,NUTS_SEEDS,715.0,9.2,13.01,75.23,,USDA_FDC_SR_LEGACY,12644,2018-04,True,
"Nuts, pecans, oil roasted, without salt added",,,NUTS_SEEDS,715.0,9.2,13.01,75.23,,USDA_FDC_SR_LEGACY,12144,2018-04,True,
"Nuts, pilinuts, dried",,,NUTS_SEEDS,719.0,10.8,3.98,79.55,,USDA_FDC_SR_LEGACY,12145,2018-04,True,
"Nuts, pine nuts, dried",,,NUTS_SEEDS,673.0,13.69,13.08,68.37,,USDA_FDC_SR_LEGACY,12147,2018-04,True,
"Nuts, pine nuts, pinyon, dried",,,NUTS_SEEDS,629.0,11.57,19.3,60.98,,USDA_FDC_SR_LEGACY,12149,2018-04,True,
"Nuts, pine nuts, raw",,,NUTS_SEEDS,642.99,15.7,18.59,61.27,,USDA_FDC_FOUNDATION,12147,2026-04-30,True,
"Nuts, pistachio nuts, dry roasted, with salt added",,,NUTS_SEEDS,569.0,21.05,27.55,45.82,,USDA_FDC_SR_LEGACY,12652,2018-04,True,
"Nuts, pistachio nuts, dry roasted, without salt added",,,NUTS_SEEDS,572.0,21.05,28.28,45.82,,USDA_FDC_SR_LEGACY,12152,2018-04,True,
"Nuts, pistachio nuts, raw",,,NUTS_SEEDS,560.69,20.51,27.69,45.02,,USDA_FDC_FOUNDATION,12151,2026-04-30,True,
"Nuts, walnuts, English, halves, raw",,,NUTS_SEEDS,678.66,14.56,10.91,69.74,,USDA_FDC_FOUNDATION,12155,2026-04-30,True,
"Nuts, walnuts, black, dried",,,NUTS_SEEDS,619.0,24.06,9.58,59.33,,USDA_FDC_SR_LEGACY,12154,2018-04,True,
"Nuts, walnuts, dry roasted, with salt added",,,NUTS_SEEDS,643.0,14.29,17.86,60.71,,USDA_FDC_SR_LEGACY,12157,2018-04,True,
"Nuts, walnuts, english",,,NUTS_SEEDS,654.0,15.23,13.71,65.21,,USDA_FDC_SR_LEGACY,12155,2018-04,True,
"Nuts, walnuts, glazed",,,NUTS_SEEDS,500.0,8.28,47.59,35.71,,USDA_FDC_SR_LEGACY,12156,2018-04,True,
"Seeds, breadfruit seeds, boiled",,,NUTS_SEEDS,168.0,5.3,32.0,2.3,,USDA_FDC_SR_LEGACY,12003,2018-04,True,
"Seeds, breadfruit seeds, raw",,,NUTS_SEEDS,191.0,7.4,29.24,5.59,,USDA_FDC_SR_LEGACY,12001,2018-04,True,
"Seeds, breadfruit seeds, roasted",,,NUTS_SEEDS,207.0,6.2,40.1,2.7,,USDA_FDC_SR_LEGACY,12158,2018-04,True,
"Seeds, breadnut tree seeds, dried",,,NUTS_SEEDS,367.0,8.62,79.39,1.68,,USDA_FDC_SR_LEGACY,12005,2018-04,True,
"Seeds, breadnut tree seeds, raw",,,NUTS_SEEDS,217.0,5.97,46.28,0.99,,USDA_FDC_SR_LEGACY,12004,2018-04,True,
"Seeds, chia seeds, dried",,,NUTS_SEEDS,486.0,16.54,42.12,30.74,,USDA_FDC_SR_LEGACY,12006,2018-04,True,
"Seeds, cottonseed flour, low fat (glandless)",,,NUTS_SEEDS,332.0,49.83,36.1,1.41,,USDA_FDC_SR_LEGACY,12008,2018-04,True,
"Seeds, cottonseed flour, partially defatted (glandless)",,,NUTS_SEEDS,359.0,40.96,40.54,6.2,,USDA_FDC_SR_LEGACY,12007,2018-04,True,
"Seeds, cottonseed kernels, roasted (glandless)",,,NUTS_SEEDS,506.0,32.59,21.9,36.29,,USDA_FDC_SR_LEGACY,12160,2018-04,True,
"Seeds, cottonseed meal, partially defatted (glandless)",,,NUTS_SEEDS,367.0,49.1,38.43,4.77,,USDA_FDC_SR_LEGACY,12011,2018-04,True,
"Seeds, flaxseed",,,NUTS_SEEDS,534.0,18.29,28.88,42.16,,USDA_FDC_SR_LEGACY,12220,2018-04,True,
"Seeds, hemp seed, hulled",,,NUTS_SEEDS,553.0,31.56,8.67,48.75,,USDA_FDC_SR_LEGACY,12012,2018-04,True,
"Seeds, lotus seeds, dried",,,NUTS_SEEDS,332.0,15.41,64.47,1.97,,USDA_FDC_SR_LEGACY,12013,2018-04,True,
"Seeds, lotus seeds, raw",,,NUTS_SEEDS,89.0,4.13,17.28,0.53,,USDA_FDC_SR_LEGACY,12205,2018-04,True,
"Seeds, pumpkin and squash seed kernels, dried",,,NUTS_SEEDS,559.0,30.23,10.71,49.05,,USDA_FDC_SR_LEGACY,12014,2018-04,True,
"Seeds, pumpkin and squash seed kernels, roasted, with salt added",,,NUTS_SEEDS,574.0,29.84,14.71,49.05,,USDA_FDC_SR_LEGACY,12516,2018-04,True,
"Seeds, pumpkin and squash seed kernels, roasted, without salt",,,NUTS_SEEDS,574.0,29.84,14.71,49.05,,USDA_FDC_SR_LEGACY,12016,2018-04,True,
"Seeds, pumpkin and squash seeds, whole, roasted, with salt added",,,NUTS_SEEDS,446.0,18.55,53.75,19.4,,USDA_FDC_SR_LEGACY,12663,2018-04,True,
"Seeds, pumpkin and squash seeds, whole, roasted, without salt",,,NUTS_SEEDS,446.0,18.55,53.75,19.4,,USDA_FDC_SR_LEGACY,12163,2018-04,True,
"Seeds, pumpkin seeds (pepitas), raw",,,NUTS_SEEDS,514.84,29.91,18.68,40.03,,USDA_FDC_FOUNDATION,12014,2026-04-30,True,
"Seeds, safflower seed kernels, dried",,,NUTS_SEEDS,517.0,16.18,34.29,38.45,,USDA_FDC_SR_LEGACY,12021,2018-04,True,
"Seeds, safflower seed meal, partially defatted",,,NUTS_SEEDS,342.0,35.62,48.73,2.39,,USDA_FDC_SR_LEGACY,12022,2018-04,True,
"Seeds, sesame butter, paste",,,NUTS_SEEDS,586.0,18.08,24.05,50.87,,USDA_FDC_SR_LEGACY,12169,2018-04,True,
"Seeds, sesame butter, tahini, from raw and stone ground kernels",,,NUTS_SEEDS,570.0,17.81,26.19,48.0,,USDA_FDC_SR_LEGACY,12198,2018-04,True,
"Seeds, sesame butter, tahini, from roasted and toasted kernels (most common type)",,,NUTS_SEEDS,595.0,17.0,21.19,53.76,,USDA_FDC_SR_LEGACY,12166,2018-04,True,
"Seeds, sesame butter, tahini, from unroasted kernels (non-chemically removed seed coat)",,,NUTS_SEEDS,607.0,17.95,17.89,56.44,,USDA_FDC_SR_LEGACY,12171,2018-04,True,
"Seeds, sesame butter, tahini, type of kernels unspecified",,,NUTS_SEEDS,592.0,17.4,21.5,53.01,,USDA_FDC_SR_LEGACY,12698,2018-04,True,
"Seeds, sesame flour, high-fat",,,NUTS_SEEDS,526.0,30.78,26.62,37.1,,USDA_FDC_SR_LEGACY,12170,2018-04,True,
"Seeds, sesame flour, low-fat",,,NUTS_SEEDS,333.0,50.14,35.51,1.75,,USDA_FDC_SR_LEGACY,12033,2018-04,True,
"Seeds, sesame flour, partially defatted",,,NUTS_SEEDS,382.0,40.32,35.14,11.89,,USDA_FDC_SR_LEGACY,12032,2018-04,True,
"Seeds, sesame meal, partially defatted",,,NUTS_SEEDS,567.0,16.96,26.04,48.0,,USDA_FDC_SR_LEGACY,12034,2018-04,True,
"Seeds, sesame seed kernels, dried (decorticated)",,,NUTS_SEEDS,631.0,20.45,11.73,61.21,,USDA_FDC_SR_LEGACY,12201,2018-04,True,
"Seeds, sesame seed kernels, toasted, with salt added (decorticated)",,,NUTS_SEEDS,567.0,16.96,26.04,48.0,,USDA_FDC_SR_LEGACY,12529,2018-04,True,
"Seeds, sesame seed kernels, toasted, without salt added (decorticated)",,,NUTS_SEEDS,567.0,16.96,26.04,48.0,,USDA_FDC_SR_LEGACY,12029,2018-04,True,
"Seeds, sesame seeds, whole, dried",,,NUTS_SEEDS,573.0,17.73,23.45,49.67,,USDA_FDC_SR_LEGACY,12023,2018-04,True,
"Seeds, sesame seeds, whole, roasted and toasted",,,NUTS_SEEDS,565.0,16.96,25.74,48.0,,USDA_FDC_SR_LEGACY,12024,2018-04,True,
"Seeds, sisymbrium sp. seeds, whole, dried",,,NUTS_SEEDS,318.0,12.14,58.26,4.6,,USDA_FDC_SR_LEGACY,12193,2018-04,True,
"Seeds, sunflower seed butter, with salt added (Includes foods for USDA's Food Distribution Program)",,,NUTS_SEEDS,617.0,17.28,23.32,55.2,,USDA_FDC_SR_LEGACY,12540,2018-04,True,
"Seeds, sunflower seed butter, without salt",,,NUTS_SEEDS,617.0,17.28,23.32,55.2,,USDA_FDC_SR_LEGACY,12040,2018-04,True,
"Seeds, sunflower seed flour, partially defatted",,,NUTS_SEEDS,326.0,48.06,35.83,1.61,,USDA_FDC_SR_LEGACY,12041,2018-04,True,
"Seeds, sunflower seed kernels from shell, dry roasted, with salt added",,,NUTS_SEEDS,546.0,19.33,15.31,49.8,,USDA_FDC_SR_LEGACY,12536,2018-04,True,
"Seeds, sunflower seed kernels, dried",,,NUTS_SEEDS,584.0,20.78,20.0,51.46,,USDA_FDC_SR_LEGACY,12036,2018-04,True,
"Seeds, sunflower seed kernels, dry roasted, with salt added",,,NUTS_SEEDS,612.0,21.0,17.1,56.1,,USDA_FDC_FOUNDATION,12537,2026-04-30,True,
"Seeds, sunflower seed kernels, dry roasted, without salt",,,NUTS_SEEDS,582.0,19.33,24.07,49.8,,USDA_FDC_SR_LEGACY,12037,2018-04,True,
"Seeds, sunflower seed kernels, oil roasted, with salt added",,,NUTS_SEEDS,592.0,20.06,22.89,51.3,,USDA_FDC_SR_LEGACY,12538,2018-04,True,
"Seeds, sunflower seed kernels, oil roasted, without salt",,,NUTS_SEEDS,592.0,20.06,22.89,51.3,,USDA_FDC_SR_LEGACY,12038,2018-04,True,
"Seeds, sunflower seed kernels, toasted, with salt added",,,NUTS_SEEDS,619.0,17.21,20.59,56.8,,USDA_FDC_SR_LEGACY,12539,2018-04,True,
"Seeds, sunflower seed kernels, toasted, without salt",,,NUTS_SEEDS,619.0,17.21,20.59,56.8,,USDA_FDC_SR_LEGACY,12039,2018-04,True,
"Seeds, sunflower seed, kernel, raw",,,NUTS_SEEDS,570.65,18.87,24.5,48.44,,USDA_FDC_FOUNDATION,12036,2026-04-30,True,
"Seeds, watermelon seed kernels, dried",,,NUTS_SEEDS,557.0,28.33,15.31,47.37,,USDA_FDC_SR_LEGACY,12174,2018-04,True,
"Sesame butter, creamy",,,NUTS_SEEDS,648.37,19.71,14.18,62.4,,USDA_FDC_FOUNDATION,100271,2026-04-30,True,
"APPLEBEE'S, 9 oz house sirloin steak",,,OTHER,189.0,26.85,0.0,9.08,,USDA_FDC_SR_LEGACY,36000,2018-04,True,
"APPLEBEE'S, Double Crunch Shrimp",,,OTHER,323.0,12.31,25.96,18.9,,USDA_FDC_SR_LEGACY,36001,2018-04,True,
"APPLEBEE'S, KRAFT, Macaroni & Cheese, from kid's menu",,,OTHER,143.0,5.01,21.08,4.34,,USDA_FDC_SR_LEGACY,36003,2018-04,True,
"APPLEBEE'S, chicken tenders platter",,,OTHER,297.0,19.62,17.98,16.24,,USDA_FDC_SR_LEGACY,36023,2018-04,True,
"APPLEBEE'S, chicken tenders, from kids' menu",,,OTHER,296.0,19.25,18.36,16.15,,USDA_FDC_SR_LEGACY,36005,2018-04,True,
"APPLEBEE'S, chili",,,OTHER,157.0,12.56,4.57,9.79,,USDA_FDC_SR_LEGACY,36019,2018-04,True,
"APPLEBEE'S, coleslaw",,,OTHER,120.0,0.79,13.17,7.09,,USDA_FDC_SR_LEGACY,36021,2018-04,True,
"APPLEBEE'S, crunchy onion rings",,,OTHER,356.0,4.58,40.17,19.61,,USDA_FDC_SR_LEGACY,36022,2018-04,True,
"APPLEBEE'S, fish, hand battered",,,OTHER,202.0,13.23,16.65,9.14,,USDA_FDC_SR_LEGACY,36018,2018-04,True,
"APPLEBEE'S, french fries",,,OTHER,290.0,3.31,39.5,13.17,,USDA_FDC_SR_LEGACY,36002,2018-04,True,
"APPLEBEE'S, mozzarella sticks",,,OTHER,316.0,14.87,22.87,18.37,,USDA_FDC_SR_LEGACY,36004,2018-04,True,
"ARBY'S, roast beef sandwich, classic",,,OTHER,242.0,15.17,22.21,10.3,,USDA_FDC_SR_LEGACY,21527,2018-04,True,
Acorn stew (Apache),,,OTHER,95.0,6.81,9.22,3.47,,USDA_FDC_SR_LEGACY,35182,2018-04,True,
"Agave, cooked (Southwest)",,,OTHER,135.0,0.99,32.0,0.29,,USDA_FDC_SR_LEGACY,35193,2018-04,True,
"Agave, dried (Southwest)",,,OTHER,341.0,1.71,81.98,0.69,,USDA_FDC_SR_LEGACY,35194,2018-04,True,
"Agave, raw (Southwest)",,,OTHER,68.0,0.52,16.23,0.15,,USDA_FDC_SR_LEGACY,35192,2018-04,True,
"Agutuk, fish with shortening (Alaskan ice cream) (Alaska Native)",,,OTHER,470.0,9.0,10.5,43.5,,USDA_FDC_SR_LEGACY,35225,2018-04,True,
"Agutuk, fish/berry with seal oil (Alaskan ice cream) (Alaska Native)",,,OTHER,353.0,3.4,13.4,31.8,,USDA_FDC_SR_LEGACY,35001,2018-04,True,
"Agutuk, meat-caribou (Alaskan ice cream) (Alaska Native)",,,OTHER,258.0,21.7,0.9,18.6,,USDA_FDC_SR_LEGACY,35003,2018-04,True,
"Andrea's, Gluten Free Soft Dinner Roll",,,OTHER,257.0,5.65,40.24,8.2,,USDA_FDC_SR_LEGACY,28354,2018-04,True,
"Archway Home Style Cookies, Chocolate Chip Ice Box",,,OTHER,497.0,4.28,65.02,24.4,,USDA_FDC_SR_LEGACY,18522,2018-04,True,
"Archway Home Style Cookies, Coconut Macaroon",,,OTHER,460.0,3.02,61.23,22.55,,USDA_FDC_SR_LEGACY,18524,2018-04,True,
"Archway Home Style Cookies, Date Filled Oatmeal",,,OTHER,400.0,4.67,68.16,12.05,,USDA_FDC_SR_LEGACY,18527,2018-04,True,
"Archway Home Style Cookies, Dutch Cocoa",,,OTHER,431.0,4.5,69.44,14.99,,USDA_FDC_SR_LEGACY,18528,2018-04,True,
"Archway Home Style Cookies, Frosty Lemon",,,OTHER,430.0,4.41,64.78,17.11,,USDA_FDC_SR_LEGACY,18529,2018-04,True,
"Archway Home Style Cookies, Iced Molasses",,,OTHER,420.0,3.5,69.12,14.43,,USDA_FDC_SR_LEGACY,18532,2018-04,True,
"Archway Home Style Cookies, Iced Oatmeal",,,OTHER,435.0,4.89,66.76,16.53,,USDA_FDC_SR_LEGACY,18533,2018-04,True,
"Archway Home Style Cookies, Molasses",,,OTHER,403.0,4.25,69.41,12.06,,USDA_FDC_SR_LEGACY,18535,2018-04,True,
"Archway Home Style Cookies, Oatmeal",,,OTHER,421.0,5.48,68.17,14.08,,USDA_FDC_SR_LEGACY,18537,2018-04,True,
"Archway Home Style Cookies, Oatmeal Raisin",,,OTHER,406.0,5.17,69.27,12.08,,USDA_FDC_SR_LEGACY,18538,2018-04,True,
"Archway Home Style Cookies, Old Fashioned Molasses",,,OTHER,406.0,4.27,70.55,11.83,,USDA_FDC_SR_LEGACY,18539,2018-04,True,
"Archway Home Style Cookies, Old Fashioned Windmill Cookies",,,OTHER,468.0,5.17,72.23,17.55,,USDA_FDC_SR_LEGACY,18540,2018-04,True,
"Archway Home Style Cookies, Peanut Butter",,,OTHER,480.0,9.0,58.48,24.28,,USDA_FDC_SR_LEGACY,18541,2018-04,True,
"Archway Home Style Cookies, Raspberry Filled",,,OTHER,400.0,4.35,65.92,13.26,,USDA_FDC_SR_LEGACY,18544,2018-04,True,
"Archway Home Style Cookies, Reduced Fat Ginger Snaps",,,OTHER,424.0,4.67,76.23,11.14,,USDA_FDC_SR_LEGACY,18562,2018-04,True,
"Archway Home Style Cookies, Strawberry Filled",,,OTHER,400.0,4.35,65.92,13.26,,USDA_FDC_SR_LEGACY,18547,2018-04,True,
"Archway Home Style Cookies, Sugar Free Oatmeal",,,OTHER,442.0,5.54,67.2,20.92,,USDA_FDC_SR_LEGACY,18513,2018-04,True,
"Artificial Blueberry Muffin Mix, dry",,,OTHER,407.0,4.7,77.45,8.7,,USDA_FDC_SR_LEGACY,18566,2018-04,True,
Ascidians (tunughnak) (Alaska Native),,,OTHER,20.0,3.8,0.0,0.5,,USDA_FDC_SR_LEGACY,35004,2018-04,True,
"BANQUET, Salisbury Steak With Gravy, family size, frozen, unprepared",,,OTHER,155.0,6.89,6.96,11.1,,USDA_FDC_SR_LEGACY,32035,2018-04,True,
"BURGER KING, CROISSAN'WICH with Egg and Cheese",,,OTHER,283.0,10.35,24.79,15.78,,USDA_FDC_SR_LEGACY,21385,2018-04,True,
"BURGER KING, CROISSAN'WICH with Sausage and Cheese",,,OTHER,376.0,13.73,23.0,25.45,,USDA_FDC_SR_LEGACY,21384,2018-04,True,
"BURGER KING, CROISSAN'WICH with Sausage, Egg and Cheese",,,OTHER,308.0,12.09,15.9,21.78,,USDA_FDC_SR_LEGACY,21383,2018-04,True,
"BURGER KING, Cheeseburger",,,OTHER,286.0,14.57,23.71,14.81,,USDA_FDC_SR_LEGACY,21251,2018-04,True,
"BURGER KING, Chicken Strips",,,OTHER,292.0,18.2,20.49,15.25,,USDA_FDC_SR_LEGACY,21256,2018-04,True,
"BURGER KING, DOUBLE WHOPPER, no cheese",,,OTHER,252.0,13.94,13.74,15.66,,USDA_FDC_SR_LEGACY,21254,2018-04,True,
"BURGER KING, DOUBLE WHOPPER, with cheese",,,OTHER,266.0,14.47,13.52,17.06,,USDA_FDC_SR_LEGACY,21255,2018-04,True,
"BURGER KING, Double Cheeseburger",,,OTHER,282.0,16.83,17.43,16.13,,USDA_FDC_SR_LEGACY,21506,2018-04,True,
"BURGER KING, Hamburger",,,OTHER,261.0,14.85,26.76,10.55,,USDA_FDC_SR_LEGACY,21250,2018-04,True,
"BURGER KING, Hash Brown Rounds",,,OTHER,302.0,2.8,29.37,19.3,,USDA_FDC_SR_LEGACY,21387,2018-04,True,
"BURGER KING, Onion Rings",,,OTHER,417.0,3.86,43.58,25.23,,USDA_FDC_SR_LEGACY,21509,2018-04,True,
"BURGER KING, Original Chicken Sandwich",,,OTHER,286.0,12.14,26.22,14.69,,USDA_FDC_SR_LEGACY,21259,2018-04,True,
"BURGER KING, Premium Fish Sandwich",,,OTHER,260.0,10.29,26.69,12.45,,USDA_FDC_SR_LEGACY,21258,2018-04,True,
"BURGER KING, Vanilla Shake",,,OTHER,168.0,3.19,19.03,8.74,,USDA_FDC_SR_LEGACY,21141,2018-04,True,
"BURGER KING, WHOPPER, no cheese",,,OTHER,233.0,10.74,18.55,12.84,,USDA_FDC_SR_LEGACY,21252,2018-04,True,
"BURGER KING, WHOPPER, with cheese",,,OTHER,250.0,11.19,16.7,15.33,,USDA_FDC_SR_LEGACY,21253,2018-04,True,
"BURGER KING, french fries",,,OTHER,280.0,3.23,38.7,12.48,,USDA_FDC_SR_LEGACY,21249,2018-04,True,
"BURGER KING, french toast sticks",,,OTHER,349.0,6.0,41.21,17.74,,USDA_FDC_SR_LEGACY,21386,2018-04,True,
"Babyfood, Baby MUM MUM Rice Biscuits",,,OTHER,391.0,12.5,83.21,0.87,,USDA_FDC_SR_LEGACY,3997,2018-04,True,
"Babyfood, GERBER, 2nd Foods, apple, carrot and squash, organic",,,OTHER,64.0,1.1,14.82,0.0,,USDA_FDC_SR_LEGACY,3022,2018-04,True,
"Babyfood, GERBER, 3rd Foods, apple, mango and kiwi",,,OTHER,48.0,0.47,12.88,0.0,,USDA_FDC_SR_LEGACY,3025,2018-04,True,
"Babyfood, GERBER, Banana with orange medley",,,OTHER,69.0,1.06,20.41,0.0,,USDA_FDC_SR_LEGACY,33878,2018-04,True,
"Babyfood, GERBER, GRADUATES Lil Biscuits Vanilla Wheat",,,OTHER,407.0,7.97,72.48,9.27,,USDA_FDC_SR_LEGACY,3216,2018-04,True,
"Babyfood, Multigrain whole grain cereal, dry fortified",,,OTHER,407.0,6.67,80.06,6.67,,USDA_FDC_SR_LEGACY,3996,2018-04,True,
"Babyfood, Snack, GERBER, GRADUATES, LIL CRUNCHIES, baked whole grain corn snack",,,OTHER,503.0,0.0,61.59,28.57,,USDA_FDC_SR_LEGACY,3998,2018-04,True,
"Babyfood, apple yogurt dessert, strained",,,OTHER,93.0,0.8,19.5,1.6,,USDA_FDC_SR_LEGACY,42150,2018-04,True,
"Babyfood, apple-banana juice",,,OTHER,51.0,0.2,12.3,0.1,,USDA_FDC_SR_LEGACY,3167,2018-04,True,
"Babyfood, apples with ham, strained",,,OTHER,62.0,2.6,10.9,0.9,,USDA_FDC_SR_LEGACY,3289,2018-04,True,
"Babyfood, apples, dices, toddler",,,OTHER,50.0,0.19,11.56,0.36,,USDA_FDC_SR_LEGACY,3115,2018-04,True,
"Babyfood, baked product, finger snacks cereal fortified",,,OTHER,421.0,6.4,76.68,9.9,,USDA_FDC_SR_LEGACY,42284,2018-04,True,
"Babyfood, banana apple dessert, strained",,,OTHER,68.0,0.3,16.3,0.2,,USDA_FDC_SR_LEGACY,43550,2018-04,True,
"Babyfood, banana juice with low fat yogurt",,,OTHER,86.0,2.5,17.54,0.8,,USDA_FDC_SR_LEGACY,42119,2018-04,True,
"Babyfood, banana no tapioca, strained",,,OTHER,91.0,1.0,21.34,0.2,,USDA_FDC_SR_LEGACY,43546,2018-04,True,
"Babyfood, banana with mixed berries, strained",,,OTHER,92.0,1.01,21.31,0.36,,USDA_FDC_SR_LEGACY,3995,2018-04,True,
"Babyfood, beverage, GERBER, GRADUATES, FRUIT SPLASHERS",,,OTHER,29.0,0.0,7.35,0.0,,USDA_FDC_SR_LEGACY,3301,2018-04,True,
"Babyfood, carrots and beef, strained",,,OTHER,59.0,3.4,5.7,2.5,,USDA_FDC_SR_LEGACY,3290,2018-04,True,
"Babyfood, carrots, toddler",,,OTHER,21.0,0.6,5.23,0.3,,USDA_FDC_SR_LEGACY,42316,2018-04,True,
"Babyfood, cereal, Oatmeal, dry, GERBER, SINGLE GRAIN, fortified",,,OTHER,396.0,10.94,73.57,6.42,,USDA_FDC_SR_LEGACY,3113,2018-04,True,
"Babyfood, cereal, barley, dry fortified",,,OTHER,376.0,13.2,69.4,6.6,,USDA_FDC_SR_LEGACY,3181,2018-04,True,
"Babyfood, cereal, barley, prepared with whole milk",,,OTHER,84.0,3.73,9.94,3.26,,USDA_FDC_SR_LEGACY,3681,2018-04,True,
"Babyfood, cereal, brown rice, dry, instant",,,OTHER,406.0,8.7,85.98,3.0,,USDA_FDC_SR_LEGACY,42285,2018-04,True,
"Babyfood, cereal, egg yolks and bacon, junior",,,OTHER,79.0,2.5,6.2,5.0,,USDA_FDC_SR_LEGACY,3201,2018-04,True,
"Babyfood, cereal, high protein, prepared with whole milk",,,OTHER,111.0,8.7,11.6,3.8,,USDA_FDC_SR_LEGACY,3682,2018-04,True,
"Babyfood, cereal, high protein, with apple and orange, dry",,,OTHER,374.0,25.4,57.6,6.5,,USDA_FDC_SR_LEGACY,3211,2018-04,True,
"Babyfood, cereal, high protein, with apple and orange, prepared with whole milk",,,OTHER,112.0,6.9,13.4,3.9,,USDA_FDC_SR_LEGACY,3711,2018-04,True,
"Babyfood, cereal, mixed, dry fortified",,,OTHER,399.0,6.66,78.21,6.66,,USDA_FDC_SR_LEGACY,3185,2018-04,True,
"Babyfood, cereal, mixed, prepared with whole milk",,,OTHER,96.0,4.14,12.3,3.38,,USDA_FDC_SR_LEGACY,3685,2018-04,True,
"Babyfood, cereal, mixed, with applesauce and bananas, junior, fortified",,,OTHER,84.0,0.71,18.79,0.51,,USDA_FDC_SR_LEGACY,3188,2018-04,True,
"Babyfood, cereal, mixed, with applesauce and bananas, strained",,,OTHER,82.0,0.71,18.38,0.51,,USDA_FDC_SR_LEGACY,3187,2018-04,True,
"Babyfood, cereal, mixed, with bananas, dry",,,OTHER,391.0,10.7,77.1,4.6,,USDA_FDC_SR_LEGACY,3186,2018-04,True,
"Babyfood, cereal, mixed, with bananas, prepared with whole milk",,,OTHER,86.0,3.82,10.0,3.46,,USDA_FDC_SR_LEGACY,3686,2018-04,True,
"Babyfood, cereal, mixed, with honey, prepared with whole milk",,,OTHER,115.0,5.0,15.9,3.6,,USDA_FDC_SR_LEGACY,3704,2018-04,True,
"Babyfood, cereal, oatmeal, dry fortified",,,OTHER,394.0,10.99,73.48,6.36,,USDA_FDC_SR_LEGACY,3189,2018-04,True,
"Babyfood, cereal, oatmeal, prepared with whole milk",,,OTHER,116.0,5.0,15.3,4.1,,USDA_FDC_SR_LEGACY,3689,2018-04,True,
"Babyfood, cereal, oatmeal, with applesauce and bananas, junior, fortified",,,OTHER,76.0,0.89,16.03,0.89,,USDA_FDC_SR_LEGACY,3192,2018-04,True,
"Babyfood, cereal, oatmeal, with applesauce and bananas, strained",,,OTHER,75.0,0.89,15.62,0.89,,USDA_FDC_SR_LEGACY,3191,2018-04,True,
"Babyfood, cereal, oatmeal, with bananas, dry",,,OTHER,399.0,6.67,78.07,6.67,,USDA_FDC_SR_LEGACY,3190,2018-04,True,
"Babyfood, cereal, oatmeal, with bananas, prepared with whole milk",,,OTHER,86.0,3.82,10.0,3.46,,USDA_FDC_SR_LEGACY,3690,2018-04,True,
"Babyfood, cereal, oatmeal, with honey, dry",,,OTHER,391.0,13.5,69.3,7.0,,USDA_FDC_SR_LEGACY,3193,2018-04,True,
"Babyfood, cereal, oatmeal, with honey, prepared with whole milk",,,OTHER,115.0,5.0,15.3,3.9,,USDA_FDC_SR_LEGACY,3693,2018-04,True,
"Babyfood, cereal, rice with pears and apple, dry, instant fortified",,,OTHER,389.0,6.6,88.5,0.9,,USDA_FDC_SR_LEGACY,43544,2018-04,True,
"Babyfood, cereal, rice, dry fortified",,,OTHER,390.0,6.65,83.14,2.19,,USDA_FDC_SR_LEGACY,3194,2018-04,True,
"Babyfood, cereal, rice, prepared with whole milk",,,OTHER,85.0,3.45,10.31,3.38,,USDA_FDC_SR_LEGACY,3694,2018-04,True,
"Babyfood, cereal, rice, with applesauce and bananas, strained",,,OTHER,80.0,1.2,17.1,0.4,,USDA_FDC_SR_LEGACY,3195,2018-04,True,
"Babyfood, cereal, rice, with bananas, dry",,,OTHER,404.0,8.7,79.9,4.2,,USDA_FDC_SR_LEGACY,3212,2018-04,True,
"Babyfood, cereal, rice, with bananas, prepared with whole milk",,,OTHER,86.0,3.57,10.49,3.32,,USDA_FDC_SR_LEGACY,3712,2018-04,True,
"Babyfood, cereal, rice, with honey, prepared with whole milk",,,OTHER,115.0,3.9,17.1,3.3,,USDA_FDC_SR_LEGACY,3696,2018-04,True,
"Babyfood, cereal, whole wheat, with apples, dry fortified",,,OTHER,402.0,6.6,83.2,4.8,,USDA_FDC_SR_LEGACY,3184,2018-04,True,
"Babyfood, cereal, with egg yolks, junior",,,OTHER,52.0,1.9,7.1,1.8,,USDA_FDC_SR_LEGACY,3198,2018-04,True,
"Babyfood, cereal, with egg yolks, strained",,,OTHER,51.0,1.9,7.0,1.8,,USDA_FDC_SR_LEGACY,3197,2018-04,True,
"Babyfood, cereal, with eggs, strained",,,OTHER,58.0,2.2,8.0,1.5,,USDA_FDC_SR_LEGACY,3199,2018-04,True,
"Babyfood, cherry cobbler, junior",,,OTHER,78.0,0.3,19.2,0.1,,USDA_FDC_SR_LEGACY,3222,2018-04,True,
"Babyfood, cookie, baby, fruit",,,OTHER,435.0,6.8,73.7,12.6,,USDA_FDC_SR_LEGACY,3206,2018-04,True,
"Babyfood, cookies",,,OTHER,433.0,11.8,67.1,13.2,,USDA_FDC_SR_LEGACY,3213,2018-04,True,
"Babyfood, cookies, arrowroot",,,OTHER,424.0,7.6,75.4,10.0,,USDA_FDC_SR_LEGACY,3214,2018-04,True,
"Babyfood, corn and sweet potatoes, strained",,,OTHER,68.0,1.26,15.23,0.28,,USDA_FDC_SR_LEGACY,3934,2018-04,True,
"Babyfood, crackers, vegetable",,,OTHER,477.0,8.4,66.85,19.6,,USDA_FDC_SR_LEGACY,3209,2018-04,True,
"Babyfood, dessert, banana pudding, strained",,,OTHER,68.0,1.0,14.14,0.8,,USDA_FDC_SR_LEGACY,43004,2018-04,True,
"Babyfood, dessert, banana yogurt, strained",,,OTHER,78.0,1.1,17.35,0.52,,USDA_FDC_SR_LEGACY,43539,2018-04,True,
"Babyfood, dessert, blueberry yogurt, strained",,,OTHER,77.0,0.5,17.05,0.7,,USDA_FDC_SR_LEGACY,43537,2018-04,True,
"Babyfood, dessert, cherry vanilla pudding, junior",,,OTHER,69.0,0.2,18.4,0.2,,USDA_FDC_SR_LEGACY,3225,2018-04,True,
"Babyfood, dessert, cherry vanilla pudding, strained",,,OTHER,68.0,0.2,17.8,0.3,,USDA_FDC_SR_LEGACY,3224,2018-04,True,
"Babyfood, dessert, custard pudding, vanilla, junior",,,OTHER,86.0,1.76,17.58,0.98,,USDA_FDC_SR_LEGACY,3246,2018-04,True,
"Babyfood, dessert, custard pudding, vanilla, strained",,,OTHER,85.0,1.6,16.0,2.0,,USDA_FDC_SR_LEGACY,3245,2018-04,True,
"Babyfood, dessert, dutch apple, junior",,,OTHER,79.0,0.2,19.18,0.16,,USDA_FDC_SR_LEGACY,3221,2018-04,True,
"Babyfood, dessert, dutch apple, strained",,,OTHER,75.0,0.2,19.74,0.4,,USDA_FDC_SR_LEGACY,3220,2018-04,True,
"Babyfood, dessert, fruit dessert, without ascorbic acid, junior",,,OTHER,63.0,0.3,17.2,0.0,,USDA_FDC_SR_LEGACY,3236,2018-04,True,
"Babyfood, dessert, fruit dessert, without ascorbic acid, strained",,,OTHER,59.0,0.3,16.0,0.0,,USDA_FDC_SR_LEGACY,3235,2018-04,True,
"Babyfood, dessert, fruit pudding, orange, strained",,,OTHER,80.0,1.1,17.7,0.9,,USDA_FDC_SR_LEGACY,3226,2018-04,True,
"Babyfood, dessert, fruit pudding, pineapple, strained",,,OTHER,81.0,1.3,20.3,0.3,,USDA_FDC_SR_LEGACY,3233,2018-04,True,
"Babyfood, dessert, peach cobbler, junior",,,OTHER,67.0,0.3,18.3,0.0,,USDA_FDC_SR_LEGACY,3228,2018-04,True,
"Babyfood, dessert, peach cobbler, strained",,,OTHER,65.0,0.3,17.8,0.0,,USDA_FDC_SR_LEGACY,3227,2018-04,True,
"Babyfood, dessert, peach melba, junior",,,OTHER,60.0,0.3,16.4,0.0,,USDA_FDC_SR_LEGACY,3230,2018-04,True,
"Babyfood, dessert, peach melba, strained",,,OTHER,60.0,0.2,16.5,0.0,,USDA_FDC_SR_LEGACY,3229,2018-04,True,
"Babyfood, dessert, peach yogurt",,,OTHER,77.0,0.9,17.6,0.18,,USDA_FDC_SR_LEGACY,43536,2018-04,True,
"Babyfood, dessert, tropical fruit, junior",,,OTHER,60.0,0.2,16.4,0.0,,USDA_FDC_SR_LEGACY,3238,2018-04,True,
"Babyfood, dinner, apples and chicken, strained",,,OTHER,65.0,2.16,10.88,1.38,,USDA_FDC_SR_LEGACY,3297,2018-04,True,
"Babyfood, dinner, beef and rice, toddler",,,OTHER,82.0,5.0,8.8,2.9,,USDA_FDC_SR_LEGACY,3049,2018-04,True,
"Babyfood, dinner, beef lasagna, toddler",,,OTHER,77.0,4.2,10.0,2.1,,USDA_FDC_SR_LEGACY,3043,2018-04,True,
"Babyfood, dinner, beef noodle, junior",,,OTHER,57.0,2.5,7.3,1.9,,USDA_FDC_SR_LEGACY,3287,2018-04,True,
"Babyfood, dinner, beef noodle, strained",,,OTHER,63.0,2.44,8.18,2.26,,USDA_FDC_SR_LEGACY,3047,2018-04,True,
"Babyfood, dinner, beef with vegetables",,,OTHER,96.0,2.03,6.36,6.93,,USDA_FDC_SR_LEGACY,3055,2018-04,True,
"Babyfood, dinner, broccoli and chicken, junior",,,OTHER,62.0,3.59,6.34,2.48,,USDA_FDC_SR_LEGACY,3298,2018-04,True,
"Babyfood, dinner, chicken and rice",,,OTHER,51.0,1.6,9.2,0.9,,USDA_FDC_SR_LEGACY,43008,2018-04,True,
"Babyfood, dinner, chicken noodle, junior",,,OTHER,74.0,3.53,7.8,3.23,,USDA_FDC_SR_LEGACY,3069,2018-04,True,
"Babyfood, dinner, chicken noodle, strained",,,OTHER,74.0,3.53,7.81,3.22,,USDA_FDC_SR_LEGACY,3068,2018-04,True,
"Babyfood, dinner, chicken soup, strained",,,OTHER,50.0,1.6,7.2,1.7,,USDA_FDC_SR_LEGACY,3070,2018-04,True,
"Babyfood, dinner, chicken stew, toddler",,,OTHER,78.0,5.2,6.4,3.7,,USDA_FDC_SR_LEGACY,3072,2018-04,True,
"Babyfood, dinner, macaroni and cheese, junior",,,OTHER,61.0,2.6,8.2,2.0,,USDA_FDC_SR_LEGACY,3090,2018-04,True,
"Babyfood, dinner, macaroni and cheese, strained",,,OTHER,67.0,3.14,8.95,2.11,,USDA_FDC_SR_LEGACY,3089,2018-04,True,
"Babyfood, dinner, macaroni and tomato and beef, junior",,,OTHER,59.0,2.5,9.4,1.1,,USDA_FDC_SR_LEGACY,3045,2018-04,True,
"Babyfood, dinner, macaroni and tomato and beef, strained",,,OTHER,61.0,2.36,9.45,1.47,,USDA_FDC_SR_LEGACY,3044,2018-04,True,
"Babyfood, dinner, macaroni, beef and tomato sauce, toddler",,,OTHER,82.0,4.34,11.53,1.9,,USDA_FDC_SR_LEGACY,43432,2018-04,True,
"Babyfood, dinner, mixed vegetable, junior",,,OTHER,34.0,1.01,7.88,0.11,,USDA_FDC_SR_LEGACY,3279,2018-04,True,
"Babyfood, dinner, mixed vegetable, strained",,,OTHER,41.0,1.2,9.5,0.1,,USDA_FDC_SR_LEGACY,3278,2018-04,True,
"Babyfood, dinner, pasta with vegetables",,,OTHER,60.0,1.7,8.4,2.1,,USDA_FDC_SR_LEGACY,3077,2018-04,True,
"Babyfood, dinner, spaghetti and tomato and meat, junior",,,OTHER,68.0,2.57,11.42,1.37,,USDA_FDC_SR_LEGACY,3050,2018-04,True,
"Babyfood, dinner, spaghetti and tomato and meat, toddler",,,OTHER,75.0,5.3,10.8,1.0,,USDA_FDC_SR_LEGACY,3051,2018-04,True,
"Babyfood, dinner, sweet potatoes and chicken, strained",,,OTHER,74.0,2.51,11.04,2.17,,USDA_FDC_SR_LEGACY,3303,2018-04,True,
"Babyfood, dinner, turkey and rice, junior",,,OTHER,56.0,2.37,9.57,0.92,,USDA_FDC_SR_LEGACY,3083,2018-04,True,
"Babyfood, dinner, turkey and rice, strained",,,OTHER,52.0,2.27,7.94,1.24,,USDA_FDC_SR_LEGACY,3082,2018-04,True,
"Babyfood, dinner, turkey, rice, and vegetables, toddler",,,OTHER,60.0,3.8,7.5,1.6,,USDA_FDC_SR_LEGACY,3296,2018-04,True,
"Babyfood, dinner, vegetables and beef, junior",,,OTHER,77.0,2.21,8.84,3.6,,USDA_FDC_SR_LEGACY,3054,2018-04,True,
"Babyfood, dinner, vegetables and beef, strained",,,OTHER,77.0,2.21,8.84,3.6,,USDA_FDC_SR_LEGACY,3053,2018-04,True,
"Babyfood, dinner, vegetables and chicken, junior",,,OTHER,53.0,2.04,8.66,1.12,,USDA_FDC_SR_LEGACY,3274,2018-04,True,
"Babyfood, dinner, vegetables and dumplings and beef, junior",,,OTHER,48.0,2.1,8.0,0.8,,USDA_FDC_SR_LEGACY,3042,2018-04,True,
"Babyfood, dinner, vegetables and dumplings and beef, strained",,,OTHER,48.0,2.0,7.7,0.9,,USDA_FDC_SR_LEGACY,3041,2018-04,True,
"Babyfood, dinner, vegetables and lamb, junior",,,OTHER,51.0,2.1,7.1,1.7,,USDA_FDC_SR_LEGACY,3067,2018-04,True,
"Babyfood, dinner, vegetables and noodles and turkey, junior",,,OTHER,52.0,1.8,7.6,1.5,,USDA_FDC_SR_LEGACY,3081,2018-04,True,
"Babyfood, dinner, vegetables and noodles and turkey, strained",,,OTHER,44.0,1.2,6.8,1.2,,USDA_FDC_SR_LEGACY,3079,2018-04,True,
"Babyfood, dinner, vegetables and turkey, junior",,,OTHER,53.0,1.72,7.55,1.74,,USDA_FDC_SR_LEGACY,3085,2018-04,True,
"Babyfood, dinner, vegetables and turkey, strained",,,OTHER,48.0,2.32,7.62,0.9,,USDA_FDC_SR_LEGACY,3084,2018-04,True,
"Babyfood, dinner, vegetables chicken, strained",,,OTHER,59.0,2.47,8.42,1.73,,USDA_FDC_SR_LEGACY,3073,2018-04,True,
"Babyfood, dinner, vegetables, noodles and chicken, junior",,,OTHER,64.0,1.7,9.1,2.2,,USDA_FDC_SR_LEGACY,3076,2018-04,True,
"Babyfood, dinner, vegetables, noodles and chicken, strained",,,OTHER,63.0,2.0,7.9,2.5,,USDA_FDC_SR_LEGACY,3075,2018-04,True,
"Babyfood, finger snacks, GERBER, GRADUATES, PUFFS, apple and cinnamon",,,OTHER,344.0,6.19,85.79,2.3,,USDA_FDC_SR_LEGACY,3023,2018-04,True,
"Babyfood, fortified cereal bar, fruit filling",,,OTHER,344.0,5.43,68.63,5.3,,USDA_FDC_SR_LEGACY,3964,2018-04,True,
"Babyfood, fruit and vegetable, apple and sweet potato",,,OTHER,64.0,0.3,15.3,0.22,,USDA_FDC_SR_LEGACY,3154,2018-04,True,
"Babyfood, fruit dessert, mango with tapioca",,,OTHER,70.0,0.3,19.0,0.2,,USDA_FDC_SR_LEGACY,3140,2018-04,True,
"Babyfood, fruit supreme dessert",,,OTHER,73.0,0.5,17.18,0.2,,USDA_FDC_SR_LEGACY,43585,2018-04,True,
"Babyfood, fruit, apple and blueberry, junior",,,OTHER,62.0,0.2,16.6,0.2,,USDA_FDC_SR_LEGACY,3165,2018-04,True,
"Babyfood, fruit, apple and blueberry, strained",,,OTHER,61.0,0.2,16.3,0.2,,USDA_FDC_SR_LEGACY,3164,2018-04,True,
"Babyfood, fruit, apple and raspberry, junior",,,OTHER,58.0,0.2,15.4,0.2,,USDA_FDC_SR_LEGACY,3153,2018-04,True,
"Babyfood, fruit, apple and raspberry, strained",,,OTHER,58.0,0.2,15.6,0.2,,USDA_FDC_SR_LEGACY,3152,2018-04,True,
"Babyfood, fruit, applesauce and apricots, junior",,,OTHER,47.0,0.2,12.4,0.2,,USDA_FDC_SR_LEGACY,3143,2018-04,True,
"Babyfood, fruit, applesauce and apricots, strained",,,OTHER,44.0,0.2,11.64,0.2,,USDA_FDC_SR_LEGACY,3142,2018-04,True,
"Babyfood, fruit, applesauce and cherries, junior",,,OTHER,51.0,0.0,14.1,0.0,,USDA_FDC_SR_LEGACY,3145,2018-04,True,
"Babyfood, fruit, applesauce and cherries, strained",,,OTHER,51.0,0.0,14.1,0.0,,USDA_FDC_SR_LEGACY,3144,2018-04,True,
"Babyfood, fruit, applesauce and pineapple, junior",,,OTHER,39.0,0.1,10.5,0.1,,USDA_FDC_SR_LEGACY,3151,2018-04,True,
"Babyfood, fruit, applesauce and pineapple, strained",,,OTHER,37.0,0.1,10.1,0.1,,USDA_FDC_SR_LEGACY,3150,2018-04,True,
"Babyfood, fruit, applesauce with banana, junior",,,OTHER,66.0,0.37,16.16,0.1,,USDA_FDC_SR_LEGACY,3147,2018-04,True,
"Babyfood, fruit, applesauce, junior",,,OTHER,37.0,0.0,10.3,0.0,,USDA_FDC_SR_LEGACY,3117,2018-04,True,
"Babyfood, fruit, applesauce, strained",,,OTHER,41.0,0.2,10.8,0.2,,USDA_FDC_SR_LEGACY,3116,2018-04,True,
"Babyfood, fruit, apricot with tapioca, junior",,,OTHER,63.0,0.3,17.3,0.0,,USDA_FDC_SR_LEGACY,3128,2018-04,True,
"Babyfood, fruit, apricot with tapioca, strained",,,OTHER,60.0,0.3,16.3,0.0,,USDA_FDC_SR_LEGACY,3118,2018-04,True,
"Babyfood, fruit, banana and strawberry, junior",,,OTHER,109.0,0.71,25.78,0.37,,USDA_FDC_SR_LEGACY,3994,2018-04,True,
"Babyfood, fruit, bananas and pineapple with tapioca, junior",,,OTHER,68.0,0.2,18.4,0.1,,USDA_FDC_SR_LEGACY,3156,2018-04,True,
"Babyfood, fruit, bananas and pineapple with tapioca, strained",,,OTHER,65.0,0.2,17.8,0.0,,USDA_FDC_SR_LEGACY,3157,2018-04,True,
"Babyfood, fruit, bananas with apples and pears, strained",,,OTHER,83.0,0.9,19.31,0.22,,USDA_FDC_SR_LEGACY,3163,2018-04,True,
"Babyfood, fruit, bananas with tapioca, junior",,,OTHER,67.0,0.4,17.8,0.2,,USDA_FDC_SR_LEGACY,3280,2018-04,True,
"Babyfood, fruit, bananas with tapioca, strained",,,OTHER,56.0,0.4,15.3,0.1,,USDA_FDC_SR_LEGACY,3129,2018-04,True,
"Babyfood, fruit, guava and papaya with tapioca, strained",,,OTHER,63.0,0.2,17.0,0.1,,USDA_FDC_SR_LEGACY,3160,2018-04,True,
"Babyfood, fruit, papaya and applesauce with tapioca, strained",,,OTHER,70.0,0.2,18.9,0.1,,USDA_FDC_SR_LEGACY,3162,2018-04,True,
"Babyfood, fruit, peaches, junior",,,OTHER,65.0,0.94,14.48,0.33,,USDA_FDC_SR_LEGACY,3131,2018-04,True,
"Babyfood, fruit, peaches, strained",,,OTHER,65.0,0.94,14.48,0.33,,USDA_FDC_SR_LEGACY,3130,2018-04,True,
"Babyfood, fruit, pears and pineapple, junior",,,OTHER,44.0,0.3,11.4,0.2,,USDA_FDC_SR_LEGACY,3159,2018-04,True,
"Babyfood, fruit, pears and pineapple, strained",,,OTHER,41.0,0.3,10.9,0.1,,USDA_FDC_SR_LEGACY,3158,2018-04,True,
"Babyfood, fruit, pears, junior",,,OTHER,44.0,0.3,11.6,0.1,,USDA_FDC_SR_LEGACY,3133,2018-04,True,
"Babyfood, fruit, pears, strained",,,OTHER,42.0,0.3,10.8,0.2,,USDA_FDC_SR_LEGACY,3132,2018-04,True,
"Babyfood, fruit, plums with tapioca, without ascorbic acid, junior",,,OTHER,74.0,0.1,20.5,0.0,,USDA_FDC_SR_LEGACY,3135,2018-04,True,
"Babyfood, fruit, plums with tapioca, without ascorbic acid, strained",,,OTHER,71.0,0.1,19.7,0.0,,USDA_FDC_SR_LEGACY,3134,2018-04,True,
"Babyfood, fruit, prunes with tapioca, without ascorbic acid, junior",,,OTHER,70.0,0.6,18.7,0.1,,USDA_FDC_SR_LEGACY,3137,2018-04,True,
"Babyfood, fruit, prunes with tapioca, without ascorbic acid, strained",,,OTHER,69.0,0.6,18.5,0.1,,USDA_FDC_SR_LEGACY,3136,2018-04,True,
"Babyfood, fruit, tutti frutti, junior",,,OTHER,69.0,0.4,16.0,0.4,,USDA_FDC_SR_LEGACY,43007,2018-04,True,
"Babyfood, fruit, tutti frutti, strained",,,OTHER,66.0,0.4,15.48,0.3,,USDA_FDC_SR_LEGACY,43006,2018-04,True,
"Babyfood, grape juice, no sugar, canned",,,OTHER,62.0,0.0,15.38,0.0,,USDA_FDC_SR_LEGACY,44074,2018-04,True,
"Babyfood, green beans and turkey, strained",,,OTHER,51.0,4.1,5.35,1.5,,USDA_FDC_SR_LEGACY,42286,2018-04,True,
"Babyfood, green beans, dices, toddler",,,OTHER,29.0,1.2,5.7,0.2,,USDA_FDC_SR_LEGACY,3093,2018-04,True,
"Babyfood, juice treats, fruit medley, toddler",,,OTHER,347.0,0.0,86.68,0.02,,USDA_FDC_SR_LEGACY,3001,2018-04,True,
"Babyfood, juice, apple",,,OTHER,47.0,0.0,11.7,0.1,,USDA_FDC_SR_LEGACY,3166,2018-04,True,
"Babyfood, juice, apple - cherry",,,OTHER,47.0,0.2,11.2,0.1,,USDA_FDC_SR_LEGACY,43535,2018-04,True,
"Babyfood, juice, apple and grape",,,OTHER,46.0,0.1,11.34,0.2,,USDA_FDC_SR_LEGACY,3265,2018-04,True,
"Babyfood, juice, apple and peach",,,OTHER,43.0,0.2,10.5,0.1,,USDA_FDC_SR_LEGACY,3168,2018-04,True,
"Babyfood, juice, apple and prune",,,OTHER,72.0,0.2,18.1,0.1,,USDA_FDC_SR_LEGACY,3171,2018-04,True,
"Babyfood, juice, apple, with calcium",,,OTHER,46.0,0.06,11.1,0.1,,USDA_FDC_SR_LEGACY,3269,2018-04,True,
"Babyfood, juice, apple-sweet potato",,,OTHER,47.0,0.3,11.4,0.1,,USDA_FDC_SR_LEGACY,42266,2018-04,True,
"Babyfood, juice, fruit punch, with calcium",,,OTHER,52.0,0.2,12.7,0.1,,USDA_FDC_SR_LEGACY,3267,2018-04,True,
"Babyfood, juice, mixed fruit",,,OTHER,47.0,0.1,11.7,0.1,,USDA_FDC_SR_LEGACY,3179,2018-04,True,
"Babyfood, juice, orange",,,OTHER,45.0,0.6,10.2,0.3,,USDA_FDC_SR_LEGACY,3172,2018-04,True,
"Babyfood, juice, orange and apple",,,OTHER,43.0,0.4,10.1,0.2,,USDA_FDC_SR_LEGACY,3173,2018-04,True,
"Babyfood, juice, orange and apple and banana",,,OTHER,47.0,0.4,11.5,0.1,,USDA_FDC_SR_LEGACY,3174,2018-04,True,
"Babyfood, juice, orange and apricot",,,OTHER,46.0,0.8,10.9,0.1,,USDA_FDC_SR_LEGACY,3175,2018-04,True,
"Babyfood, juice, orange and banana",,,OTHER,50.0,0.7,11.9,0.1,,USDA_FDC_SR_LEGACY,3176,2018-04,True,
"Babyfood, juice, orange and pineapple",,,OTHER,48.0,0.5,11.7,0.1,,USDA_FDC_SR_LEGACY,3177,2018-04,True,
"Babyfood, juice, orange-carrot",,,OTHER,43.0,0.5,9.9,0.1,,USDA_FDC_SR_LEGACY,42267,2018-04,True,
"Babyfood, juice, pear",,,OTHER,43.0,0.0,11.86,0.0,,USDA_FDC_SR_LEGACY,43408,2018-04,True,
"Babyfood, juice, prune and orange",,,OTHER,70.0,0.6,16.8,0.3,,USDA_FDC_SR_LEGACY,3178,2018-04,True,
"Babyfood, macaroni and cheese, toddler",,,OTHER,82.0,3.5,11.2,2.6,,USDA_FDC_SR_LEGACY,3048,2018-04,True,
"Babyfood, mashed cheddar potatoes and broccoli, toddlers",,,OTHER,48.0,1.11,7.47,1.47,,USDA_FDC_SR_LEGACY,3959,2018-04,True,
"Babyfood, meat, beef with vegetables, toddler",,,OTHER,69.0,3.5,8.72,2.1,,USDA_FDC_SR_LEGACY,43417,2018-04,True,
"Babyfood, meat, beef, junior",,,OTHER,81.0,12.03,2.43,2.52,,USDA_FDC_SR_LEGACY,3003,2018-04,True,
"Babyfood, meat, beef, strained",,,OTHER,81.0,12.03,2.43,2.52,,USDA_FDC_SR_LEGACY,3002,2018-04,True,
"Babyfood, meat, chicken sticks, junior",,,OTHER,188.0,14.6,1.5,14.4,,USDA_FDC_SR_LEGACY,3014,2018-04,True,
"Babyfood, meat, chicken, junior",,,OTHER,146.0,14.0,0.0,9.6,,USDA_FDC_SR_LEGACY,3013,2018-04,True,
"Babyfood, meat, chicken, strained",,,OTHER,130.0,13.7,0.1,7.9,,USDA_FDC_SR_LEGACY,3012,2018-04,True,
"Babyfood, meat, ham, junior",,,OTHER,97.0,11.3,3.7,3.8,,USDA_FDC_SR_LEGACY,3009,2018-04,True,
"Babyfood, meat, ham, strained",,,OTHER,97.0,11.3,3.7,3.8,,USDA_FDC_SR_LEGACY,3008,2018-04,True,
"Babyfood, meat, lamb, junior",,,OTHER,112.0,15.2,0.0,5.2,,USDA_FDC_SR_LEGACY,3011,2018-04,True,
"Babyfood, meat, lamb, strained",,,OTHER,94.0,14.07,0.85,3.41,,USDA_FDC_SR_LEGACY,3010,2018-04,True,
"Babyfood, meat, meat sticks, junior",,,OTHER,184.0,13.4,1.1,14.6,,USDA_FDC_SR_LEGACY,3021,2018-04,True,
"Babyfood, meat, pork, strained",,,OTHER,124.0,14.0,0.0,7.1,,USDA_FDC_SR_LEGACY,3007,2018-04,True,
"Babyfood, meat, turkey sticks, junior",,,OTHER,188.0,13.7,1.4,14.2,,USDA_FDC_SR_LEGACY,3017,2018-04,True,
"Babyfood, meat, turkey, junior",,,OTHER,111.0,11.5,1.4,6.2,,USDA_FDC_SR_LEGACY,3016,2018-04,True,
"Babyfood, meat, turkey, strained",,,OTHER,111.0,11.5,1.4,6.2,,USDA_FDC_SR_LEGACY,3015,2018-04,True,
"Babyfood, meat, veal, strained",,,OTHER,81.0,13.12,1.51,2.45,,USDA_FDC_SR_LEGACY,3005,2018-04,True,
"Babyfood, mixed fruit juice with low fat yogurt",,,OTHER,74.0,2.4,14.68,0.8,,USDA_FDC_SR_LEGACY,42120,2018-04,True,
"Babyfood, mixed fruit yogurt, strained",,,OTHER,75.0,0.8,16.23,0.8,,USDA_FDC_SR_LEGACY,43523,2018-04,True,
"Babyfood, oatmeal cereal with fruit, dry, instant, toddler fortified",,,OTHER,402.0,10.5,74.1,7.05,,USDA_FDC_SR_LEGACY,3205,2018-04,True,
"Babyfood, peaches, dices, toddler",,,OTHER,51.0,0.5,11.8,0.2,,USDA_FDC_SR_LEGACY,3161,2018-04,True,
"Babyfood, pears, dices, toddler",,,OTHER,57.0,0.3,13.6,0.1,,USDA_FDC_SR_LEGACY,3141,2018-04,True,
"Babyfood, peas and brown rice",,,OTHER,64.0,3.4,11.49,0.5,,USDA_FDC_SR_LEGACY,42279,2018-04,True,
"Babyfood, peas, dices, toddler",,,OTHER,64.0,3.9,10.3,0.8,,USDA_FDC_SR_LEGACY,3122,2018-04,True,
"Babyfood, plums, bananas and rice, strained",,,OTHER,57.0,1.1,12.7,0.3,,USDA_FDC_SR_LEGACY,3293,2018-04,True,
"Babyfood, potatoes, toddler",,,OTHER,52.0,1.0,11.73,0.1,,USDA_FDC_SR_LEGACY,3112,2018-04,True,
"Babyfood, pretzels",,,OTHER,397.0,10.8,82.2,2.0,,USDA_FDC_SR_LEGACY,3215,2018-04,True,
"Babyfood, prunes, without vitamin c, strained",,,OTHER,100.0,1.0,23.52,0.2,,USDA_FDC_SR_LEGACY,3139,2018-04,True,
"Babyfood, ravioli, cheese filled, with tomato sauce",,,OTHER,99.0,3.6,16.3,2.2,,USDA_FDC_SR_LEGACY,3046,2018-04,True,
"Babyfood, rice and apples, dry",,,OTHER,396.0,6.7,86.89,2.4,,USDA_FDC_SR_LEGACY,43529,2018-04,True,
"Babyfood, rice cereal, dry, EARTHS BEST ORGANIC WHOLE GRAIN, fortified only with iron",,,OTHER,386.0,7.5,78.06,4.9,,USDA_FDC_SR_LEGACY,33881,2018-04,True,
"Babyfood, snack, GERBER GRADUATE FRUIT STRIPS, Real Fruit Bars",,,OTHER,330.0,0.82,76.61,2.24,,USDA_FDC_SR_LEGACY,3019,2018-04,True,
"Babyfood, snack, GERBER, GRADUATES, YOGURT MELTS",,,OTHER,380.0,14.29,71.82,4.0,,USDA_FDC_SR_LEGACY,3302,2018-04,True,
"Babyfood, tropical fruit medley",,,OTHER,46.0,0.31,12.22,0.14,,USDA_FDC_SR_LEGACY,3026,2018-04,True,
"Babyfood, vegetable and brown rice, strained",,,OTHER,69.0,1.9,12.1,1.5,,USDA_FDC_SR_LEGACY,42278,2018-04,True,
"Babyfood, vegetable, butternut squash and corn",,,OTHER,50.0,2.0,9.26,0.6,,USDA_FDC_SR_LEGACY,3114,2018-04,True,
"Babyfood, vegetable, green beans and potatoes",,,OTHER,62.0,2.2,9.0,1.9,,USDA_FDC_SR_LEGACY,3096,2018-04,True,
"Babyfood, vegetables, beets, strained",,,OTHER,34.0,1.3,7.7,0.1,,USDA_FDC_SR_LEGACY,3098,2018-04,True,
"Babyfood, vegetables, carrots, junior",,,OTHER,32.0,0.8,7.2,0.2,,USDA_FDC_SR_LEGACY,3100,2018-04,True,
"Babyfood, vegetables, carrots, strained",,,OTHER,26.0,0.8,6.0,0.1,,USDA_FDC_SR_LEGACY,3099,2018-04,True,
"Babyfood, vegetables, corn, creamed, junior",,,OTHER,65.0,1.4,16.25,0.4,,USDA_FDC_SR_LEGACY,3120,2018-04,True,
"Babyfood, vegetables, corn, creamed, strained",,,OTHER,57.0,1.4,14.1,0.4,,USDA_FDC_SR_LEGACY,3119,2018-04,True,
"Babyfood, vegetables, garden vegetable, strained",,,OTHER,32.0,2.3,6.8,0.2,,USDA_FDC_SR_LEGACY,3283,2018-04,True,
"Babyfood, vegetables, green beans, junior",,,OTHER,24.0,1.2,5.8,0.1,,USDA_FDC_SR_LEGACY,3092,2018-04,True,
"Babyfood, vegetables, green beans, strained",,,OTHER,27.0,1.2,6.29,0.17,,USDA_FDC_SR_LEGACY,3091,2018-04,True,
"Babyfood, vegetables, mix vegetables junior",,,OTHER,36.0,1.4,8.2,0.4,,USDA_FDC_SR_LEGACY,3282,2018-04,True,
"Babyfood, vegetables, mix vegetables strained",,,OTHER,36.0,1.0,8.25,0.5,,USDA_FDC_SR_LEGACY,3286,2018-04,True,
"Babyfood, vegetables, peas, strained",,,OTHER,50.0,3.27,8.36,0.43,,USDA_FDC_SR_LEGACY,3121,2018-04,True,
"Babyfood, vegetables, spinach, creamed, strained",,,OTHER,37.0,2.5,5.7,1.3,,USDA_FDC_SR_LEGACY,3127,2018-04,True,
"Babyfood, vegetables, squash, junior",,,OTHER,24.0,0.81,5.73,0.2,,USDA_FDC_SR_LEGACY,3105,2018-04,True,
"Babyfood, vegetables, squash, strained",,,OTHER,28.0,0.81,5.73,0.2,,USDA_FDC_SR_LEGACY,3104,2018-04,True,
"Babyfood, vegetables, sweet potatoes strained",,,OTHER,57.0,1.1,13.2,0.1,,USDA_FDC_SR_LEGACY,3108,2018-04,True,
"Babyfood, vegetables, sweet potatoes, junior",,,OTHER,60.0,1.1,14.0,0.1,,USDA_FDC_SR_LEGACY,3109,2018-04,True,
"Babyfood, water, bottled, GERBER, without added fluoride",,,OTHER,0.0,0.0,0.0,0.0,,USDA_FDC_SR_LEGACY,3024,2018-04,True,
"Babyfood, yogurt, whole milk, with fruit, multigrain cereal and added DHA fortified",,,OTHER,98.0,3.4,13.22,3.53,,USDA_FDC_SR_LEGACY,3956,2018-04,True,
"Babyfood, yogurt, whole milk, with fruit, multigrain cereal and added iron fortified",,,OTHER,92.0,3.05,13.0,3.08,,USDA_FDC_SR_LEGACY,3965,2018-04,True,
"Bagels, cinnamon-raisin",,,OTHER,274.0,9.8,55.2,1.7,,USDA_FDC_SR_LEGACY,18005,2018-04,True,
"Bagels, cinnamon-raisin, toasted",,,OTHER,294.0,10.6,59.3,1.8,,USDA_FDC_SR_LEGACY,18006,2018-04,True,
"Bagels, egg",,,OTHER,278.0,10.6,53.0,2.1,,USDA_FDC_SR_LEGACY,18003,2018-04,True,
"Bagels, multigrain",,,OTHER,241.0,9.9,47.47,1.24,,USDA_FDC_SR_LEGACY,28322,2018-04,True,
"Bagels, oat bran",,,OTHER,255.0,10.7,53.3,1.2,,USDA_FDC_SR_LEGACY,18007,2018-04,True,
"Bagels, plain, enriched, with calcium propionate (includes onion, poppy, sesame)",,,OTHER,264.0,10.56,52.38,1.32,,USDA_FDC_SR_LEGACY,18001,2018-04,True,
"Bagels, plain, enriched, with calcium propionate (includes onion, poppy, sesame), toasted",,,OTHER,287.0,11.14,57.39,1.43,,USDA_FDC_SR_LEGACY,18002,2018-04,True,
"Bagels, plain, enriched, without calcium propionate (includes onion, poppy, sesame)",,,OTHER,275.0,10.5,53.4,1.6,,USDA_FDC_SR_LEGACY,18406,2018-04,True,
"Bagels, plain, unenriched, with calcium propionate (includes onion, poppy, sesame)",,,OTHER,275.0,10.5,53.4,1.6,,USDA_FDC_SR_LEGACY,18407,2018-04,True,
"Bagels, plain, unenriched, without calcium propionate(includes onion, poppy, sesame)",,,OTHER,275.0,10.5,53.4,1.6,,USDA_FDC_SR_LEGACY,18408,2018-04,True,
"Bagels, wheat",,,OTHER,250.0,10.2,48.89,1.53,,USDA_FDC_SR_LEGACY,18968,2018-04,True,
"Bagels, whole grain white",,,OTHER,255.0,9.3,54.52,0.0,,USDA_FDC_SR_LEGACY,28319,2018-04,True,
"Bear, black, meat (Alaska Native)",,,OTHER,155.0,20.1,0.0,8.3,,USDA_FDC_SR_LEGACY,35007,2018-04,True,
"Bear, polar, meat, raw (Alaska Native)",,,OTHER,130.0,25.6,0.0,3.1,,USDA_FDC_SR_LEGACY,35008,2018-04,True,
"Beef Pot Pie, frozen entree, prepared",,,OTHER,220.0,7.25,22.05,11.39,,USDA_FDC_SR_LEGACY,22529,2018-04,True,
"Beef macaroni with tomato sauce, frozen entree, reduced fat",,,OTHER,113.0,5.89,17.99,1.96,,USDA_FDC_SR_LEGACY,22402,2018-04,True,
"Beef stew, canned entree",,,OTHER,99.0,4.41,7.85,5.53,,USDA_FDC_SR_LEGACY,22905,2018-04,True,
"Beef, corned beef hash, with potato, canned",,,OTHER,164.0,8.73,9.27,10.24,,USDA_FDC_SR_LEGACY,22908,2018-04,True,
"Biscuits, mixed grain, refrigerated dough",,,OTHER,263.0,6.1,47.4,5.6,,USDA_FDC_SR_LEGACY,18017,2018-04,True,
"Biscuits, plain or buttermilk, dry mix",,,OTHER,428.0,8.0,63.4,15.4,,USDA_FDC_SR_LEGACY,18010,2018-04,True,
"Biscuits, plain or buttermilk, dry mix, prepared",,,OTHER,335.0,7.3,48.4,12.1,,USDA_FDC_SR_LEGACY,18011,2018-04,True,
"Biscuits, plain or buttermilk, frozen, baked",,,OTHER,338.0,6.2,53.87,11.03,,USDA_FDC_SR_LEGACY,18009,2018-04,True,
"Biscuits, plain or buttermilk, prepared from recipe",,,OTHER,353.0,7.0,44.6,16.3,,USDA_FDC_SR_LEGACY,18016,2018-04,True,
"Biscuits, plain or buttermilk, refrigerated dough, higher fat",,,OTHER,307.0,6.66,46.32,10.58,,USDA_FDC_SR_LEGACY,18014,2018-04,True,
"Biscuits, plain or buttermilk, refrigerated dough, higher fat, baked",,,OTHER,324.0,6.79,49.05,11.22,,USDA_FDC_SR_LEGACY,18015,2018-04,True,
"Biscuits, plain or buttermilk, refrigerated dough, lower fat",,,OTHER,270.0,6.7,43.7,7.83,,USDA_FDC_SR_LEGACY,18012,2018-04,True,
"Biscuits, plain or buttermilk, refrigerated dough, lower fat, baked",,,OTHER,319.0,7.8,51.6,9.1,,USDA_FDC_SR_LEGACY,18013,2018-04,True,
"Blackberries, wild, raw (Alaska Native)",,,OTHER,52.0,0.84,9.84,1.07,,USDA_FDC_SR_LEGACY,35015,2018-04,True,
"Blueberries, wild, frozen (Alaska Native)",,,OTHER,44.0,0.7,10.4,0.0,,USDA_FDC_SR_LEGACY,35017,2018-04,True,
"Blueberries, wild, raw (Alaska Native)",,,OTHER,61.0,1.22,12.31,0.76,,USDA_FDC_SR_LEGACY,35155,2018-04,True,
"Bread, Italian",,,OTHER,259.0,9.49,48.11,2.73,,USDA_FDC_SR_LEGACY,18033,2018-04,True,
"Bread, banana, prepared from recipe, made with margarine",,,OTHER,326.0,4.3,54.6,10.5,,USDA_FDC_SR_LEGACY,18019,2018-04,True,
"Bread, blue corn, somiviki (Hopi)",,,OTHER,186.0,3.1,39.84,1.53,,USDA_FDC_SR_LEGACY,35240,2018-04,True,
"Bread, boston brown, canned",,,OTHER,195.0,5.2,43.3,1.5,,USDA_FDC_SR_LEGACY,18021,2018-04,True,
"Bread, chapati or roti, plain, commercially prepared",,,OTHER,297.0,11.25,46.36,7.45,,USDA_FDC_SR_LEGACY,28306,2018-04,True,
"Bread, chapati or roti, whole wheat, commercially prepared, frozen",,,OTHER,299.0,7.85,46.13,9.2,,USDA_FDC_SR_LEGACY,28285,2018-04,True,
"Bread, cheese",,,OTHER,408.0,10.42,44.83,20.83,,USDA_FDC_SR_LEGACY,18972,2018-04,True,
"Bread, cinnamon",,,OTHER,253.0,7.05,44.38,5.29,,USDA_FDC_SR_LEGACY,28315,2018-04,True,
"Bread, cornbread, dry mix, enriched (includes corn muffin mix)",,,OTHER,418.0,7.0,69.5,12.2,,USDA_FDC_SR_LEGACY,18022,2018-04,True,
"Bread, cornbread, dry mix, prepared with 2% milk, 80% margarine, and eggs",,,OTHER,330.0,6.59,54.46,9.58,,USDA_FDC_SR_LEGACY,18023,2018-04,True,
"Bread, cornbread, dry mix, unenriched (includes corn muffin mix)",,,OTHER,418.0,7.0,69.5,12.2,,USDA_FDC_SR_LEGACY,18412,2018-04,True,
"Bread, cornbread, prepared from recipe, made with low fat (2%) milk",,,OTHER,266.0,6.7,43.5,7.1,,USDA_FDC_SR_LEGACY,18024,2018-04,True,
"Bread, cracked-wheat",,,OTHER,260.0,8.7,49.5,3.9,,USDA_FDC_SR_LEGACY,18025,2018-04,True,
"Bread, crumbs, dry, grated, plain",,,OTHER,395.0,13.35,71.98,5.3,,USDA_FDC_SR_LEGACY,18079,2018-04,True,
"Bread, crumbs, dry, grated, seasoned",,,OTHER,383.0,14.13,68.49,5.48,,USDA_FDC_SR_LEGACY,18376,2018-04,True,
"Bread, egg",,,OTHER,287.0,9.5,47.8,6.0,,USDA_FDC_SR_LEGACY,18027,2018-04,True,
"Bread, egg, toasted",,,OTHER,315.0,10.5,52.6,6.6,,USDA_FDC_SR_LEGACY,18028,2018-04,True,
"Bread, french or vienna (includes sourdough)",,,OTHER,272.0,10.75,51.88,2.42,,USDA_FDC_SR_LEGACY,18029,2018-04,True,
"Bread, french or vienna, toasted (includes sourdough)",,,OTHER,319.0,13.0,61.93,2.14,,USDA_FDC_SR_LEGACY,18030,2018-04,True,
"Bread, french or vienna, whole wheat",,,OTHER,239.0,8.33,49.1,1.04,,USDA_FDC_SR_LEGACY,28318,2018-04,True,
"Bread, gluten-free, white, made with potato extract, rice starch, and rice flour",,,OTHER,320.0,3.13,52.83,10.7,,USDA_FDC_SR_LEGACY,28336,2018-04,True,
"Bread, gluten-free, white, made with rice flour, corn starch, and/or tapioca",,,OTHER,248.0,4.31,45.78,5.24,,USDA_FDC_SR_LEGACY,28337,2018-04,True,
"Bread, gluten-free, white, made with tapioca starch and brown rice flour",,,OTHER,298.0,5.4,51.15,8.02,,USDA_FDC_SR_LEGACY,28338,2018-04,True,
"Bread, gluten-free, whole grain, made with tapioca starch and brown rice flour",,,OTHER,309.0,7.25,49.09,9.34,,USDA_FDC_SR_LEGACY,28339,2018-04,True,
"Bread, irish soda, prepared from recipe",,,OTHER,290.0,6.6,56.0,5.0,,USDA_FDC_SR_LEGACY,18032,2018-04,True,
"Bread, kneel down (Navajo)",,,OTHER,195.0,4.29,39.47,2.21,,USDA_FDC_SR_LEGACY,35140,2018-04,True,
"Bread, multi-grain (includes whole-grain)",,,OTHER,265.0,13.36,43.34,4.23,,USDA_FDC_SR_LEGACY,28397,2018-04,True,
"Bread, multi-grain, toasted (includes whole-grain)",,,OTHER,288.0,14.52,47.11,4.6,,USDA_FDC_SR_LEGACY,18036,2018-04,True,
"Bread, naan, plain, commercially prepared, refrigerated",,,OTHER,291.0,9.62,50.43,5.65,,USDA_FDC_SR_LEGACY,28307,2018-04,True,
"Bread, naan, whole wheat, commercially prepared, refrigerated",,,OTHER,286.0,10.2,46.21,6.7,,USDA_FDC_SR_LEGACY,28287,2018-04,True,
"Bread, oat bran",,,OTHER,236.0,10.4,39.8,4.4,,USDA_FDC_SR_LEGACY,18037,2018-04,True,
"Bread, oat bran, toasted",,,OTHER,259.0,11.4,43.7,4.8,,USDA_FDC_SR_LEGACY,18038,2018-04,True,
"Bread, oatmeal",,,OTHER,269.0,8.4,48.5,4.4,,USDA_FDC_SR_LEGACY,18039,2018-04,True,
"Bread, oatmeal, toasted",,,OTHER,292.0,9.2,52.7,4.8,,USDA_FDC_SR_LEGACY,18040,2018-04,True,
"Bread, pan dulce, sweet yeast bread",,,OTHER,367.0,9.42,56.38,11.58,,USDA_FDC_SR_LEGACY,18955,2018-04,True,
"Bread, paratha, whole wheat, commercially prepared, frozen",,,OTHER,326.0,6.36,45.35,13.2,,USDA_FDC_SR_LEGACY,28286,2018-04,True,
"Bread, pita, white, enriched",,,OTHER,275.0,9.1,55.7,1.2,,USDA_FDC_SR_LEGACY,18041,2018-04,True,
"Bread, pita, white, unenriched",,,OTHER,275.0,9.1,55.7,1.2,,USDA_FDC_SR_LEGACY,18413,2018-04,True,
"Bread, pita, whole-wheat",,,OTHER,262.0,9.8,55.89,1.71,,USDA_FDC_SR_LEGACY,18042,2018-04,True,
"Bread, potato",,,OTHER,266.0,12.5,47.07,3.13,,USDA_FDC_SR_LEGACY,18971,2018-04,True,
"Bread, pound cake type, pan de torta salvadoran",,,OTHER,390.0,7.06,51.29,17.45,,USDA_FDC_SR_LEGACY,18954,2018-04,True,
"Bread, protein (includes gluten)",,,OTHER,245.0,12.1,43.8,2.2,,USDA_FDC_SR_LEGACY,18043,2018-04,True,
"Bread, protein, (includes gluten), toasted",,,OTHER,270.0,13.2,48.1,2.4,,USDA_FDC_SR_LEGACY,18383,2018-04,True,
"Bread, pumpernickel",,,OTHER,250.0,8.7,47.5,3.1,,USDA_FDC_SR_LEGACY,18044,2018-04,True,
"Bread, raisin, enriched",,,OTHER,274.0,7.9,52.3,4.4,,USDA_FDC_SR_LEGACY,18047,2018-04,True,
"Bread, raisin, enriched, toasted",,,OTHER,297.0,8.6,56.9,4.8,,USDA_FDC_SR_LEGACY,18048,2018-04,True,
"Bread, raisin, unenriched",,,OTHER,274.0,7.9,52.3,4.4,,USDA_FDC_SR_LEGACY,18414,2018-04,True,
"Bread, reduced-calorie, oat bran",,,OTHER,201.0,8.0,41.3,3.2,,USDA_FDC_SR_LEGACY,18049,2018-04,True,
"Bread, reduced-calorie, oat bran, toasted",,,OTHER,239.0,9.5,49.2,3.8,,USDA_FDC_SR_LEGACY,18050,2018-04,True,
"Bread, reduced-calorie, oatmeal",,,OTHER,210.0,7.6,43.3,3.5,,USDA_FDC_SR_LEGACY,18051,2018-04,True,
"Bread, reduced-calorie, rye",,,OTHER,203.0,9.1,40.5,2.9,,USDA_FDC_SR_LEGACY,18053,2018-04,True,
"Bread, reduced-calorie, wheat",,,OTHER,217.0,13.32,42.47,2.92,,USDA_FDC_SR_LEGACY,18055,2018-04,True,
"Bread, reduced-calorie, white",,,OTHER,207.0,8.7,44.3,2.5,,USDA_FDC_SR_LEGACY,18057,2018-04,True,
"Bread, rice bran",,,OTHER,243.0,8.9,43.5,4.6,,USDA_FDC_SR_LEGACY,18059,2018-04,True,
"Bread, rice bran, toasted",,,OTHER,264.0,9.7,47.3,5.0,,USDA_FDC_SR_LEGACY,18384,2018-04,True,
"Bread, roll, Mexican, bollilo",,,OTHER,318.0,10.65,55.77,5.8,,USDA_FDC_SR_LEGACY,28288,2018-04,True,
"Bread, rye",,,OTHER,259.0,8.5,48.3,3.3,,USDA_FDC_SR_LEGACY,18060,2018-04,True,
"Bread, rye, toasted",,,OTHER,284.0,9.4,53.1,3.6,,USDA_FDC_SR_LEGACY,18061,2018-04,True,
"Bread, salvadoran sweet cheese (quesadilla salvadorena)",,,OTHER,374.0,7.12,47.84,17.12,,USDA_FDC_SR_LEGACY,18953,2018-04,True,
"Bread, sticks, plain",,,OTHER,412.0,12.0,68.4,9.5,,USDA_FDC_SR_LEGACY,18080,2018-04,True,
"Bread, stuffing, cornbread, dry mix",,,OTHER,389.0,10.0,76.7,4.2,,USDA_FDC_SR_LEGACY,18084,2018-04,True,
"Bread, stuffing, cornbread, dry mix, prepared",,,OTHER,179.0,2.9,21.9,8.8,,USDA_FDC_SR_LEGACY,18085,2018-04,True,
"Bread, stuffing, dry mix",,,OTHER,386.0,11.0,76.2,3.4,,USDA_FDC_SR_LEGACY,18081,2018-04,True,
"Bread, stuffing, dry mix, prepared",,,OTHER,195.0,2.73,18.84,12.05,,USDA_FDC_SR_LEGACY,18082,2018-04,True,
"Bread, wheat",,,OTHER,274.0,10.67,47.54,4.53,,USDA_FDC_SR_LEGACY,18064,2018-04,True,
"Bread, wheat, sprouted",,,OTHER,188.0,13.16,33.88,0.0,,USDA_FDC_SR_LEGACY,28316,2018-04,True,
"Bread, wheat, sprouted, toasted",,,OTHER,205.0,14.3,36.82,0.0,,USDA_FDC_SR_LEGACY,28317,2018-04,True,
"Bread, wheat, toasted",,,OTHER,313.0,12.96,55.77,4.27,,USDA_FDC_SR_LEGACY,18065,2018-04,True,
"Bread, white wheat",,,OTHER,238.0,10.66,43.91,2.15,,USDA_FDC_SR_LEGACY,18967,2018-04,True,
"Bread, white, commercially prepared",,,OTHER,270.0,9.43,49.2,3.59,,USDA_FDC_FOUNDATION,325871,2026-04-30,True,
"Bread, white, commercially prepared (includes soft bread crumbs)",,,OTHER,266.0,8.85,49.42,3.33,,USDA_FDC_SR_LEGACY,18069,2018-04,True,
"Bread, white, commercially prepared, low sodium, no salt",,,OTHER,267.0,8.2,49.6,3.6,,USDA_FDC_SR_LEGACY,18416,2018-04,True,
"Bread, white, commercially prepared, toasted",,,OTHER,290.0,9.0,54.5,4.0,,USDA_FDC_SR_LEGACY,18070,2018-04,True,
"Bread, white, commercially prepared, toasted, low sodium no salt",,,OTHER,293.0,9.0,54.4,4.0,,USDA_FDC_SR_LEGACY,18432,2018-04,True,
"Bread, white, prepared from recipe, made with low fat (2%) milk",,,OTHER,285.0,7.9,49.6,5.7,,USDA_FDC_SR_LEGACY,18073,2018-04,True,
"Bread, white, prepared from recipe, made with nonfat dry milk",,,OTHER,274.0,7.7,53.6,2.6,,USDA_FDC_SR_LEGACY,18071,2018-04,True,
"Bread, whole-wheat, commercially prepared",,,OTHER,254.0,12.3,43.1,3.55,,USDA_FDC_FOUNDATION,335240,2026-04-30,True,
"Bread, whole-wheat, commercially prepared, toasted",,,OTHER,306.0,16.27,51.16,4.07,,USDA_FDC_SR_LEGACY,18076,2018-04,True,
"Bread, whole-wheat, prepared from recipe",,,OTHER,278.0,8.4,51.4,5.4,,USDA_FDC_SR_LEGACY,18077,2018-04,True,
"Bread, whole-wheat, prepared from recipe, toasted",,,OTHER,305.0,9.2,56.4,5.9,,USDA_FDC_SR_LEGACY,18078,2018-04,True,
"Buffalo, free range, top round steak, cooked (Shoshone Bannock)",,,OTHER,146.0,32.51,0.0,1.8,,USDA_FDC_SR_LEGACY,35176,2018-04,True,
"Buffalo, free range, top round steak, raw (Shoshone Bannock)",,,OTHER,97.0,21.44,0.0,1.3,,USDA_FDC_SR_LEGACY,35174,2018-04,True,
"Burrito, bean and cheese, frozen",,,OTHER,221.0,7.07,34.01,6.3,,USDA_FDC_SR_LEGACY,22918,2018-04,True,
"Burrito, beef and bean, frozen",,,OTHER,239.0,7.26,30.84,9.61,,USDA_FDC_SR_LEGACY,22917,2018-04,True,
"Burrito, beef and bean, microwaved",,,OTHER,298.0,8.73,38.95,11.94,,USDA_FDC_SR_LEGACY,22928,2018-04,True,
"CARRABBA'S ITALIAN GRILL, cheese ravioli with marinara sauce",,,OTHER,156.0,7.96,17.62,6.0,,USDA_FDC_SR_LEGACY,36053,2018-04,True,
"CARRABBA'S ITALIAN GRILL, chicken parmesan without cavatappi pasta",,,OTHER,206.0,19.0,7.8,10.95,,USDA_FDC_SR_LEGACY,36057,2018-04,True,
"CARRABBA'S ITALIAN GRILL, lasagne",,,OTHER,191.0,10.48,12.36,11.06,,USDA_FDC_SR_LEGACY,36043,2018-04,True,
"CARRABBA'S ITALIAN GRILL, spaghetti with meat sauce",,,OTHER,122.0,5.87,15.71,3.92,,USDA_FDC_SR_LEGACY,36632,2018-04,True,
"CARRABBA'S ITALIAN GRILL, spaghetti with pomodoro sauce",,,OTHER,104.0,3.42,18.63,1.75,,USDA_FDC_SR_LEGACY,36048,2018-04,True,
"CHICK-FIL-A, Chick-n-Strips",,,OTHER,228.0,21.4,10.39,11.2,,USDA_FDC_SR_LEGACY,21143,2018-04,True,
"CHICK-FIL-A, chicken sandwich",,,OTHER,249.0,16.28,20.89,11.19,,USDA_FDC_SR_LEGACY,21526,2018-04,True,
"CHICK-FIL-A, hash browns",,,OTHER,301.0,3.0,30.51,18.5,,USDA_FDC_SR_LEGACY,21144,2018-04,True,
"CRACKER BARREL, chicken tenderloin platter, fried",,,OTHER,293.0,18.06,20.29,15.48,,USDA_FDC_SR_LEGACY,36024,2018-04,True,
"CRACKER BARREL, chicken tenderloin platter, fried, from kid's menu",,,OTHER,294.0,18.67,20.24,15.41,,USDA_FDC_SR_LEGACY,36604,2018-04,True,
"CRACKER BARREL, coleslaw",,,OTHER,175.0,0.89,13.01,13.22,,USDA_FDC_SR_LEGACY,36025,2018-04,True,
"CRACKER BARREL, country fried shrimp platter",,,OTHER,287.0,12.62,21.4,16.77,,USDA_FDC_SR_LEGACY,36605,2018-04,True,
"CRACKER BARREL, farm raised catfish platter",,,OTHER,266.0,22.94,5.31,17.05,,USDA_FDC_SR_LEGACY,36606,2018-04,True,
"CRACKER BARREL, grilled sirloin steak",,,OTHER,203.0,31.52,0.0,8.52,,USDA_FDC_SR_LEGACY,36608,2018-04,True,
"CRACKER BARREL, macaroni n' cheese",,,OTHER,194.0,6.49,15.61,11.75,,USDA_FDC_SR_LEGACY,36040,2018-04,True,
"CRACKER BARREL, macaroni n' cheese plate, from kid's menu",,,OTHER,192.0,6.46,15.58,11.51,,USDA_FDC_SR_LEGACY,36609,2018-04,True,
"CRACKER BARREL, onion rings, thick-cut",,,OTHER,327.0,4.78,40.95,16.0,,USDA_FDC_SR_LEGACY,36026,2018-04,True,
"CRACKER BARREL, steak fries",,,OTHER,255.0,3.26,30.87,13.18,,USDA_FDC_SR_LEGACY,36607,2018-04,True,
"Cake, angelfood, commercially prepared",,,OTHER,258.0,5.9,57.8,0.8,,USDA_FDC_SR_LEGACY,18086,2018-04,True,
"Cake, angelfood, dry mix, prepared",,,OTHER,257.0,6.1,58.7,0.3,,USDA_FDC_SR_LEGACY,18088,2018-04,True,
"Cake, boston cream pie, commercially prepared",,,OTHER,252.0,2.4,42.9,8.5,,USDA_FDC_SR_LEGACY,18090,2018-04,True,
"Cake, cheesecake, commercially prepared",,,OTHER,321.0,5.5,25.5,22.5,,USDA_FDC_SR_LEGACY,18147,2018-04,True,
"Cake, cheesecake, prepared from mix, no-bake type",,,OTHER,274.0,5.5,35.5,12.7,,USDA_FDC_SR_LEGACY,18148,2018-04,True,
"Cake, cherry fudge with chocolate frosting",,,OTHER,264.0,2.4,38.0,12.5,,USDA_FDC_SR_LEGACY,18095,2018-04,True,
"Cake, chocolate, commercially prepared with chocolate frosting, in-store bakery",,,OTHER,389.0,3.48,52.84,20.05,,USDA_FDC_SR_LEGACY,18096,2018-04,True,
"Cake, chocolate, prepared from recipe without frosting",,,OTHER,371.0,5.3,53.4,15.1,,USDA_FDC_SR_LEGACY,18101,2018-04,True,
"Cake, coffeecake, cheese",,,OTHER,339.0,7.0,44.3,15.2,,USDA_FDC_SR_LEGACY,18103,2018-04,True,
"Cake, coffeecake, cinnamon with crumb topping, commercially prepared, enriched",,,OTHER,418.0,6.8,46.7,23.3,,USDA_FDC_SR_LEGACY,18104,2018-04,True,
"Cake, coffeecake, cinnamon with crumb topping, commercially prepared, unenriched",,,OTHER,418.0,6.8,46.7,23.3,,USDA_FDC_SR_LEGACY,18417,2018-04,True,
"Cake, coffeecake, cinnamon with crumb topping, dry mix, prepared",,,OTHER,318.0,5.5,52.8,9.6,,USDA_FDC_SR_LEGACY,18108,2018-04,True,
"Cake, coffeecake, creme-filled with chocolate frosting",,,OTHER,331.0,5.0,53.8,10.8,,USDA_FDC_SR_LEGACY,18105,2018-04,True,
"Cake, coffeecake, fruit",,,OTHER,311.0,5.2,51.5,10.2,,USDA_FDC_SR_LEGACY,18106,2018-04,True,
"Cake, fruitcake, commercially prepared",,,OTHER,324.0,2.9,61.6,9.1,,USDA_FDC_SR_LEGACY,18110,2018-04,True,
"Cake, gingerbread, dry mix",,,OTHER,437.0,4.4,74.6,13.8,,USDA_FDC_SR_LEGACY,18114,2018-04,True,
"Cake, gingerbread, prepared from recipe",,,OTHER,356.0,3.9,49.2,16.4,,USDA_FDC_SR_LEGACY,18116,2018-04,True,
"Cake, pineapple upside-down, prepared from recipe",,,OTHER,319.0,3.5,50.5,12.1,,USDA_FDC_SR_LEGACY,18119,2018-04,True,
"Cake, pound, Bimbo Bakeries USA, Panque Casero, home baked style",,,OTHER,418.0,6.62,48.94,21.7,,USDA_FDC_SR_LEGACY,18957,2018-04,True,
"Cake, pound, commercially prepared, butter (includes fresh and frozen)",,,OTHER,353.0,5.0,53.64,13.96,,USDA_FDC_SR_LEGACY,18120,2018-04,True,
"Cake, pound, commercially prepared, fat-free",,,OTHER,283.0,5.4,61.0,1.2,,USDA_FDC_SR_LEGACY,18451,2018-04,True,
"Cake, pound, commercially prepared, other than all butter, enriched",,,OTHER,389.0,5.2,52.5,17.9,,USDA_FDC_SR_LEGACY,18121,2018-04,True,
"Cake, pound, commercially prepared, other than all butter, unenriched",,,OTHER,389.0,5.2,52.5,17.9,,USDA_FDC_SR_LEGACY,18418,2018-04,True,
"Cake, pudding-type, carrot, dry mix",,,OTHER,415.0,5.1,79.2,9.8,,USDA_FDC_SR_LEGACY,18092,2018-04,True,
"Cake, pudding-type, chocolate, dry mix",,,OTHER,391.0,4.6,80.16,8.14,,USDA_FDC_SR_LEGACY,18097,2018-04,True,
"Cake, pudding-type, white, enriched, dry mix",,,OTHER,423.0,3.9,80.9,9.5,,USDA_FDC_SR_LEGACY,18135,2018-04,True,
"Cake, pudding-type, white, unenriched, dry mix",,,OTHER,423.0,3.9,81.0,9.5,,USDA_FDC_SR_LEGACY,18419,2018-04,True,
"Cake, pudding-type, yellow, dry mix",,,OTHER,423.0,4.0,80.0,9.8,,USDA_FDC_SR_LEGACY,18142,2018-04,True,
"Cake, shortcake, biscuit-type, prepared from recipe",,,OTHER,346.0,6.1,48.5,14.2,,USDA_FDC_SR_LEGACY,18126,2018-04,True,
"Cake, snack cakes, creme-filled, chocolate with frosting",,,OTHER,399.0,3.63,60.31,15.93,,USDA_FDC_SR_LEGACY,18127,2018-04,True,
"Cake, snack cakes, creme-filled, chocolate with frosting, low-fat, with added fiber",,,OTHER,409.0,3.71,69.37,13.0,,USDA_FDC_SR_LEGACY,28296,2018-04,True,
"Cake, snack cakes, creme-filled, sponge",,,OTHER,374.0,3.47,64.03,11.54,,USDA_FDC_SR_LEGACY,18128,2018-04,True,
"Cake, snack cakes, not chocolate, with icing or filling, low-fat, with added fiber",,,OTHER,412.0,3.71,74.3,11.14,,USDA_FDC_SR_LEGACY,28297,2018-04,True,
"Cake, sponge, commercially prepared",,,OTHER,290.0,5.4,61.0,2.7,,USDA_FDC_SR_LEGACY,18133,2018-04,True,
"Cake, sponge, prepared from recipe",,,OTHER,297.0,7.3,57.7,4.3,,USDA_FDC_SR_LEGACY,18134,2018-04,True,
"Cake, white, dry mix, special dietary (includes lemon-flavored)",,,OTHER,397.0,3.0,79.6,8.4,,USDA_FDC_SR_LEGACY,18131,2018-04,True,
"Cake, white, prepared from recipe with coconut frosting",,,OTHER,356.0,4.4,63.2,10.3,,USDA_FDC_SR_LEGACY,18102,2018-04,True,
"Cake, white, prepared from recipe without frosting",,,OTHER,357.0,5.4,57.2,12.4,,USDA_FDC_SR_LEGACY,18139,2018-04,True,
"Cake, yellow, commercially prepared, with chocolate frosting, in-store bakery",,,OTHER,379.0,3.16,55.36,17.75,,USDA_FDC_SR_LEGACY,18140,2018-04,True,
"Cake, yellow, commercially prepared, with vanilla frosting",,,OTHER,391.0,2.99,56.2,17.91,,USDA_FDC_SR_LEGACY,18141,2018-04,True,
"Cake, yellow, enriched, dry mix",,,OTHER,374.0,3.7,81.92,3.5,,USDA_FDC_SR_LEGACY,18144,2018-04,True,
"Cake, yellow, light, dry mix",,,OTHER,404.0,4.7,84.1,5.5,,USDA_FDC_SR_LEGACY,18453,2018-04,True,
"Cake, yellow, prepared from recipe without frosting",,,OTHER,361.0,5.3,53.0,14.6,,USDA_FDC_SR_LEGACY,18146,2018-04,True,
"Cake, yellow, unenriched, dry mix",,,OTHER,432.0,4.4,78.1,11.6,,USDA_FDC_SR_LEGACY,18420,2018-04,True,
"Caribou, bone marrow, raw (Alaska Native)",,,OTHER,786.0,6.7,0.0,84.4,,USDA_FDC_SR_LEGACY,35021,2018-04,True,
"Caribou, eye, raw (Alaska Native)",,,OTHER,326.0,10.8,0.0,31.4,,USDA_FDC_SR_LEGACY,35022,2018-04,True,
"Caribou, hind quarter meat, raw (Alaska Native)",,,OTHER,122.0,22.63,0.0,3.37,,USDA_FDC_SR_LEGACY,35162,2018-04,True,
"Caribou, hind quarter, meat, cooked (Alaska Native)",,,OTHER,159.0,28.81,0.0,4.82,,USDA_FDC_SR_LEGACY,35211,2018-04,True,
"Caribou, liver, raw (Alaska Native)",,,OTHER,122.0,15.0,6.8,3.9,,USDA_FDC_SR_LEGACY,35023,2018-04,True,
"Caribou, rump meat, half dried (Alaska Native)",,,OTHER,255.0,52.06,0.0,5.23,,USDA_FDC_SR_LEGACY,35160,2018-04,True,
"Caribou, shoulder meat, dried (Alaska Native)",,,OTHER,271.0,59.38,0.0,3.67,,USDA_FDC_SR_LEGACY,35161,2018-04,True,
"Caribou, tongue, raw (Alaska Native)",,,OTHER,260.0,13.7,0.0,22.8,,USDA_FDC_SR_LEGACY,35025,2018-04,True,
"Cattail, Narrow Leaf Shoots (Northern Plains Indians)",,,OTHER,25.0,1.18,5.14,0.0,,USDA_FDC_SR_LEGACY,35195,2018-04,True,
"Chicken pot pie, frozen entree, prepared",,,OTHER,204.0,5.11,19.21,11.85,,USDA_FDC_SR_LEGACY,22906,2018-04,True,
"Chicken tenders, breaded, frozen, prepared",,,OTHER,240.0,14.62,14.86,13.58,,USDA_FDC_SR_LEGACY,22978,2018-04,True,
"Chicken, nuggets, dark and white meat, precooked, frozen, not reheated",,,OTHER,268.0,12.02,16.09,17.31,,USDA_FDC_SR_LEGACY,22974,2018-04,True,
"Chicken, nuggets, white meat, precooked, frozen, not reheated",,,OTHER,261.0,14.36,16.24,15.42,,USDA_FDC_SR_LEGACY,22975,2018-04,True,
"Chicken, thighs, frozen, breaded, reheated",,,OTHER,334.0,18.66,14.23,22.45,,USDA_FDC_SR_LEGACY,32020,2018-04,True,
Chilchen (Red Berry Beverage) (Navajo),,,OTHER,44.0,0.81,8.68,0.63,,USDA_FDC_SR_LEGACY,35133,2018-04,True,
"Child formula, ABBOTT NUTRITION, PEDIASURE, ready-to-feed",,,OTHER,99.0,2.86,11.15,4.77,,USDA_FDC_SR_LEGACY,3860,2018-04,True,
"Child formula, ABBOTT NUTRITION, PEDIASURE, ready-to-feed, with iron and fiber",,,OTHER,99.0,2.8,11.28,4.7,,USDA_FDC_SR_LEGACY,3870,2018-04,True,
"Chili con carne with beans, canned entree",,,OTHER,107.0,5.8,13.1,3.47,,USDA_FDC_SR_LEGACY,22904,2018-04,True,
"Chili with beans, microwavable bowls",,,OTHER,100.0,5.85,10.88,3.68,,USDA_FDC_SR_LEGACY,22969,2018-04,True,
"Chili, no beans, canned entree",,,OTHER,118.0,7.53,6.1,7.1,,USDA_FDC_SR_LEGACY,22911,2018-04,True,
"Chiton, leathery, gumboots (Alaska Native)",,,OTHER,83.0,17.1,0.0,1.6,,USDA_FDC_SR_LEGACY,35026,2018-04,True,
"Chokecherries, raw, pitted (Northern Plains Indians)",,,OTHER,162.0,3.04,33.62,1.69,,USDA_FDC_SR_LEGACY,35204,2018-04,True,
"Chokecherries, raw, pitted (Shoshone Bannock)",,,OTHER,156.0,2.89,33.88,0.98,,USDA_FDC_SR_LEGACY,35179,2018-04,True,
"Cinnamon buns, frosted (includes honey buns)",,,OTHER,452.0,4.45,48.6,26.61,,USDA_FDC_SR_LEGACY,18964,2018-04,True,
Clif Z bar,,,OTHER,416.0,5.55,74.72,9.72,,USDA_FDC_SR_LEGACY,3000,2018-04,True,
"Cloudberries, raw (Alaska Native)",,,OTHER,51.0,2.4,8.6,0.8,,USDA_FDC_SR_LEGACY,35027,2018-04,True,
"Cockles, raw (Alaska Native)",,,OTHER,79.0,13.5,4.7,0.7,,USDA_FDC_SR_LEGACY,35028,2018-04,True,
"Continental Mills, Krusteaz Almond Poppyseed Muffin Mix, Artificially Flavored, dry",,,OTHER,418.0,5.6,75.6,10.3,,USDA_FDC_SR_LEGACY,18610,2018-04,True,
"Cookie, butter or sugar, with chocolate icing or filling",,,OTHER,503.0,4.1,68.83,23.5,,USDA_FDC_SR_LEGACY,28293,2018-04,True,
"Cookie, chocolate, with icing or coating",,,OTHER,507.0,4.5,67.87,24.2,,USDA_FDC_SR_LEGACY,28294,2018-04,True,
"Cookie, vanilla with caramel, coconut, and chocolate coating",,,OTHER,489.0,3.5,64.1,25.8,,USDA_FDC_SR_LEGACY,28289,2018-04,True,
"Cookie, with peanut butter filling, chocolate-coated",,,OTHER,562.0,8.1,52.9,35.3,,USDA_FDC_SR_LEGACY,28290,2018-04,True,
"Cookies, Marie biscuit",,,OTHER,406.0,7.05,70.54,10.58,,USDA_FDC_SR_LEGACY,28351,2018-04,True,
"Cookies, animal crackers (includes arrowroot, tea biscuits)",,,OTHER,446.0,6.9,74.1,13.8,,USDA_FDC_SR_LEGACY,28399,2018-04,True,
"Cookies, animal, with frosting or icing",,,OTHER,509.0,3.0,70.09,24.1,,USDA_FDC_SR_LEGACY,28291,2018-04,True,
"Cookies, brownies, commercially prepared",,,OTHER,405.0,4.8,63.9,16.3,,USDA_FDC_SR_LEGACY,18151,2018-04,True,
"Cookies, brownies, commercially prepared, reduced fat, with added fiber",,,OTHER,345.0,2.77,61.58,9.68,,USDA_FDC_SR_LEGACY,28298,2018-04,True,
"Cookies, brownies, dry mix, regular",,,OTHER,434.0,4.0,76.6,14.9,,USDA_FDC_SR_LEGACY,18152,2018-04,True,
"Cookies, brownies, dry mix, sugar free",,,OTHER,426.0,2.9,80.4,12.5,,USDA_FDC_SR_LEGACY,18196,2018-04,True,
"Cookies, brownies, prepared from recipe",,,OTHER,466.0,6.2,50.2,29.1,,USDA_FDC_SR_LEGACY,18154,2018-04,True,
"Cookies, butter, commercially prepared, enriched",,,OTHER,467.0,6.1,68.9,18.8,,USDA_FDC_SR_LEGACY,18155,2018-04,True,
"Cookies, butter, commercially prepared, unenriched",,,OTHER,467.0,6.1,68.9,18.8,,USDA_FDC_SR_LEGACY,18421,2018-04,True,
"Cookies, chocolate chip sandwich, with creme filling",,,OTHER,425.0,2.94,63.52,17.65,,USDA_FDC_SR_LEGACY,28328,2018-04,True,
"Cookies, chocolate chip, commercially prepared, regular, higher fat, enriched",,,OTHER,492.0,5.1,65.36,24.72,,USDA_FDC_SR_LEGACY,18159,2018-04,True,
"Cookies, chocolate chip, commercially prepared, regular, higher fat, unenriched",,,OTHER,481.0,5.4,66.8,22.6,,USDA_FDC_SR_LEGACY,18422,2018-04,True,
"Cookies, chocolate chip, commercially prepared, regular, lower fat",,,OTHER,451.0,5.97,67.49,17.91,,USDA_FDC_SR_LEGACY,18158,2018-04,True,
"Cookies, chocolate chip, commercially prepared, soft-type",,,OTHER,444.0,3.63,65.75,19.77,,USDA_FDC_SR_LEGACY,18160,2018-04,True,
"Cookies, chocolate chip, commercially prepared, special dietary",,,OTHER,450.0,3.9,73.4,16.8,,USDA_FDC_SR_LEGACY,18198,2018-04,True,
"Cookies, chocolate chip, dry mix",,,OTHER,497.0,4.6,66.1,25.2,,USDA_FDC_SR_LEGACY,18161,2018-04,True,
"Cookies, chocolate chip, prepared from recipe, made with butter",,,OTHER,488.0,5.7,58.2,28.4,,USDA_FDC_SR_LEGACY,18378,2018-04,True,
"Cookies, chocolate chip, prepared from recipe, made with margarine",,,OTHER,488.0,5.7,58.4,28.3,,USDA_FDC_SR_LEGACY,18165,2018-04,True,
"Cookies, chocolate chip, refrigerated dough",,,OTHER,451.0,3.98,61.02,21.33,,USDA_FDC_SR_LEGACY,18163,2018-04,True,
"Cookies, chocolate chip, refrigerated dough, baked",,,OTHER,492.0,4.9,68.2,22.6,,USDA_FDC_SR_LEGACY,18164,2018-04,True,
"Cookies, chocolate cream covered biscuit sticks",,,OTHER,447.0,10.0,51.08,22.5,,USDA_FDC_SR_LEGACY,28350,2018-04,True,
"Cookies, chocolate sandwich, with creme filling, reduced fat",,,OTHER,436.0,2.94,76.17,13.24,,USDA_FDC_SR_LEGACY,28299,2018-04,True,
"Cookies, chocolate sandwich, with creme filling, regular",,,OTHER,464.0,5.21,71.0,19.14,,USDA_FDC_SR_LEGACY,18166,2018-04,True,
"Cookies, chocolate sandwich, with creme filling, regular, chocolate-coated",,,OTHER,481.0,3.6,66.4,26.4,,USDA_FDC_SR_LEGACY,18167,2018-04,True,
"Cookies, chocolate sandwich, with creme filling, special dietary",,,OTHER,461.0,4.5,68.0,22.1,,USDA_FDC_SR_LEGACY,18199,2018-04,True,
"Cookies, chocolate sandwich, with extra creme filling",,,OTHER,497.0,4.33,68.2,24.52,,USDA_FDC_SR_LEGACY,18168,2018-04,True,
"Cookies, chocolate wafers",,,OTHER,433.0,6.6,72.7,14.2,,USDA_FDC_SR_LEGACY,18157,2018-04,True,
"Cookies, chocolate, made with rice cereal",,,OTHER,440.0,3.23,63.26,19.35,,USDA_FDC_SR_LEGACY,28329,2018-04,True,
"Cookies, coconut macaroon",,,OTHER,460.0,3.02,61.22,22.55,,USDA_FDC_SR_LEGACY,28309,2018-04,True,
"Cookies, fig bars",,,OTHER,348.0,3.7,70.9,7.3,,USDA_FDC_SR_LEGACY,18170,2018-04,True,
"Cookies, fortune",,,OTHER,378.0,4.2,84.0,2.7,,USDA_FDC_SR_LEGACY,18171,2018-04,True,
"Cookies, fudge, cake-type (includes trolley cakes)",,,OTHER,349.0,5.0,78.3,3.7,,USDA_FDC_SR_LEGACY,18156,2018-04,True,
"Cookies, gingersnaps",,,OTHER,416.0,5.6,76.9,9.8,,USDA_FDC_SR_LEGACY,18172,2018-04,True,
"Cookies, gluten-free, chocolate sandwich, with creme filling",,,OTHER,474.0,2.19,76.03,17.89,,USDA_FDC_SR_LEGACY,28332,2018-04,True,
"Cookies, gluten-free, chocolate wafer",,,OTHER,541.0,4.06,62.82,30.42,,USDA_FDC_SR_LEGACY,28333,2018-04,True,
"Cookies, gluten-free, lemon wafer",,,OTHER,515.0,0.0,74.39,24.18,,USDA_FDC_SR_LEGACY,28334,2018-04,True,
"Cookies, gluten-free, vanilla sandwich, with creme filling",,,OTHER,493.0,2.66,74.61,20.47,,USDA_FDC_SR_LEGACY,28335,2018-04,True,
"Cookies, graham crackers, chocolate-coated",,,OTHER,500.0,4.0,66.78,25.8,,USDA_FDC_SR_LEGACY,18174,2018-04,True,
"Cookies, graham crackers, plain or honey (includes cinnamon)",,,OTHER,430.0,6.69,77.66,10.6,,USDA_FDC_SR_LEGACY,18173,2018-04,True,
"Cookies, graham crackers, plain or honey, lowfat",,,OTHER,386.0,5.71,77.96,5.71,,USDA_FDC_SR_LEGACY,28302,2018-04,True,
"Cookies, ladyfingers, with lemon juice and rind",,,OTHER,365.0,10.6,59.7,9.1,,USDA_FDC_SR_LEGACY,18175,2018-04,True,
"Cookies, ladyfingers, without lemon juice and rind",,,OTHER,363.0,10.6,59.7,9.1,,USDA_FDC_SR_LEGACY,18423,2018-04,True,
"Cookies, marshmallow, chocolate-coated (includes marshmallow pies)",,,OTHER,421.0,4.0,67.7,16.9,,USDA_FDC_SR_LEGACY,18176,2018-04,True,
"Cookies, marshmallow, with rice cereal and chocolate chips",,,OTHER,435.0,4.55,63.26,18.18,,USDA_FDC_SR_LEGACY,28330,2018-04,True,
"Cookies, molasses",,,OTHER,430.0,5.6,73.8,12.8,,USDA_FDC_SR_LEGACY,18177,2018-04,True,
"Cookies, oatmeal sandwich, with creme filling",,,OTHER,398.0,2.61,55.62,18.29,,USDA_FDC_SR_LEGACY,28300,2018-04,True,
"Cookies, oatmeal, commercially prepared, regular",,,OTHER,450.0,6.2,68.7,18.1,,USDA_FDC_SR_LEGACY,18178,2018-04,True,
"Cookies, oatmeal, commercially prepared, soft-type",,,OTHER,409.0,6.1,65.7,14.7,,USDA_FDC_SR_LEGACY,18179,2018-04,True,
"Cookies, oatmeal, commercially prepared, special dietary",,,OTHER,449.0,4.8,69.9,18.0,,USDA_FDC_SR_LEGACY,18200,2018-04,True,
"Cookies, oatmeal, dry mix",,,OTHER,462.0,6.5,67.3,19.2,,USDA_FDC_SR_LEGACY,18180,2018-04,True,
"Cookies, oatmeal, prepared from recipe, without raisins",,,OTHER,447.0,6.8,66.4,17.9,,USDA_FDC_SR_LEGACY,18377,2018-04,True,
"Cookies, oatmeal, reduced fat",,,OTHER,365.0,4.02,64.62,10.04,,USDA_FDC_SR_LEGACY,28349,2018-04,True,
"Cookies, oatmeal, refrigerated dough",,,OTHER,424.0,5.4,59.1,18.9,,USDA_FDC_SR_LEGACY,18182,2018-04,True,
"Cookies, oatmeal, refrigerated dough, baked",,,OTHER,471.0,6.0,65.7,21.0,,USDA_FDC_SR_LEGACY,18183,2018-04,True,
"Cookies, oatmeal, soft, with raisins",,,OTHER,430.0,5.79,69.6,14.3,,USDA_FDC_FOUNDATION,100192,2026-04-30,True,
"Cookies, oatmeal, with raisins",,,OTHER,441.0,5.86,68.95,15.76,,USDA_FDC_SR_LEGACY,18184,2018-04,True,
"Cookies, peanut butter sandwich, regular",,,OTHER,478.0,8.8,65.6,21.1,,USDA_FDC_SR_LEGACY,18190,2018-04,True,
"Cookies, peanut butter sandwich, special dietary",,,OTHER,535.0,10.0,50.8,34.0,,USDA_FDC_SR_LEGACY,18201,2018-04,True,
"Cookies, peanut butter, commercially prepared, regular",,,OTHER,473.0,8.92,58.15,23.82,,USDA_FDC_SR_LEGACY,18185,2018-04,True,
"Cookies, peanut butter, commercially prepared, soft-type",,,OTHER,457.0,5.3,57.7,24.4,,USDA_FDC_SR_LEGACY,18186,2018-04,True,
"Cookies, peanut butter, commercially prepared, sugar free",,,OTHER,523.0,10.34,50.52,31.03,,USDA_FDC_SR_LEGACY,28301,2018-04,True,
"Cookies, peanut butter, prepared from recipe",,,OTHER,475.0,9.0,58.9,23.8,,USDA_FDC_SR_LEGACY,18189,2018-04,True,
"Cookies, peanut butter, refrigerated dough",,,OTHER,458.0,8.2,52.1,25.0,,USDA_FDC_SR_LEGACY,18187,2018-04,True,
"Cookies, peanut butter, refrigerated dough, baked",,,OTHER,503.0,9.1,57.3,27.5,,USDA_FDC_SR_LEGACY,18188,2018-04,True,
"Cookies, raisin, soft-type",,,OTHER,401.0,4.1,68.0,13.6,,USDA_FDC_SR_LEGACY,18191,2018-04,True,
"Cookies, shortbread, commercially prepared, pecan",,,OTHER,542.0,4.9,58.3,32.5,,USDA_FDC_SR_LEGACY,18193,2018-04,True,
"Cookies, shortbread, commercially prepared, plain",,,OTHER,514.0,5.37,63.78,26.22,,USDA_FDC_SR_LEGACY,18192,2018-04,True,
"Cookies, shortbread, reduced fat",,,OTHER,451.0,5.37,75.99,14.0,,USDA_FDC_SR_LEGACY,28310,2018-04,True,
"Cookies, sugar wafer, chocolate-covered",,,OTHER,526.0,3.45,65.99,27.59,,USDA_FDC_SR_LEGACY,28311,2018-04,True,
"Cookies, sugar wafer, with creme filling, sugar free",,,OTHER,531.0,3.57,66.26,28.57,,USDA_FDC_SR_LEGACY,18202,2018-04,True,
"Cookies, sugar wafers with creme filling, regular",,,OTHER,502.0,3.84,70.64,23.24,,USDA_FDC_SR_LEGACY,18209,2018-04,True,
"Cookies, sugar, commercially prepared, regular (includes vanilla)",,,OTHER,464.0,5.35,67.34,19.55,,USDA_FDC_SR_LEGACY,18204,2018-04,True,
"Cookies, sugar, refrigerated dough",,,OTHER,436.0,4.0,61.22,19.48,,USDA_FDC_SR_LEGACY,18205,2018-04,True,
"Cookies, sugar, refrigerated dough, baked",,,OTHER,489.0,4.7,65.6,23.1,,USDA_FDC_SR_LEGACY,18206,2018-04,True,
"Cookies, vanilla sandwich with creme filling",,,OTHER,483.0,4.5,72.1,20.0,,USDA_FDC_SR_LEGACY,18210,2018-04,True,
"Cookies, vanilla sandwich with creme filling, reduced fat",,,OTHER,423.0,4.17,78.16,10.42,,USDA_FDC_SR_LEGACY,28352,2018-04,True,
"Cookies, vanilla wafers, higher fat",,,OTHER,455.0,4.9,72.6,16.41,,USDA_FDC_SR_LEGACY,18213,2018-04,True,
"Cookies, vanilla wafers, lower fat",,,OTHER,441.0,5.0,73.6,15.2,,USDA_FDC_SR_LEGACY,18212,2018-04,True,
"Corn dogs, frozen, prepared",,,OTHER,250.0,8.57,26.96,12.02,,USDA_FDC_SR_LEGACY,22973,2018-04,True,
"Corn, dried (Navajo)",,,OTHER,386.0,9.88,74.93,5.22,,USDA_FDC_SR_LEGACY,35134,2018-04,True,
"Corn, dried, yellow (Northern Plains Indians)",,,OTHER,419.0,14.48,66.27,10.64,,USDA_FDC_SR_LEGACY,35183,2018-04,True,
"Corn, white, steamed (Navajo)",,,OTHER,386.0,9.72,75.2,5.18,,USDA_FDC_SR_LEGACY,35135,2018-04,True,
Corned beef and potatoes in tortilla (Apache),,,OTHER,224.0,7.91,29.35,8.31,,USDA_FDC_SR_LEGACY,35186,2018-04,True,
"Cornmeal, blue (Navajo)",,,OTHER,398.0,10.4,76.93,5.44,,USDA_FDC_SR_LEGACY,35131,2018-04,True,
"Cornmeal, white (Navajo)",,,OTHER,398.0,10.99,77.14,5.04,,USDA_FDC_SR_LEGACY,35136,2018-04,True,
"Cornmeal, yellow (Navajo)",,,OTHER,384.0,9.85,72.9,5.88,,USDA_FDC_SR_LEGACY,35137,2018-04,True,
"Cracker, meal",,,OTHER,383.0,9.3,80.9,1.7,,USDA_FDC_SR_LEGACY,18236,2018-04,True,
"Crackers, cheese, low sodium",,,OTHER,503.0,10.1,58.2,25.3,,USDA_FDC_SR_LEGACY,18434,2018-04,True,
"Crackers, cheese, reduced fat",,,OTHER,418.0,10.0,68.19,11.67,,USDA_FDC_SR_LEGACY,18965,2018-04,True,
"Crackers, cheese, regular",,,OTHER,489.0,10.93,59.42,22.74,,USDA_FDC_SR_LEGACY,18214,2018-04,True,
"Crackers, cheese, sandwich-type with cheese filling",,,OTHER,490.0,8.92,58.76,24.41,,USDA_FDC_SR_LEGACY,18927,2018-04,True,
"Crackers, cheese, sandwich-type with peanut butter filling",,,OTHER,496.0,12.41,56.74,25.12,,USDA_FDC_SR_LEGACY,18215,2018-04,True,
"Crackers, cheese, whole grain",,,OTHER,412.0,9.62,57.29,16.03,,USDA_FDC_SR_LEGACY,28303,2018-04,True,
"Crackers, cream, Gamesa Sabrosas",,,OTHER,484.0,7.01,64.55,20.37,,USDA_FDC_SR_LEGACY,18961,2018-04,True,
"Crackers, cream, La Moderna Rikis Cream Crackers",,,OTHER,464.0,7.19,64.88,19.5,,USDA_FDC_SR_LEGACY,18962,2018-04,True,
"Crackers, crispbread, rye",,,OTHER,366.0,7.9,82.2,1.3,,USDA_FDC_SR_LEGACY,18216,2018-04,True,
"Crackers, flavored, fish-shaped",,,OTHER,463.0,10.16,65.67,17.71,,USDA_FDC_SR_LEGACY,28331,2018-04,True,
"Crackers, gluten-free, multi-seeded and multigrain",,,OTHER,453.0,11.25,66.3,15.84,,USDA_FDC_SR_LEGACY,28345,2018-04,True,
"Crackers, gluten-free, multigrain and vegetable, made with corn starch and white rice flour",,,OTHER,456.0,2.5,76.94,15.41,,USDA_FDC_SR_LEGACY,28344,2018-04,True,
"Crackers, matzo, egg",,,OTHER,391.0,12.3,78.6,2.1,,USDA_FDC_SR_LEGACY,18218,2018-04,True,
"Crackers, matzo, egg and onion",,,OTHER,391.0,10.0,77.1,3.9,,USDA_FDC_SR_LEGACY,18400,2018-04,True,
"Crackers, matzo, plain",,,OTHER,395.0,10.0,83.7,1.4,,USDA_FDC_SR_LEGACY,18217,2018-04,True,
"Crackers, matzo, whole-wheat",,,OTHER,351.0,13.1,78.9,1.5,,USDA_FDC_SR_LEGACY,18219,2018-04,True,
"Crackers, melba toast, plain",,,OTHER,390.0,12.1,76.6,3.2,,USDA_FDC_SR_LEGACY,18220,2018-04,True,
"Crackers, melba toast, plain, without salt",,,OTHER,390.0,12.1,76.6,3.2,,USDA_FDC_SR_LEGACY,18424,2018-04,True,
"Crackers, melba toast, rye (includes pumpernickel)",,,OTHER,389.0,11.6,77.3,3.4,,USDA_FDC_SR_LEGACY,18221,2018-04,True,
"Crackers, melba toast, wheat",,,OTHER,374.0,12.9,76.4,2.3,,USDA_FDC_SR_LEGACY,18222,2018-04,True,
"Crackers, milk",,,OTHER,446.0,7.6,71.73,13.77,,USDA_FDC_SR_LEGACY,18223,2018-04,True,
"Crackers, multigrain",,,OTHER,482.0,7.1,67.6,20.4,,USDA_FDC_SR_LEGACY,28292,2018-04,True,
"Crackers, rusk toast",,,OTHER,407.0,13.5,72.3,7.2,,USDA_FDC_SR_LEGACY,18224,2018-04,True,
"Crackers, rye, sandwich-type with cheese filling",,,OTHER,481.0,9.2,60.8,22.3,,USDA_FDC_SR_LEGACY,18225,2018-04,True,
"Crackers, rye, wafers, plain",,,OTHER,334.0,9.6,80.4,0.9,,USDA_FDC_SR_LEGACY,18226,2018-04,True,
"Crackers, rye, wafers, seasoned",,,OTHER,381.0,9.0,73.8,9.2,,USDA_FDC_SR_LEGACY,18227,2018-04,True,
"Crackers, saltines (includes oyster, soda, soup)",,,OTHER,418.0,9.46,74.05,8.64,,USDA_FDC_SR_LEGACY,18228,2018-04,True,
"Crackers, saltines, fat-free, low-sodium",,,OTHER,393.0,10.5,82.3,1.6,,USDA_FDC_SR_LEGACY,18457,2018-04,True,
"Crackers, saltines, low salt (includes oyster, soda, soup)",,,OTHER,421.0,9.5,74.34,8.85,,USDA_FDC_SR_LEGACY,18425,2018-04,True,
"Crackers, saltines, unsalted tops (includes oyster, soda, soup)",,,OTHER,434.0,9.2,71.5,11.8,,USDA_FDC_SR_LEGACY,18426,2018-04,True,
"Crackers, saltines, whole wheat (includes multi-grain)",,,OTHER,398.0,7.14,68.25,10.71,,USDA_FDC_SR_LEGACY,18966,2018-04,True,
"Crackers, sandwich-type, peanut butter filled, reduced fat",,,OTHER,437.0,8.33,63.49,16.67,,USDA_FDC_SR_LEGACY,28314,2018-04,True,
"Crackers, snack, Goya Crackers",,,OTHER,433.0,14.25,64.35,13.35,,USDA_FDC_SR_LEGACY,18960,2018-04,True,
"Crackers, standard snack-type, regular",,,OTHER,510.0,6.64,61.3,26.43,,USDA_FDC_SR_LEGACY,18229,2018-04,True,
"Crackers, standard snack-type, regular, low salt",,,OTHER,502.0,7.4,61.0,25.3,,USDA_FDC_SR_LEGACY,18427,2018-04,True,
"Crackers, standard snack-type, sandwich, with cheese filling",,,OTHER,477.0,9.3,61.7,21.1,,USDA_FDC_SR_LEGACY,18230,2018-04,True,
"Crackers, standard snack-type, sandwich, with peanut butter filling",,,OTHER,494.0,11.47,58.38,24.54,,USDA_FDC_SR_LEGACY,18231,2018-04,True,
"Crackers, standard snack-type, with whole wheat",,,OTHER,463.0,7.29,68.37,17.84,,USDA_FDC_SR_LEGACY,28308,2018-04,True,
"Crackers, toast thins, low sodium",,,OTHER,442.0,6.45,67.66,16.13,,USDA_FDC_SR_LEGACY,28325,2018-04,True,
"Crackers, water biscuits",,,OTHER,384.0,7.14,72.81,7.14,,USDA_FDC_SR_LEGACY,28327,2018-04,True,
"Crackers, wheat, low salt",,,OTHER,473.0,8.6,64.9,20.6,,USDA_FDC_SR_LEGACY,18428,2018-04,True,
"Crackers, wheat, reduced fat",,,OTHER,444.0,9.34,71.52,13.37,,USDA_FDC_SR_LEGACY,18950,2018-04,True,
"Crackers, wheat, regular",,,OTHER,455.0,7.3,70.73,16.4,,USDA_FDC_SR_LEGACY,18232,2018-04,True,
"Crackers, wheat, sandwich, with cheese filling",,,OTHER,497.0,9.8,58.2,25.0,,USDA_FDC_SR_LEGACY,18233,2018-04,True,
"Crackers, wheat, sandwich, with peanut butter filling",,,OTHER,495.0,13.5,53.8,26.7,,USDA_FDC_SR_LEGACY,18234,2018-04,True,
"Crackers, whole grain, sandwich-type, with peanut butter filling",,,OTHER,465.0,14.12,54.59,21.18,,USDA_FDC_SR_LEGACY,28326,2018-04,True,
"Crackers, whole-wheat",,,OTHER,427.0,10.58,69.55,14.13,,USDA_FDC_SR_LEGACY,18235,2018-04,True,
"Crackers, whole-wheat, low salt",,,OTHER,443.0,8.8,68.6,17.2,,USDA_FDC_SR_LEGACY,18429,2018-04,True,
"Crackers, whole-wheat, reduced fat",,,OTHER,416.0,11.34,75.52,7.59,,USDA_FDC_SR_LEGACY,18949,2018-04,True,
"Cranberries, wild, bush, raw (Alaska Native)",,,OTHER,55.0,1.1,12.3,0.2,,USDA_FDC_SR_LEGACY,35029,2018-04,True,
"Cranberry, low bush or lingenberry, raw (Alaska Native)",,,OTHER,55.0,0.4,12.2,0.5,,USDA_FDC_SR_LEGACY,35030,2018-04,True,
"Cream puff shell, prepared from recipe",,,OTHER,360.0,9.0,22.8,25.9,,USDA_FDC_SR_LEGACY,18237,2018-04,True,
"Cream puff, eclair, custard or cream filled, iced",,,OTHER,334.0,4.41,37.43,18.52,,USDA_FDC_SR_LEGACY,18969,2018-04,True,
"Croissants, apple",,,OTHER,254.0,7.4,37.1,8.7,,USDA_FDC_SR_LEGACY,18240,2018-04,True,
"Croissants, butter",,,OTHER,406.0,8.2,45.8,21.0,,USDA_FDC_SR_LEGACY,18239,2018-04,True,
"Croissants, cheese",,,OTHER,414.0,9.2,47.0,20.9,,USDA_FDC_SR_LEGACY,18241,2018-04,True,
"Croutons, plain",,,OTHER,407.0,11.9,73.5,6.6,,USDA_FDC_SR_LEGACY,18242,2018-04,True,
"Croutons, seasoned",,,OTHER,465.0,10.8,63.5,18.3,,USDA_FDC_SR_LEGACY,18243,2018-04,True,
"Crunchmaster, Multi-Grain Crisps, Snack Crackers, Gluten-Free",,,OTHER,456.0,10.91,67.18,15.92,,USDA_FDC_SR_LEGACY,28355,2018-04,True,
"DENNY'S, chicken nuggets, star shaped, from kid's menu",,,OTHER,377.0,16.27,13.59,28.57,,USDA_FDC_SR_LEGACY,36614,2018-04,True,
"DENNY'S, chicken strips",,,OTHER,295.0,19.17,22.03,14.5,,USDA_FDC_SR_LEGACY,36027,2018-04,True,
"DENNY'S, coleslaw",,,OTHER,183.0,0.97,10.88,15.03,,USDA_FDC_SR_LEGACY,36028,2018-04,True,
"DENNY'S, fish fillet, battered or breaded, fried",,,OTHER,234.0,13.75,17.41,12.16,,USDA_FDC_SR_LEGACY,36029,2018-04,True,
"DENNY'S, french fries",,,OTHER,282.0,3.41,35.2,14.13,,USDA_FDC_SR_LEGACY,36610,2018-04,True,
"DENNY'S, golden fried shrimp",,,OTHER,319.0,13.88,20.93,20.01,,USDA_FDC_SR_LEGACY,36612,2018-04,True,
"DENNY'S, hash browns",,,OTHER,197.0,2.49,26.59,8.99,,USDA_FDC_SR_LEGACY,36030,2018-04,True,
"DENNY'S, macaroni & cheese, from kid's menu",,,OTHER,150.0,5.19,21.16,4.92,,USDA_FDC_SR_LEGACY,36613,2018-04,True,
"DENNY'S, mozzarella cheese sticks",,,OTHER,324.0,13.56,27.22,17.87,,USDA_FDC_SR_LEGACY,36611,2018-04,True,
"DENNY'S, onion rings",,,OTHER,385.0,5.29,41.05,22.23,,USDA_FDC_SR_LEGACY,36031,2018-04,True,
"DENNY'S, spaghetti and meatballs",,,OTHER,170.0,7.84,15.51,8.52,,USDA_FDC_SR_LEGACY,36032,2018-04,True,
"DENNY'S, top sirloin steak",,,OTHER,182.0,28.9,0.14,7.34,,USDA_FDC_SR_LEGACY,36615,2018-04,True,
"DIGIORNO Pizza, cheese topping, cheese stuffed crust, frozen, baked",,,OTHER,279.0,13.48,29.86,11.68,,USDA_FDC_SR_LEGACY,21473,2018-04,True,
"DIGIORNO Pizza, cheese topping, rising crust, frozen, baked",,,OTHER,256.0,12.8,31.78,8.6,,USDA_FDC_SR_LEGACY,21474,2018-04,True,
"DIGIORNO Pizza, cheese topping, thin crispy crust, frozen, baked",,,OTHER,247.0,12.96,26.47,9.91,,USDA_FDC_SR_LEGACY,21475,2018-04,True,
"DIGIORNO Pizza, pepperoni topping, cheese stuffed crust, frozen, baked",,,OTHER,279.0,13.92,29.46,11.71,,USDA_FDC_SR_LEGACY,21476,2018-04,True,
"DIGIORNO Pizza, pepperoni topping, rising crust, frozen, baked",,,OTHER,265.0,12.46,31.15,10.11,,USDA_FDC_SR_LEGACY,21477,2018-04,True,
"DIGIORNO Pizza, pepperoni topping, thin crispy crust, frozen, baked",,,OTHER,283.0,13.22,28.67,12.86,,USDA_FDC_SR_LEGACY,21478,2018-04,True,
"DIGIORNO Pizza, supreme topping, rising crust, frozen, baked",,,OTHER,255.0,11.74,27.93,10.68,,USDA_FDC_SR_LEGACY,21479,2018-04,True,
"DIGIORNO Pizza, supreme topping, thin crispy crust, frozen, baked",,,OTHER,255.0,11.41,28.05,10.8,,USDA_FDC_SR_LEGACY,21480,2018-04,True,
"DOMINO'S 14"" Cheese Pizza, Classic Hand-Tossed Crust",,,OTHER,257.0,10.8,33.24,8.97,,USDA_FDC_SR_LEGACY,21277,2018-04,True,
"DOMINO'S 14"" Cheese Pizza, Crunchy Thin Crust",,,OTHER,298.0,12.33,28.18,15.1,,USDA_FDC_SR_LEGACY,21279,2018-04,True,
"DOMINO'S 14"" Cheese Pizza, Ultimate Deep Dish Crust",,,OTHER,265.0,10.76,33.48,9.83,,USDA_FDC_SR_LEGACY,21278,2018-04,True,
"DOMINO'S 14"" EXTRAVAGANZZA FEAST Pizza, Classic Hand-Tossed Crust",,,OTHER,244.0,10.33,25.72,11.1,,USDA_FDC_SR_LEGACY,21282,2018-04,True,
"DOMINO'S 14"" Pepperoni Pizza, Classic Hand-Tossed Crust",,,OTHER,273.0,11.25,31.86,11.18,,USDA_FDC_SR_LEGACY,21280,2018-04,True,
"DOMINO'S 14"" Pepperoni Pizza, Crunchy Thin Crust",,,OTHER,328.0,13.88,25.35,19.05,,USDA_FDC_SR_LEGACY,21492,2018-04,True,
"DOMINO'S 14"" Pepperoni Pizza, Ultimate Deep Dish Crust",,,OTHER,283.0,11.52,31.89,12.1,,USDA_FDC_SR_LEGACY,21281,2018-04,True,
"DOMINO'S 14"" Sausage Pizza, Classic Hand-Tossed Crust",,,OTHER,273.0,11.08,31.84,11.2,,USDA_FDC_SR_LEGACY,21494,2018-04,True,
"DOMINO'S 14"" Sausage Pizza, Crunchy Thin Crust",,,OTHER,319.0,12.77,25.3,18.52,,USDA_FDC_SR_LEGACY,21493,2018-04,True,
"DOMINO'S 14"" Sausage Pizza, Ultimate Deep Dish Crust",,,OTHER,277.0,11.03,31.17,12.03,,USDA_FDC_SR_LEGACY,21495,2018-04,True,
"Danish pastry, cheese",,,OTHER,374.0,8.0,37.2,21.9,,USDA_FDC_SR_LEGACY,18245,2018-04,True,
"Danish pastry, cinnamon, enriched",,,OTHER,403.0,7.0,44.6,22.4,,USDA_FDC_SR_LEGACY,18244,2018-04,True,
"Danish pastry, cinnamon, unenriched",,,OTHER,403.0,7.0,44.6,22.4,,USDA_FDC_SR_LEGACY,18430,2018-04,True,
"Danish pastry, fruit, enriched (includes apple, cinnamon, raisin, lemon, raspberry, strawberry)",,,OTHER,371.0,5.4,47.8,18.5,,USDA_FDC_SR_LEGACY,18246,2018-04,True,
"Danish pastry, fruit, unenriched (includes apple, cinnamon, raisin, strawberry)",,,OTHER,371.0,5.4,47.8,18.5,,USDA_FDC_SR_LEGACY,18431,2018-04,True,
"Danish pastry, lemon, unenriched",,,OTHER,371.0,5.4,47.8,18.5,,USDA_FDC_SR_LEGACY,18433,2018-04,True,
"Danish pastry, raspberry, unenriched",,,OTHER,371.0,5.4,47.8,18.5,,USDA_FDC_SR_LEGACY,18435,2018-04,True,
"Deer (venison), sitka, raw (Alaska Native)",,,OTHER,116.0,21.5,0.0,2.66,,USDA_FDC_SR_LEGACY,35080,2018-04,True,
"Doughnuts, cake-type, chocolate, sugared or glazed",,,OTHER,417.0,4.5,57.4,19.9,,USDA_FDC_SR_LEGACY,18251,2018-04,True,
"Doughnuts, cake-type, plain (includes unsugared, old-fashioned)",,,OTHER,434.0,5.31,47.06,24.93,,USDA_FDC_SR_LEGACY,18248,2018-04,True,
"Doughnuts, cake-type, plain, chocolate-coated or frosted",,,OTHER,452.0,4.93,51.33,25.25,,USDA_FDC_SR_LEGACY,18249,2018-04,True,
"Doughnuts, cake-type, plain, sugared or glazed",,,OTHER,426.0,5.2,50.8,22.9,,USDA_FDC_SR_LEGACY,18250,2018-04,True,
"Doughnuts, french crullers, glazed",,,OTHER,412.0,3.1,59.5,18.3,,USDA_FDC_SR_LEGACY,18253,2018-04,True,
"Doughnuts, yeast-leavened, glazed, enriched (includes honey buns)",,,OTHER,421.0,6.14,47.93,22.7,,USDA_FDC_SR_LEGACY,18255,2018-04,True,
"Doughnuts, yeast-leavened, glazed, unenriched (includes honey buns)",,,OTHER,403.0,6.4,44.3,22.8,,USDA_FDC_SR_LEGACY,18436,2018-04,True,
"Doughnuts, yeast-leavened, with creme filling",,,OTHER,361.0,6.4,30.0,24.5,,USDA_FDC_SR_LEGACY,18254,2018-04,True,
"Doughnuts, yeast-leavened, with jelly filling",,,OTHER,340.0,5.9,39.0,18.7,,USDA_FDC_SR_LEGACY,18256,2018-04,True,
"Duck, scoter, white-winged, meat (Alaska Native)",,,OTHER,84.0,20.2,0.0,0.4,,USDA_FDC_SR_LEGACY,35069,2018-04,True,
"Dumpling, potato- or cheese-filled, frozen",,,OTHER,195.0,5.26,29.64,6.14,,USDA_FDC_SR_LEGACY,32025,2018-04,True,
"Egg rolls, chicken, refrigerated, heated",,,OTHER,197.0,10.44,28.54,4.51,,USDA_FDC_SR_LEGACY,22954,2018-04,True,
"Egg rolls, pork, refrigerated, heated",,,OTHER,227.0,9.94,28.49,8.18,,USDA_FDC_SR_LEGACY,22953,2018-04,True,
"Egg rolls, vegetable, frozen, prepared",,,OTHER,214.0,5.95,31.77,6.97,,USDA_FDC_SR_LEGACY,22955,2018-04,True,
"Elk, free range, ground, cooked patties (Shoshone Bannock)",,,OTHER,143.0,29.45,0.0,2.8,,USDA_FDC_SR_LEGACY,35172,2018-04,True,
"Elk, free range, ground, raw (Shoshone Bannock)",,,OTHER,97.0,20.14,0.0,1.8,,USDA_FDC_SR_LEGACY,35173,2018-04,True,
"Elk, free range, roast, eye of round, cooked (Shoshone Bannock)",,,OTHER,148.0,30.56,0.0,2.85,,USDA_FDC_SR_LEGACY,35178,2018-04,True,
"Elk, free range, roast, eye of round, raw (Shoshone Bannock)",,,OTHER,98.0,19.74,0.0,2.1,,USDA_FDC_SR_LEGACY,35177,2018-04,True,
"English muffins, plain, enriched, without calcium propionate(includes sourdough)",,,OTHER,235.0,7.7,46.0,1.8,,USDA_FDC_SR_LEGACY,18437,2018-04,True,
"English muffins, plain, unenriched, with calcium propionate (includes sourdough)",,,OTHER,235.0,7.7,46.0,1.8,,USDA_FDC_SR_LEGACY,18438,2018-04,True,
"English muffins, plain, unenriched, without calcium propionate (includes sourdough)",,,OTHER,235.0,7.7,46.0,1.8,,USDA_FDC_SR_LEGACY,18439,2018-04,True,
"English muffins, whole grain white",,,OTHER,245.0,7.02,50.17,1.75,,USDA_FDC_SR_LEGACY,28320,2018-04,True,
"Fast Food, Pizza Chain, 14"" pizza, cheese topping, regular crust",,,OTHER,266.0,11.39,33.33,9.69,,USDA_FDC_SR_LEGACY,21299,2018-04,True,
"Fast Food, Pizza Chain, 14"" pizza, cheese topping, stuffed crust",,,OTHER,274.0,12.23,30.0,11.63,,USDA_FDC_SR_LEGACY,21511,2018-04,True,
"Fast Food, Pizza Chain, 14"" pizza, cheese topping, thick crust",,,OTHER,271.0,10.81,33.17,10.54,,USDA_FDC_SR_LEGACY,21300,2018-04,True,
"Fast Food, Pizza Chain, 14"" pizza, cheese topping, thin crust",,,OTHER,302.0,12.85,31.2,13.95,,USDA_FDC_SR_LEGACY,21301,2018-04,True,
"Fast Food, Pizza Chain, 14"" pizza, meat and vegetable topping, regular crust",,,OTHER,244.0,11.02,25.38,10.9,,USDA_FDC_SR_LEGACY,21304,2018-04,True,
"Fast Food, Pizza Chain, 14"" pizza, pepperoni topping, regular crust",,,OTHER,282.0,11.74,31.98,11.91,,USDA_FDC_SR_LEGACY,21302,2018-04,True,
"Fast Food, Pizza Chain, 14"" pizza, pepperoni topping, thick crust",,,OTHER,287.0,11.49,31.84,12.58,,USDA_FDC_SR_LEGACY,21303,2018-04,True,
"Fast Food, Pizza Chain, 14"" pizza, pepperoni topping, thin crust",,,OTHER,331.0,14.01,29.0,17.61,,USDA_FDC_SR_LEGACY,21485,2018-04,True,
"Fast Food, Pizza Chain, 14"" pizza, sausage topping, regular crust",,,OTHER,280.0,11.5,30.62,12.35,,USDA_FDC_SR_LEGACY,21484,2018-04,True,
"Fast Food, Pizza Chain, 14"" pizza, sausage topping, thick crust",,,OTHER,282.0,11.06,30.36,12.94,,USDA_FDC_SR_LEGACY,21482,2018-04,True,
"Fast Food, Pizza Chain, 14"" pizza, sausage topping, thin crust",,,OTHER,321.0,13.36,27.0,17.71,,USDA_FDC_SR_LEGACY,21483,2018-04,True,
"Fast Foods, Fried Chicken, Breast, meat and skin and breading",,,OTHER,230.0,23.51,6.03,12.44,,USDA_FDC_SR_LEGACY,21469,2018-04,True,
"Fast Foods, Fried Chicken, Breast, meat only, skin and breading removed",,,OTHER,153.0,27.93,0.0,4.54,,USDA_FDC_SR_LEGACY,21464,2018-04,True,
"Fast Foods, Fried Chicken, Drumstick, meat and skin with breading",,,OTHER,267.0,21.13,7.59,16.92,,USDA_FDC_SR_LEGACY,21470,2018-04,True,
"Fast Foods, Fried Chicken, Drumstick, meat only, skin and breading removed",,,OTHER,172.0,26.24,0.0,7.41,,USDA_FDC_SR_LEGACY,21465,2018-04,True,
"Fast Foods, Fried Chicken, Skin and breading from all pieces",,,OTHER,398.0,14.11,19.56,29.22,,USDA_FDC_SR_LEGACY,21468,2018-04,True,
"Fast Foods, Fried Chicken, Thigh, meat and skin and breading",,,OTHER,274.0,19.23,8.68,18.07,,USDA_FDC_SR_LEGACY,21471,2018-04,True,
"Fast Foods, Fried Chicken, Thigh, meat only, skin and breading removed",,,OTHER,178.0,23.21,0.24,9.41,,USDA_FDC_SR_LEGACY,21466,2018-04,True,
"Fast Foods, Fried Chicken, Wing, meat and skin and breading",,,OTHER,310.0,21.14,11.19,20.09,,USDA_FDC_SR_LEGACY,21472,2018-04,True,
"Fast Foods, Fried Chicken, Wing, meat only, skin and breading removed",,,OTHER,215.0,28.77,2.13,10.2,,USDA_FDC_SR_LEGACY,21467,2018-04,True,
"Fast Foods, biscuit, with egg and sausage",,,OTHER,312.0,11.13,21.05,20.77,,USDA_FDC_SR_LEGACY,21005,2018-04,True,
"Fast Foods, cheeseburger; double, large patty; with condiments, vegetables and mayonnaise",,,OTHER,253.0,15.5,12.62,15.63,,USDA_FDC_SR_LEGACY,21399,2018-04,True,
"Fast Foods, crispy chicken filet sandwich, with lettuce and mayonnaise",,,OTHER,276.0,10.94,27.4,13.59,,USDA_FDC_SR_LEGACY,21230,2018-04,True,
"Fast Foods, grilled chicken filet sandwich, with lettuce, tomato and spread",,,OTHER,182.0,17.34,16.78,4.57,,USDA_FDC_SR_LEGACY,21490,2018-04,True,
"Fast food, biscuit",,,OTHER,370.0,7.08,42.82,18.92,,USDA_FDC_SR_LEGACY,21142,2018-04,True,
"Fast foods, bagel, with breakfast steak, egg, cheese, and condiments",,,OTHER,282.0,15.95,22.99,14.07,,USDA_FDC_SR_LEGACY,21411,2018-04,True,
"Fast foods, bagel, with egg, sausage patty, cheese, and condiments",,,OTHER,295.0,12.98,22.64,16.97,,USDA_FDC_SR_LEGACY,21410,2018-04,True,
"Fast foods, biscuit, with crispy chicken fillet",,,OTHER,300.0,11.93,30.56,14.93,,USDA_FDC_SR_LEGACY,21010,2018-04,True,
"Fast foods, biscuit, with egg and bacon",,,OTHER,305.0,11.33,19.06,20.73,,USDA_FDC_SR_LEGACY,21003,2018-04,True,
"Fast foods, biscuit, with egg and ham",,,OTHER,233.0,10.64,16.37,14.08,,USDA_FDC_SR_LEGACY,21004,2018-04,True,
"Fast foods, biscuit, with egg, cheese, and bacon",,,OTHER,301.0,12.01,24.44,17.48,,USDA_FDC_SR_LEGACY,21007,2018-04,True,
"Fast foods, biscuit, with ham",,,OTHER,342.0,11.85,38.75,16.3,,USDA_FDC_SR_LEGACY,21008,2018-04,True,
"Fast foods, biscuit, with sausage",,,OTHER,371.0,9.67,29.99,24.42,,USDA_FDC_SR_LEGACY,21009,2018-04,True,
"Fast foods, breadstick, soft, prepared with garlic and parmesan cheese",,,OTHER,343.0,12.2,44.48,12.88,,USDA_FDC_SR_LEGACY,21520,2018-04,True,
"Fast foods, breakfast burrito, with egg, cheese, and sausage",,,OTHER,277.0,11.1,22.97,15.63,,USDA_FDC_SR_LEGACY,21519,2018-04,True,
"Fast foods, burrito, with beans",,,OTHER,206.0,6.48,32.92,6.22,,USDA_FDC_SR_LEGACY,21060,2018-04,True,
"Fast foods, burrito, with beans and beef",,,OTHER,191.0,11.52,19.52,7.47,,USDA_FDC_SR_LEGACY,21063,2018-04,True,
"Fast foods, burrito, with beans and cheese",,,OTHER,205.0,7.35,31.23,6.05,,USDA_FDC_SR_LEGACY,21061,2018-04,True,
"Fast foods, burrito, with beans, cheese, and beef",,,OTHER,180.0,7.03,23.37,6.8,,USDA_FDC_SR_LEGACY,21064,2018-04,True,
"Fast foods, cheeseburger, double, regular patty and bun, with condiments",,,OTHER,282.0,16.24,17.97,16.18,,USDA_FDC_SR_LEGACY,21094,2018-04,True,
"Fast foods, cheeseburger; double, large patty; with condiments",,,OTHER,272.0,16.96,14.43,16.22,,USDA_FDC_SR_LEGACY,21396,2018-04,True,
"Fast foods, cheeseburger; double, regular patty; double decker bun with condiments and special sauce",,,OTHER,261.0,11.94,21.53,14.1,,USDA_FDC_SR_LEGACY,21400,2018-04,True,
"Fast foods, cheeseburger; double, regular patty; with condiments",,,OTHER,282.0,16.24,17.97,16.18,,USDA_FDC_SR_LEGACY,21395,2018-04,True,
"Fast foods, cheeseburger; single, large patty; plain",,,OTHER,310.0,17.29,24.07,15.97,,USDA_FDC_SR_LEGACY,21096,2018-04,True,
"Fast foods, cheeseburger; single, large patty; with condiments",,,OTHER,269.0,15.21,19.72,14.4,,USDA_FDC_SR_LEGACY,21398,2018-04,True,
"Fast foods, cheeseburger; single, large patty; with condiments, vegetables and mayonnaise",,,OTHER,268.0,13.69,17.73,15.8,,USDA_FDC_SR_LEGACY,21397,2018-04,True,
"Fast foods, cheeseburger; single, regular patty, with condiments",,,OTHER,270.0,13.49,25.46,12.9,,USDA_FDC_SR_LEGACY,21090,2018-04,True,
"Fast foods, cheeseburger; single, regular patty, with condiments and vegetables",,,OTHER,254.0,13.06,24.97,11.5,,USDA_FDC_SR_LEGACY,21091,2018-04,True,
"Fast foods, cheeseburger; single, regular patty; plain",,,OTHER,308.0,16.51,28.03,14.72,,USDA_FDC_SR_LEGACY,21089,2018-04,True,
"Fast foods, chicken fillet sandwich, plain with pickles",,,OTHER,250.0,16.28,20.89,11.19,,USDA_FDC_SR_LEGACY,21102,2018-04,True,
"Fast foods, chicken tenders",,,OTHER,271.0,19.22,17.25,13.95,,USDA_FDC_SR_LEGACY,21401,2018-04,True,
"Fast foods, chicken, breaded and fried, boneless pieces, plain",,,OTHER,307.0,15.92,14.93,20.36,,USDA_FDC_SR_LEGACY,21229,2018-04,True,
"Fast foods, coleslaw",,,OTHER,153.0,0.95,14.89,9.91,,USDA_FDC_SR_LEGACY,21127,2018-04,True,
"Fast foods, crispy chicken in tortilla, with lettuce, cheese, and ranch sauce",,,OTHER,275.0,11.48,23.22,15.1,,USDA_FDC_SR_LEGACY,21517,2018-04,True,
"Fast foods, crispy chicken, bacon, and tomato club sandwich, with cheese, lettuce, and mayonnaise",,,OTHER,257.0,15.38,22.61,11.76,,USDA_FDC_SR_LEGACY,21462,2018-04,True,
"Fast foods, croissant, with egg, cheese, and bacon",,,OTHER,289.0,12.92,22.5,16.4,,USDA_FDC_SR_LEGACY,21012,2018-04,True,
"Fast foods, croissant, with egg, cheese, and ham",,,OTHER,261.0,12.45,18.98,14.95,,USDA_FDC_SR_LEGACY,21013,2018-04,True,
"Fast foods, croissant, with egg, cheese, and sausage",,,OTHER,308.0,12.09,15.9,21.78,,USDA_FDC_SR_LEGACY,21014,2018-04,True,
"Fast foods, egg, scrambled",,,OTHER,212.0,13.84,2.08,16.18,,USDA_FDC_SR_LEGACY,21018,2018-04,True,
"Fast foods, english muffin, with cheese and sausage",,,OTHER,338.0,13.28,25.28,20.67,,USDA_FDC_SR_LEGACY,21020,2018-04,True,
"Fast foods, english muffin, with egg, cheese, and canadian bacon",,,OTHER,228.0,13.64,21.67,9.66,,USDA_FDC_SR_LEGACY,21021,2018-04,True,
"Fast foods, english muffin, with egg, cheese, and sausage",,,OTHER,286.0,13.38,17.44,18.1,,USDA_FDC_SR_LEGACY,21022,2018-04,True,
"Fast foods, fish sandwich, with tartar sauce",,,OTHER,257.0,10.29,26.69,12.45,,USDA_FDC_SR_LEGACY,21105,2018-04,True,
"Fast foods, fish sandwich, with tartar sauce and cheese",,,OTHER,279.0,11.26,26.39,14.64,,USDA_FDC_SR_LEGACY,21106,2018-04,True,
"Fast foods, french toast sticks",,,OTHER,340.0,6.0,41.21,17.74,,USDA_FDC_SR_LEGACY,21024,2018-04,True,
"Fast foods, griddle cake sandwich, egg, cheese, and bacon",,,OTHER,272.0,12.03,26.19,13.19,,USDA_FDC_SR_LEGACY,21307,2018-04,True,
"Fast foods, griddle cake sandwich, egg, cheese, and sausage",,,OTHER,291.0,10.77,22.04,17.73,,USDA_FDC_SR_LEGACY,21305,2018-04,True,
"Fast foods, griddle cake sandwich, sausage",,,OTHER,318.0,8.41,31.25,17.76,,USDA_FDC_SR_LEGACY,21306,2018-04,True,
"Fast foods, grilled chicken in tortilla, with lettuce, cheese, and ranch sauce",,,OTHER,222.0,13.77,18.43,10.31,,USDA_FDC_SR_LEGACY,21518,2018-04,True,
"Fast foods, grilled chicken, bacon and tomato club sandwich, with cheese, lettuce, and mayonnaise",,,OTHER,220.0,17.19,19.87,8.05,,USDA_FDC_SR_LEGACY,21461,2018-04,True,
"Fast foods, hamburger, large, single patty, with condiments",,,OTHER,256.0,15.68,22.14,11.6,,USDA_FDC_SR_LEGACY,21202,2018-04,True,
"Fast foods, hamburger; double, large patty; with condiments, vegetables and mayonnaise",,,OTHER,252.0,13.94,13.74,15.66,,USDA_FDC_SR_LEGACY,21389,2018-04,True,
"Fast foods, hamburger; single, large patty; with condiments, vegetables and mayonnaise",,,OTHER,226.0,11.34,17.33,12.37,,USDA_FDC_SR_LEGACY,21390,2018-04,True,
"Fast foods, hamburger; single, regular patty; double decker bun with condiments and special sauce",,,OTHER,259.0,12.17,22.69,13.3,,USDA_FDC_SR_LEGACY,21393,2018-04,True,
"Fast foods, hamburger; single, regular patty; plain",,,OTHER,297.0,16.52,31.5,12.01,,USDA_FDC_SR_LEGACY,21107,2018-04,True,
"Fast foods, hamburger; single, regular patty; with condiments",,,OTHER,263.0,13.3,29.57,10.18,,USDA_FDC_SR_LEGACY,21108,2018-04,True,
"Fast foods, hush puppies",,,OTHER,296.0,6.16,40.21,13.25,,USDA_FDC_SR_LEGACY,21129,2018-04,True,
"Fast foods, miniature cinnamon rolls",,,OTHER,403.0,7.02,53.38,17.95,,USDA_FDC_SR_LEGACY,21388,2018-04,True,
"Fast foods, nachos, with cheese",,,OTHER,343.0,4.32,34.91,21.5,,USDA_FDC_SR_LEGACY,21078,2018-04,True,
"Fast foods, nachos, with cheese, beans, ground beef, and tomatoes",,,OTHER,219.0,6.21,21.39,12.48,,USDA_FDC_SR_LEGACY,21080,2018-04,True,
"Fast foods, onion rings, breaded and fried",,,OTHER,411.0,3.86,43.58,25.23,,USDA_FDC_SR_LEGACY,21130,2018-04,True,
"Fast foods, potato, french fried in vegetable oil",,,OTHER,312.0,3.43,41.44,14.73,,USDA_FDC_SR_LEGACY,21138,2018-04,True,
"Fast foods, potato, mashed",,,OTHER,89.0,1.65,14.65,2.82,,USDA_FDC_SR_LEGACY,21139,2018-04,True,
"Fast foods, potatoes, hash browns, round pieces or patty",,,OTHER,272.0,2.58,28.88,17.04,,USDA_FDC_SR_LEGACY,21026,2018-04,True,
"Fast foods, quesadilla, with chicken",,,OTHER,294.0,15.05,24.04,15.25,,USDA_FDC_SR_LEGACY,21488,2018-04,True,
"Fast foods, roast beef sandwich, plain",,,OTHER,244.0,15.17,22.21,10.3,,USDA_FDC_SR_LEGACY,21121,2018-04,True,
"Fast foods, shrimp, breaded and fried",,,OTHER,308.0,7.84,27.99,18.9,,USDA_FDC_SR_LEGACY,21059,2018-04,True,
"Fast foods, strawberry banana smoothie made with ice and low-fat yogurt",,,OTHER,65.0,0.86,15.05,0.14,,USDA_FDC_SR_LEGACY,21521,2018-04,True,
"Fast foods, submarine sandwich, bacon, lettuce, and tomato on white bread",,,OTHER,205.0,10.06,26.66,6.41,,USDA_FDC_SR_LEGACY,21162,2018-04,True,
"Fast foods, submarine sandwich, cold cut on white bread with lettuce and tomato",,,OTHER,213.0,10.52,20.43,10.04,,USDA_FDC_SR_LEGACY,21124,2018-04,True,
"Fast foods, submarine sandwich, ham on white bread with lettuce and tomato",,,OTHER,151.0,9.12,22.91,2.53,,USDA_FDC_SR_LEGACY,21156,2018-04,True,
"Fast foods, submarine sandwich, meatball marinara on white bread",,,OTHER,219.0,9.77,26.01,8.45,,USDA_FDC_SR_LEGACY,21158,2018-04,True,
"Fast foods, submarine sandwich, oven roasted chicken on white bread with lettuce and tomato",,,OTHER,157.0,10.84,21.35,3.15,,USDA_FDC_SR_LEGACY,21154,2018-04,True,
"Fast foods, submarine sandwich, roast beef on white bread with lettuce and tomato",,,OTHER,156.0,12.17,20.34,2.73,,USDA_FDC_SR_LEGACY,21125,2018-04,True,
"Fast foods, submarine sandwich, steak and cheese on white bread with cheese, lettuce and tomato",,,OTHER,183.0,12.29,21.49,5.34,,USDA_FDC_SR_LEGACY,21160,2018-04,True,
"Fast foods, submarine sandwich, sweet onion chicken teriyaki on white bread with lettuce, tomato and sweet onion sauce",,,OTHER,155.0,10.91,22.54,2.37,,USDA_FDC_SR_LEGACY,21151,2018-04,True,
"Fast foods, submarine sandwich, tuna on white bread with lettuce and tomato",,,OTHER,218.0,12.33,15.95,12.04,,USDA_FDC_SR_LEGACY,21126,2018-04,True,
"Fast foods, submarine sandwich, turkey breast on white bread with lettuce and tomato",,,OTHER,147.0,9.12,22.42,2.31,,USDA_FDC_SR_LEGACY,21155,2018-04,True,
"Fast foods, submarine sandwich, turkey, roast beef and ham on white bread with lettuce and tomato",,,OTHER,146.0,10.66,20.36,2.42,,USDA_FDC_SR_LEGACY,21153,2018-04,True,
"Fast foods, sundae, caramel",,,OTHER,196.0,4.71,31.81,5.98,,USDA_FDC_SR_LEGACY,21032,2018-04,True,
"Fast foods, sundae, hot fudge",,,OTHER,180.0,3.57,30.17,5.46,,USDA_FDC_SR_LEGACY,21033,2018-04,True,
"Fast foods, sundae, strawberry",,,OTHER,175.0,4.09,29.18,5.13,,USDA_FDC_SR_LEGACY,21034,2018-04,True,
"Fast foods, taco with beef, cheese and lettuce, hard shell",,,OTHER,226.0,8.86,19.85,12.7,,USDA_FDC_SR_LEGACY,21082,2018-04,True,
"Fast foods, taco with beef, cheese and lettuce, soft",,,OTHER,206.0,9.25,20.23,9.75,,USDA_FDC_SR_LEGACY,21486,2018-04,True,
"Fast foods, taco with chicken, lettuce and cheese, soft",,,OTHER,189.0,13.3,19.69,6.35,,USDA_FDC_SR_LEGACY,21487,2018-04,True,
"Fast foods, vanilla, light, soft-serve ice cream, with cone",,,OTHER,163.0,4.24,26.36,4.86,,USDA_FDC_SR_LEGACY,21028,2018-04,True,
"Fireweed, young leaves, raw (Alaska Native)",,,OTHER,44.0,3.0,6.3,0.8,,USDA_FDC_SR_LEGACY,35038,2018-04,True,
"Fish, Salmon, Chum, raw (Alaska Native)",,,OTHER,116.0,20.69,0.0,3.67,,USDA_FDC_SR_LEGACY,35152,2018-04,True,
"Fish, blackfish, whole (Alaska Native)",,,OTHER,82.0,15.5,0.0,1.75,,USDA_FDC_SR_LEGACY,35016,2018-04,True,
"Fish, devilfish, meat (Alaska Native)",,,OTHER,97.0,11.7,0.0,5.3,,USDA_FDC_SR_LEGACY,35034,2018-04,True,
"Fish, halibut, cooked, with skin (Alaska Native)",,,OTHER,113.0,22.13,0.0,2.73,,USDA_FDC_SR_LEGACY,35188,2018-04,True,
"Fish, halibut, raw, with skin (Alaska Native)",,,OTHER,116.0,20.53,1.81,2.92,,USDA_FDC_SR_LEGACY,35149,2018-04,True,
"Fish, herring eggs on giant kelp, Pacific (Alaska Native)",,,OTHER,63.0,11.3,2.6,0.8,,USDA_FDC_SR_LEGACY,35039,2018-04,True,
"Fish, herring eggs, Pacific, dry (Alaska Native)",,,OTHER,312.0,60.4,2.8,6.6,,USDA_FDC_SR_LEGACY,35040,2018-04,True,
"Fish, herring eggs, Pacific, plain (Alaska Native)",,,OTHER,74.0,9.6,4.47,1.93,,USDA_FDC_SR_LEGACY,35041,2018-04,True,
"Fish, herring, Pacific, flesh, air-dried, packed in oil (Alaska Native)",,,OTHER,489.0,44.5,0.0,34.6,,USDA_FDC_SR_LEGACY,35042,2018-04,True,
"Fish, lingcod, liver (Alaska Native)",,,OTHER,424.0,5.6,6.0,42.0,,USDA_FDC_SR_LEGACY,35047,2018-04,True,
"Fish, lingcod, meat, raw (Alaska Native)",,,OTHER,79.0,17.9,0.0,0.8,,USDA_FDC_SR_LEGACY,35046,2018-04,True,
"Fish, pike, northern, liver (Alaska Native)",,,OTHER,156.0,16.6,4.3,8.0,,USDA_FDC_SR_LEGACY,35060,2018-04,True,
"Fish, salmon, chum, dried (Alaska Native)",,,OTHER,378.0,62.09,0.0,14.38,,USDA_FDC_SR_LEGACY,35171,2018-04,True,
"Fish, salmon, coho (silver), raw (Alaska Native)",,,OTHER,140.0,22.56,0.0,5.57,,USDA_FDC_SR_LEGACY,35150,2018-04,True,
"Fish, salmon, king (chinook), raw (Alaska Native)",,,OTHER,187.0,20.25,0.0,11.73,,USDA_FDC_SR_LEGACY,35153,2018-04,True,
"Fish, salmon, king, chinook, kippered, canned (Alaska Native)",,,OTHER,266.0,30.7,0.0,15.9,,USDA_FDC_SR_LEGACY,35065,2018-04,True,
"Fish, salmon, king, chinook, liver (Alaska Native)",,,OTHER,156.0,16.6,4.3,8.0,,USDA_FDC_SR_LEGACY,35068,2018-04,True,
"Fish, salmon, king, chinook, smoked and canned (Alaska Native)",,,OTHER,150.0,23.2,0.0,5.9,,USDA_FDC_SR_LEGACY,35066,2018-04,True,
"Fish, salmon, king, chinook, smoked, brined (Alaska Native)",,,OTHER,430.0,39.9,0.0,30.0,,USDA_FDC_SR_LEGACY,35067,2018-04,True,
"Fish, salmon, king, with skin, kippered, (Alaska Native)",,,OTHER,209.0,23.19,0.0,12.95,,USDA_FDC_SR_LEGACY,35168,2018-04,True,
"Fish, salmon, red, (sockeye), canned, smoked (Alaska Native)",,,OTHER,206.0,35.19,0.0,7.26,,USDA_FDC_SR_LEGACY,35166,2018-04,True,
"Fish, salmon, red, (sockeye), kippered (Alaska Native)",,,OTHER,141.0,24.5,0.0,4.75,,USDA_FDC_SR_LEGACY,35167,2018-04,True,
"Fish, salmon, red, canned, bones removed (Alaska Native)",,,OTHER,161.0,27.31,0.0,5.76,,USDA_FDC_SR_LEGACY,35157,2018-04,True,
"Fish, salmon, sockeye (red), raw (Alaska Native)",,,OTHER,153.0,21.94,0.0,7.28,,USDA_FDC_SR_LEGACY,35151,2018-04,True,
"Fish, salmon, tipnuk, fermented (Alaska Native)",,,OTHER,159.0,15.9,0.0,10.6,,USDA_FDC_SR_LEGACY,35064,2018-04,True,
"Fish, sheefish, raw (Alaska Native)",,,OTHER,115.0,22.25,0.0,2.84,,USDA_FDC_SR_LEGACY,35169,2018-04,True,
"Fish, whitefish, broad, head, eyes, cheeks and soft bones (Alaska Native)",,,OTHER,107.0,18.6,0.0,3.6,,USDA_FDC_SR_LEGACY,35091,2018-04,True,
"Fish, whitefish, broad, liver (Alaska Native)",,,OTHER,104.0,11.0,5.1,4.4,,USDA_FDC_SR_LEGACY,35088,2018-04,True,
"Fish, whitefish, dried (Alaska Native)",,,OTHER,371.0,62.44,0.0,13.44,,USDA_FDC_SR_LEGACY,35165,2018-04,True,
"Fish, whitefish, eggs (Alaska Native)",,,OTHER,104.0,14.66,4.89,2.88,,USDA_FDC_SR_LEGACY,35158,2018-04,True,
"Fish, whitefish, mixed species, raw (Alaska Native)",,,OTHER,131.0,18.9,0.0,6.1,,USDA_FDC_SR_LEGACY,35089,2018-04,True,
"Fluid replacement, electrolyte solution (include PEDIALYTE)",,,OTHER,10.0,0.0,2.45,0.0,,USDA_FDC_SR_LEGACY,43075,2018-04,True,
"Focaccia, Italian flatbread, plain",,,OTHER,249.0,8.77,35.82,7.89,,USDA_FDC_SR_LEGACY,18973,2018-04,True,
"French toast, frozen, ready-to-heat",,,OTHER,213.0,7.4,32.1,6.1,,USDA_FDC_SR_LEGACY,18268,2018-04,True,
"French toast, prepared from recipe, made with low fat (2%) milk",,,OTHER,229.0,7.7,25.0,10.8,,USDA_FDC_SR_LEGACY,18269,2018-04,True,
"Frybread, made with lard (Apache)",,,OTHER,309.0,8.38,46.01,10.14,,USDA_FDC_SR_LEGACY,35185,2018-04,True,
"Frybread, made with lard (Navajo)",,,OTHER,330.0,6.69,48.26,12.22,,USDA_FDC_SR_LEGACY,35142,2018-04,True,
"Garlic bread, frozen",,,OTHER,350.0,8.36,41.72,16.61,,USDA_FDC_SR_LEGACY,18963,2018-04,True,
"George Weston Bakeries, Brownberry Sage and Onion Stuffing Mix, dry",,,OTHER,390.0,13.3,72.7,5.1,,USDA_FDC_SR_LEGACY,18603,2018-04,True,
"George Weston Bakeries, Thomas English Muffins",,,OTHER,232.0,8.0,46.0,1.8,,USDA_FDC_SR_LEGACY,18639,2018-04,True,
"Glutino, Gluten Free Cookies, Chocolate Vanilla Creme",,,OTHER,474.0,2.19,76.03,17.89,,USDA_FDC_SR_LEGACY,28356,2018-04,True,
"Glutino, Gluten Free Cookies, Vanilla Creme",,,OTHER,487.0,2.19,77.34,18.79,,USDA_FDC_SR_LEGACY,28357,2018-04,True,
"Glutino, Gluten Free Wafers, Lemon Flavored",,,OTHER,515.0,0.0,74.39,24.18,,USDA_FDC_SR_LEGACY,28358,2018-04,True,
"Glutino, Gluten Free Wafers, Milk Chocolate",,,OTHER,541.0,4.06,62.82,30.42,,USDA_FDC_SR_LEGACY,28359,2018-04,True,
"HOT POCKETS Ham 'N Cheese Stuffed Sandwich, frozen",,,OTHER,270.0,9.16,24.69,15.0,,USDA_FDC_SR_LEGACY,22537,2018-04,True,
"HOT POCKETS, CROISSANT POCKETS Chicken, Broccoli, and Cheddar Stuffed Sandwich, frozen",,,OTHER,235.0,8.9,30.4,8.6,,USDA_FDC_SR_LEGACY,22535,2018-04,True,
"HOT POCKETS, meatballs & mozzarella stuffed sandwich, frozen",,,OTHER,252.0,9.32,30.68,10.23,,USDA_FDC_SR_LEGACY,22961,2018-04,True,
"HUNGRY MAN, Salisbury Steak With Gravy, frozen, unprepared",,,OTHER,136.0,7.96,6.96,8.53,,USDA_FDC_SR_LEGACY,32034,2018-04,True,
"Hazelnuts, beaked (Northern Plains Indians)",,,OTHER,628.0,14.89,22.98,52.99,,USDA_FDC_SR_LEGACY,35233,2018-04,True,
"Heinz, Weight Watcher, Chocolate Eclair, frozen",,,OTHER,241.0,4.4,40.3,6.9,,USDA_FDC_SR_LEGACY,18640,2018-04,True,
"Huckleberries, raw (Alaska Native)",,,OTHER,37.0,0.4,8.7,0.1,,USDA_FDC_SR_LEGACY,35043,2018-04,True,
"Hush puppies, prepared from recipe",,,OTHER,337.0,7.7,46.0,13.5,,USDA_FDC_SR_LEGACY,18270,2018-04,True,
"Ice cream cones, cake or wafer-type",,,OTHER,417.0,8.1,79.0,6.9,,USDA_FDC_SR_LEGACY,18271,2018-04,True,
"Ice cream cones, sugar, rolled-type",,,OTHER,402.0,7.9,84.1,3.8,,USDA_FDC_SR_LEGACY,18272,2018-04,True,
"Infant Formula, GERBER GOOD START 2, GENTLE PLUS, powder",,,OTHER,492.0,10.8,57.1,25.1,,USDA_FDC_SR_LEGACY,33868,2018-04,True,
"Infant Formula, GERBER GOOD START 2, GENTLE PLUS, ready-to-feed",,,OTHER,66.0,1.44,7.61,3.34,,USDA_FDC_SR_LEGACY,3989,2018-04,True,
"Infant Formula, MEAD JOHNSON, ENFAMIL GENTLEASE, with iron, prepared from powder",,,OTHER,68.0,1.51,7.6,3.5,,USDA_FDC_SR_LEGACY,3963,2018-04,True,
"Infant Formula, MEAD JOHNSON, ENFAMIL, ENFACARE, ready-to-feed, with ARA and DHA",,,OTHER,73.0,2.0,7.73,3.8,,USDA_FDC_SR_LEGACY,3955,2018-04,True,
"Infant Formula, MEAD JOHNSON, ENFAMIL, GENTLEASE, with ARA and DHA powder not reconstituted",,,OTHER,516.0,11.7,56.5,27.0,,USDA_FDC_SR_LEGACY,3980,2018-04,True,
"Infant Formula, MEAD JOHNSON, ENFAMIL, Newborn, with ARA and DHA, powder",,,OTHER,516.0,10.7,57.6,27.0,,USDA_FDC_SR_LEGACY,33862,2018-04,True,
"Infant Formula, MEAD JOHNSON, ENFAMIL, Newborn, with DHA and ARA, ready-to-feed",,,OTHER,68.0,1.38,7.81,3.48,,USDA_FDC_SR_LEGACY,3986,2018-04,True,
"Infant Formula, MEAD JOHNSON, ENFAMIL, Premium LIPIL, Infant, Liquid concentrate, not reconstituted",,,OTHER,129.0,2.73,14.42,6.83,,USDA_FDC_SR_LEGACY,33864,2018-04,True,
"Infant Formula, MEAD JOHNSON, ENFAMIL, Premium LIPIL, Infant, powder",,,OTHER,510.0,10.8,57.0,27.0,,USDA_FDC_SR_LEGACY,33863,2018-04,True,
"Infant Formula, MEAD JOHNSON, ENFAMIL, Premium, Infant, Liquid concentrate, not reconstituted",,,OTHER,129.0,2.72,14.34,7.1,,USDA_FDC_SR_LEGACY,33865,2018-04,True,
"Infant Formula, MEAD JOHNSON, ENFAMIL, Premium, Infant, powder",,,OTHER,510.0,10.8,57.0,27.0,,USDA_FDC_SR_LEGACY,33877,2018-04,True,
"Infant Formula, MEAD JOHNSON, ENFAMIL, Premium, Infant, ready-to-feed",,,OTHER,66.0,1.38,7.39,3.48,,USDA_FDC_SR_LEGACY,33876,2018-04,True,
"Infant formula, ABBOTT NUTRITION, ALIMENTUM ADVANCE, with iron, powder, not reconstituted, with DHA and ARA",,,OTHER,517.0,13.99,51.91,28.19,,USDA_FDC_SR_LEGACY,3957,2018-04,True,
"Infant formula, ABBOTT NUTRITION, SIMILAC NEOSURE, ready-to-feed, with ARA and DHA",,,OTHER,69.0,1.92,6.94,3.77,,USDA_FDC_SR_LEGACY,3944,2018-04,True,
"Infant formula, ABBOTT NUTRITION, SIMILAC, ADVANCE, with iron, liquid concentrate, not reconstituted",,,OTHER,127.0,2.64,13.52,6.89,,USDA_FDC_SR_LEGACY,3951,2018-04,True,
"Infant formula, ABBOTT NUTRITION, SIMILAC, ADVANCE, with iron, powder, not reconstituted",,,OTHER,522.0,10.89,54.73,28.87,,USDA_FDC_SR_LEGACY,3950,2018-04,True,
"Infant formula, ABBOTT NUTRITION, SIMILAC, ADVANCE, with iron, ready-to-feed",,,OTHER,66.0,1.36,6.77,3.7,,USDA_FDC_SR_LEGACY,3949,2018-04,True,
"Infant formula, ABBOTT NUTRITION, SIMILAC, ALIMENTUM, ADVANCE, ready-to-feed, with ARA and DHA",,,OTHER,67.0,1.8,6.77,3.63,,USDA_FDC_SR_LEGACY,3935,2018-04,True,
"Infant formula, ABBOTT NUTRITION, SIMILAC, ALIMENTUM, with iron, ready-to-feed",,,OTHER,66.0,1.8,6.77,3.63,,USDA_FDC_SR_LEGACY,3846,2018-04,True,
"Infant formula, ABBOTT NUTRITION, SIMILAC, Expert Care, Diarrhea, ready- to- feed with ARA and DHA",,,OTHER,66.0,1.76,6.67,3.6,,USDA_FDC_SR_LEGACY,3992,2018-04,True,
"Infant formula, ABBOTT NUTRITION, SIMILAC, For Spit Up, powder, with ARA and DHA",,,OTHER,514.0,11.0,55.0,27.75,,USDA_FDC_SR_LEGACY,3999,2018-04,True,
"Infant formula, ABBOTT NUTRITION, SIMILAC, For Spit Up, ready-to-feed, with ARA and DHA",,,OTHER,66.0,1.4,7.19,3.54,,USDA_FDC_SR_LEGACY,3993,2018-04,True,
"Infant formula, ABBOTT NUTRITION, SIMILAC, GO AND GROW, powder, with ARA and DHA",,,OTHER,512.0,15.36,52.2,27.65,,USDA_FDC_SR_LEGACY,33871,2018-04,True,
"Infant formula, ABBOTT NUTRITION, SIMILAC, GO AND GROW, ready-to-feed, with ARA and DHA",,,OTHER,66.0,1.97,6.69,3.54,,USDA_FDC_SR_LEGACY,3991,2018-04,True,
"Infant formula, ABBOTT NUTRITION, SIMILAC, ISOMIL, ADVANCE with iron, liquid concentrate",,,OTHER,128.0,3.13,13.21,6.98,,USDA_FDC_SR_LEGACY,3952,2018-04,True,
"Infant formula, ABBOTT NUTRITION, SIMILAC, ISOMIL, ADVANCE with iron, powder, not reconstituted",,,OTHER,517.0,12.6,53.57,28.09,,USDA_FDC_SR_LEGACY,3954,2018-04,True,
"Infant formula, ABBOTT NUTRITION, SIMILAC, ISOMIL, ADVANCE with iron, ready-to-feed",,,OTHER,66.0,1.61,6.7,3.59,,USDA_FDC_SR_LEGACY,3953,2018-04,True,
"Infant formula, ABBOTT NUTRITION, SIMILAC, ISOMIL, with iron, liquid concentrate",,,OTHER,128.0,3.13,13.21,6.98,,USDA_FDC_SR_LEGACY,3842,2018-04,True,
"Infant formula, ABBOTT NUTRITION, SIMILAC, ISOMIL, with iron, powder, not reconstituted",,,OTHER,517.0,12.6,53.57,28.09,,USDA_FDC_SR_LEGACY,3843,2018-04,True,
"Infant formula, ABBOTT NUTRITION, SIMILAC, ISOMIL, with iron, ready-to-feed",,,OTHER,66.0,1.61,6.7,3.59,,USDA_FDC_SR_LEGACY,3841,2018-04,True,
"Infant formula, ABBOTT NUTRITION, SIMILAC, NEOSURE, powder, with ARA and DHA",,,OTHER,520.0,14.42,51.75,28.33,,USDA_FDC_SR_LEGACY,3945,2018-04,True,
"Infant formula, ABBOTT NUTRITION, SIMILAC, PM 60/40, powder not reconstituted",,,OTHER,524.0,11.4,54.94,28.71,,USDA_FDC_SR_LEGACY,3837,2018-04,True,
"Infant formula, ABBOTT NUTRITION, SIMILAC, SENSITIVE (LACTOSE FREE) ready-to-feed, with ARA and DHA",,,OTHER,68.0,1.48,7.4,3.74,,USDA_FDC_SR_LEGACY,3946,2018-04,True,
"Infant formula, ABBOTT NUTRITION, SIMILAC, SENSITIVE, (LACTOSE FREE), liquid concentrate, with ARA and DHA",,,OTHER,128.0,2.73,13.64,6.95,,USDA_FDC_SR_LEGACY,3947,2018-04,True,
"Infant formula, ABBOTT NUTRITION, SIMILAC, SENSITIVE, (LACTOSE FREE), powder, with ARA and DHA",,,OTHER,520.0,11.13,55.67,28.14,,USDA_FDC_SR_LEGACY,3948,2018-04,True,
"Infant formula, ABBOTT NUTRITION, SIMILAC, with iron, liquid concentrate, not reconstituted",,,OTHER,127.0,2.64,13.76,6.89,,USDA_FDC_SR_LEGACY,3851,2018-04,True,
"Infant formula, ABBOTT NUTRITION, SIMILAC, with iron, powder, not reconstituted",,,OTHER,522.0,10.89,54.73,28.87,,USDA_FDC_SR_LEGACY,3853,2018-04,True,
"Infant formula, GERBER, GOOD START 2 SOY, with iron, powder",,,OTHER,501.0,12.5,55.6,25.6,,USDA_FDC_SR_LEGACY,33872,2018-04,True,
"Infant formula, GERBER, GOOD START 2 Soy, with iron, ready-to-feed",,,OTHER,65.0,1.84,7.15,3.28,,USDA_FDC_SR_LEGACY,3987,2018-04,True,
"Infant formula, GERBER, GOOD START 2, PROTECT PLUS, powder",,,OTHER,501.0,11.1,56.3,25.7,,USDA_FDC_SR_LEGACY,33869,2018-04,True,
"Infant formula, GERBER, GOOD START 2, PROTECT PLUS, ready-to-feed",,,OTHER,66.0,1.44,7.39,3.37,,USDA_FDC_SR_LEGACY,3990,2018-04,True,
"Infant formula, GERBER, GOOD START, PROTECT PLUS, powder",,,OTHER,512.0,11.3,57.0,26.1,,USDA_FDC_SR_LEGACY,33867,2018-04,True,
"Infant formula, GERBER, GOOD START, PROTECT PLUS, ready-to-feed",,,OTHER,65.0,1.44,7.17,3.36,,USDA_FDC_SR_LEGACY,3988,2018-04,True,
"Infant formula, MEAD JOHNSON, ENFAMIL LIPIL, with iron, ready-to-feed, with ARA and DHA",,,OTHER,64.0,1.38,7.1,3.5,,USDA_FDC_SR_LEGACY,3815,2018-04,True,
"Infant formula, MEAD JOHNSON, ENFAMIL, AR, powder, with ARA and DHA",,,OTHER,504.0,12.4,57.4,25.0,,USDA_FDC_SR_LEGACY,3943,2018-04,True,
"Infant formula, MEAD JOHNSON, ENFAMIL, AR, ready-to-feed, with ARA and DHA",,,OTHER,71.0,1.64,8.73,3.3,,USDA_FDC_SR_LEGACY,3942,2018-04,True,
"Infant formula, MEAD JOHNSON, ENFAMIL, ENFACARE, with iron, powder, with ARA and DHA",,,OTHER,505.0,13.9,53.8,26.0,,USDA_FDC_SR_LEGACY,3849,2018-04,True,
"Infant formula, MEAD JOHNSON, ENFAMIL, ENFAGROW, GENTLEASE, Toddler transitions, with ARA and DHA, powder",,,OTHER,500.0,12.9,53.5,26.0,,USDA_FDC_SR_LEGACY,33866,2018-04,True,
"Infant formula, MEAD JOHNSON, ENFAMIL, ENFAGROW, Soy, Toddler transitions, with ARA and DHA, powder",,,OTHER,476.0,15.7,56.0,21.0,,USDA_FDC_SR_LEGACY,33870,2018-04,True,
"Infant formula, MEAD JOHNSON, ENFAMIL, Enfagrow, Soy, Toddler ready-to-feed",,,OTHER,65.0,2.17,7.64,2.89,,USDA_FDC_SR_LEGACY,3982,2018-04,True,
"Infant formula, MEAD JOHNSON, ENFAMIL, Infant, ready-to-feed, with ARA and DHA",,,OTHER,68.0,1.31,7.86,3.5,,USDA_FDC_SR_LEGACY,3832,2018-04,True,
"Infant formula, MEAD JOHNSON, ENFAMIL, Infant, with iron, liquid concentrate, with ARA and DHA, reconstituted",,,OTHER,68.0,1.31,7.86,3.5,,USDA_FDC_SR_LEGACY,3812,2018-04,True,
"Infant formula, MEAD JOHNSON, ENFAMIL, Infant, with iron, powder, with ARA and DHA",,,OTHER,511.0,10.8,56.2,27.0,,USDA_FDC_SR_LEGACY,3808,2018-04,True,
"Infant formula, MEAD JOHNSON, ENFAMIL, LIPIL, low iron, liquid concentrate, with ARA and DHA",,,OTHER,131.0,2.76,14.24,7.16,,USDA_FDC_SR_LEGACY,3818,2018-04,True,
"Infant formula, MEAD JOHNSON, ENFAMIL, LIPIL, low iron, ready to feed, with ARA and DHA",,,OTHER,64.0,1.38,7.18,3.5,,USDA_FDC_SR_LEGACY,3825,2018-04,True,
"Infant formula, MEAD JOHNSON, ENFAMIL, NUTRAMIGEN AA, ready-to-feed",,,OTHER,66.0,1.84,6.76,3.48,,USDA_FDC_SR_LEGACY,3983,2018-04,True,
"Infant formula, MEAD JOHNSON, ENFAMIL, NUTRAMIGEN WITH LGG, with iron, powder, not reconstituted, with ARA and DHA",,,OTHER,514.0,14.1,53.6,27.0,,USDA_FDC_SR_LEGACY,3838,2018-04,True,
"Infant formula, MEAD JOHNSON, ENFAMIL, NUTRAMIGEN, PurAmino, powder, not reconstituted",,,OTHER,512.0,13.9,55.68,26.0,,USDA_FDC_SR_LEGACY,33873,2018-04,True,
"Infant formula, MEAD JOHNSON, ENFAMIL, NUTRAMIGEN, with iron, liquid concentrate not reconstituted, with ARA and DHA",,,OTHER,68.0,1.84,7.2,3.5,,USDA_FDC_SR_LEGACY,3844,2018-04,True,
"Infant formula, MEAD JOHNSON, ENFAMIL, NUTRAMIGEN, with iron, ready-to-feed, with ARA and DHA",,,OTHER,68.0,1.83,7.21,3.5,,USDA_FDC_SR_LEGACY,3845,2018-04,True,
"Infant formula, MEAD JOHNSON, ENFAMIL, PROSOBEE, liquid concentrate, reconstituted, with ARA and DHA",,,OTHER,67.0,1.63,7.58,3.4,,USDA_FDC_SR_LEGACY,3854,2018-04,True,
"Infant formula, MEAD JOHNSON, ENFAMIL, PROSOBEE, with iron, powder, not reconstituted, with ARA and DHA",,,OTHER,512.0,12.7,54.6,27.0,,USDA_FDC_SR_LEGACY,3852,2018-04,True,
"Infant formula, MEAD JOHNSON, ENFAMIL, Premature, 20 calories ready-to-feed Low iron",,,OTHER,66.0,1.97,7.21,3.34,,USDA_FDC_SR_LEGACY,33874,2018-04,True,
"Infant formula, MEAD JOHNSON, ENFAMIL, Premature, 24 calories ready-to-feed Low iron",,,OTHER,67.0,1.97,7.19,3.34,,USDA_FDC_SR_LEGACY,33875,2018-04,True,
"Infant formula, MEAD JOHNSON, ENFAMIL, Premature, with iron, 20 calories, ready-to-feed",,,OTHER,63.0,2.2,6.2,3.3,,USDA_FDC_SR_LEGACY,3984,2018-04,True,
"Infant formula, MEAD JOHNSON, ENFAMIL, Premature, with iron, 24 calories, ready-to-feed",,,OTHER,81.0,2.6,8.88,3.9,,USDA_FDC_SR_LEGACY,3985,2018-04,True,
"Infant formula, MEAD JOHNSON, ENFAMIL, with iron, powder",,,OTHER,520.0,10.8,56.2,27.0,,USDA_FDC_SR_LEGACY,3805,2018-04,True,
"Infant formula, MEAD JOHNSON, Enfamil 24, ready to feed, with ARA and DHA",,,OTHER,71.0,1.64,6.93,4.1,,USDA_FDC_SR_LEGACY,3376,2018-04,True,
"Infant formula, MEAD JOHNSON, Enfamil Enspire Powder, with ARA and DHA, not reconstituted",,,OTHER,514.0,10.5,57.2,27.0,,USDA_FDC_SR_LEGACY,3381,2018-04,True,
"Infant formula, MEAD JOHNSON, Enfamil Premature 30 Calories, ready to feed, with ARA and DHA",,,OTHER,101.0,3.2,11.13,4.8,,USDA_FDC_SR_LEGACY,3384,2018-04,True,
"Infant formula, MEAD JOHNSON, Enfamil Premature High Protein 24 Calories, ready to feed, with ARA and DHA",,,OTHER,81.0,2.8,8.66,3.9,,USDA_FDC_SR_LEGACY,3382,2018-04,True,
"Infant formula, MEAD JOHNSON, Enfamil Reguline Powder, with ARA and DHA, not reconstituted",,,OTHER,513.0,11.7,55.9,27.0,,USDA_FDC_SR_LEGACY,3386,2018-04,True,
"Infant formula, MEAD JOHNSON, Enfamil Reguline, ready to feed, with ARA and DHA",,,OTHER,68.0,1.51,7.6,3.5,,USDA_FDC_SR_LEGACY,3387,2018-04,True,
"Infant formula, MEAD JOHNSON, Enfamil for Supplementing, powder, with ARA and DHA, not reconstituted",,,OTHER,513.0,11.7,55.8,27.0,,USDA_FDC_SR_LEGACY,3385,2018-04,True,
"Infant formula, MEAD JOHNSON, Enfamil for Supplementing, ready to feed, with ARA and DHA",,,OTHER,68.0,1.51,7.6,3.5,,USDA_FDC_SR_LEGACY,3393,2018-04,True,
"Infant formula, MEAD JOHNSON, Gentlease, ready to feed, with ARA and DHA",,,OTHER,68.0,1.5,7.61,3.5,,USDA_FDC_SR_LEGACY,3388,2018-04,True,
"Infant formula, MEAD JOHNSON, NEXT STEP PROSOBEE, powder, not reconstituted",,,OTHER,480.0,15.6,57.1,21.0,,USDA_FDC_SR_LEGACY,3929,2018-04,True,
"Infant formula, MEAD JOHNSON, NEXT STEP, PROSOBEE LIPIL, powder, with ARA and DHA",,,OTHER,480.0,15.6,57.1,21.0,,USDA_FDC_SR_LEGACY,3861,2018-04,True,
"Infant formula, MEAD JOHNSON, NEXT STEP, PROSOBEE, LIPIL, ready to feed, with ARA and DHA",,,OTHER,67.0,2.14,8.09,2.91,,USDA_FDC_SR_LEGACY,3864,2018-04,True,
"Infant formula, MEAD JOHNSON, PREGESTIMIL, with iron, powder, with ARA and DHA, not reconstituted",,,OTHER,517.0,14.0,52.2,28.0,,USDA_FDC_SR_LEGACY,3821,2018-04,True,
"Infant formula, MEAD JOHNSON, PREGESTIMIL, with iron, with ARA and DHA, prepared from powder",,,OTHER,67.0,1.86,6.54,3.7,,USDA_FDC_SR_LEGACY,3822,2018-04,True,
"Infant formula, MEAD JOHNSON, PROSOBEE, with iron, ready to feed, with ARA and DHA",,,OTHER,64.0,1.64,6.47,3.5,,USDA_FDC_SR_LEGACY,3857,2018-04,True,
"Infant formula, MEAD JOHNSON, PROSOBEE, with iron, ready-to-feed",,,OTHER,63.0,1.64,6.11,3.5,,USDA_FDC_SR_LEGACY,3823,2018-04,True,
"Infant formula, MEAD JOHNSON, Pregestimil 20 Calories, ready to feed, with ARA and DHA",,,OTHER,69.0,1.84,7.0,3.7,,USDA_FDC_SR_LEGACY,3390,2018-04,True,
"Infant formula, MEAD JOHNSON, Pregestimil 24 Calories, ready to feed, with ARA and DHA",,,OTHER,72.0,2.2,5.95,4.4,,USDA_FDC_SR_LEGACY,3391,2018-04,True,
"Infant formula, MEAD JOHNSON,NEXT STEP PROSOBEE, prepared from powder",,,OTHER,67.0,2.14,8.08,2.91,,USDA_FDC_SR_LEGACY,3930,2018-04,True,
"Infant formula, NESTLE, GOOD START ESSENTIALS SOY, with iron, powder",,,OTHER,502.0,12.5,55.7,25.5,,USDA_FDC_SR_LEGACY,3928,2018-04,True,
"Infant formula, NESTLE, GOOD START SOY, with ARA and DHA, powder",,,OTHER,503.0,12.5,55.6,25.6,,USDA_FDC_SR_LEGACY,3867,2018-04,True,
"Infant formula, NESTLE, GOOD START SOY, with DHA and ARA, liquid concentrate",,,OTHER,132.0,3.31,14.71,6.67,,USDA_FDC_SR_LEGACY,3966,2018-04,True,
"Infant formula, NESTLE, GOOD START SOY, with DHA and ARA, ready-to-feed",,,OTHER,64.0,1.6,7.13,3.28,,USDA_FDC_SR_LEGACY,3859,2018-04,True,
"Infant formula, NESTLE, GOOD START SUPREME, with iron, DHA and ARA, prepared from liquid concentrate",,,OTHER,66.0,1.45,7.39,3.37,,USDA_FDC_SR_LEGACY,3961,2018-04,True,
"Infant formula, NESTLE, GOOD START SUPREME, with iron, DHA and ARA, ready-to-feed",,,OTHER,66.0,1.45,7.39,3.37,,USDA_FDC_SR_LEGACY,3960,2018-04,True,
"Infant formula, NESTLE, GOOD START SUPREME, with iron, liquid concentrate, not reconstituted",,,OTHER,127.0,2.79,14.2,6.5,,USDA_FDC_SR_LEGACY,3801,2018-04,True,
"Infant formula, NESTLE, GOOD START SUPREME, with iron, powder",,,OTHER,509.0,11.3,57.32,26.1,,USDA_FDC_SR_LEGACY,3802,2018-04,True,
"Infant formula, PBM PRODUCTS, store brand, liquid concentrate, not reconstituted",,,OTHER,130.0,2.9,13.9,7.0,,USDA_FDC_SR_LEGACY,3937,2018-04,True,
"Infant formula, PBM PRODUCTS, store brand, powder",,,OTHER,524.0,12.0,56.0,28.0,,USDA_FDC_SR_LEGACY,3938,2018-04,True,
"Infant formula, PBM PRODUCTS, store brand, ready-to-feed",,,OTHER,63.0,1.4,6.39,3.5,,USDA_FDC_SR_LEGACY,3936,2018-04,True,
"Infant formula, PBM PRODUCTS, store brand, soy, liquid concentrate, not reconstituted",,,OTHER,126.0,3.6,12.18,7.0,,USDA_FDC_SR_LEGACY,3940,2018-04,True,
"Infant formula, PBM PRODUCTS, store brand, soy, powder",,,OTHER,508.0,13.6,52.2,27.2,,USDA_FDC_SR_LEGACY,3941,2018-04,True,
"Infant formula, PBM PRODUCTS, store brand, soy, ready-to-feed",,,OTHER,63.0,1.8,6.09,3.5,,USDA_FDC_SR_LEGACY,3939,2018-04,True,
"Interstate Brands Corp, Wonder Hamburger Rolls",,,OTHER,273.0,8.07,50.84,4.15,,USDA_FDC_SR_LEGACY,18641,2018-04,True,
"JIMMY DEAN, Sausage, Egg, and Cheese Breakfast Biscuit, frozen, unprepared",,,OTHER,328.0,9.29,21.07,22.9,,USDA_FDC_SR_LEGACY,32036,2018-04,True,
"KFC, Coleslaw",,,OTHER,144.0,0.91,15.65,8.64,,USDA_FDC_SR_LEGACY,21420,2018-04,True,
"KFC, Crispy Chicken Strips",,,OTHER,274.0,20.25,13.66,15.42,,USDA_FDC_SR_LEGACY,21421,2018-04,True,
"KFC, Fried Chicken, EXTRA CRISPY, Breast, meat and skin with breading",,,OTHER,268.0,21.24,8.47,16.55,,USDA_FDC_SR_LEGACY,21438,2018-04,True,
"KFC, Fried Chicken, EXTRA CRISPY, Breast, meat only, skin and breading removed",,,OTHER,153.0,27.25,0.25,4.82,,USDA_FDC_SR_LEGACY,21430,2018-04,True,
"KFC, Fried Chicken, EXTRA CRISPY, Drumstick, meat and skin with breading",,,OTHER,274.0,20.62,7.96,17.73,,USDA_FDC_SR_LEGACY,21439,2018-04,True,
"KFC, Fried Chicken, EXTRA CRISPY, Drumstick, meat only, skin and breading removed",,,OTHER,170.0,25.9,0.0,7.43,,USDA_FDC_SR_LEGACY,21431,2018-04,True,
"KFC, Fried Chicken, EXTRA CRISPY, Skin and Breading",,,OTHER,464.0,10.96,22.54,36.61,,USDA_FDC_SR_LEGACY,21429,2018-04,True,
"KFC, Fried Chicken, EXTRA CRISPY, Thigh, meat and skin with breading",,,OTHER,309.0,17.17,10.3,22.14,,USDA_FDC_SR_LEGACY,21440,2018-04,True,
"KFC, Fried Chicken, EXTRA CRISPY, Thigh, meat only, skin and breading removed",,,OTHER,179.0,22.41,0.0,9.96,,USDA_FDC_SR_LEGACY,21432,2018-04,True,
"KFC, Fried Chicken, EXTRA CRISPY, Wing, meat and skin with breading",,,OTHER,337.0,20.8,11.66,23.0,,USDA_FDC_SR_LEGACY,21441,2018-04,True,
"KFC, Fried Chicken, EXTRA CRISPY, Wing, meat only, skin and breading removed",,,OTHER,236.0,28.67,2.97,12.13,,USDA_FDC_SR_LEGACY,21433,2018-04,True,
"KFC, Fried Chicken, ORIGINAL RECIPE, Breast, meat and skin with breading",,,OTHER,231.0,21.94,6.28,13.11,,USDA_FDC_SR_LEGACY,21434,2018-04,True,
"KFC, Fried Chicken, ORIGINAL RECIPE, Breast, meat only, skin and breading removed",,,OTHER,149.0,26.89,0.0,4.56,,USDA_FDC_SR_LEGACY,21425,2018-04,True,
"KFC, Fried Chicken, ORIGINAL RECIPE, Drumstick, meat and skin with breading",,,OTHER,239.0,22.3,5.39,14.22,,USDA_FDC_SR_LEGACY,21435,2018-04,True,
"KFC, Fried Chicken, ORIGINAL RECIPE, Drumstick, meat only, skin and breading removed",,,OTHER,175.0,26.3,0.11,7.66,,USDA_FDC_SR_LEGACY,21426,2018-04,True,
"KFC, Fried Chicken, ORIGINAL RECIPE, Skin and Breading",,,OTHER,384.0,14.17,18.79,28.01,,USDA_FDC_SR_LEGACY,21424,2018-04,True,
"KFC, Fried Chicken, ORIGINAL RECIPE, Thigh, meat and skin with breading",,,OTHER,269.0,18.9,8.46,17.73,,USDA_FDC_SR_LEGACY,21436,2018-04,True,
"KFC, Fried Chicken, ORIGINAL RECIPE, Thigh, meat only, skin and breading removed",,,OTHER,175.0,22.78,0.01,9.31,,USDA_FDC_SR_LEGACY,21427,2018-04,True,
"KFC, Fried Chicken, ORIGINAL RECIPE, Wing, meat and skin with breading",,,OTHER,297.0,21.7,9.93,18.9,,USDA_FDC_SR_LEGACY,21437,2018-04,True,
"KFC, Fried Chicken, ORIGINAL RECIPE, Wing, meat only, skin and breading removed",,,OTHER,216.0,28.65,1.76,10.49,,USDA_FDC_SR_LEGACY,21428,2018-04,True,
"KFC, Popcorn Chicken",,,OTHER,351.0,17.67,21.18,21.74,,USDA_FDC_SR_LEGACY,21422,2018-04,True,
"KFC, biscuit",,,OTHER,358.0,7.5,43.55,17.05,,USDA_FDC_SR_LEGACY,21419,2018-04,True,
"Keebler, Keebler Chocolate Graham SELECTS",,,OTHER,465.0,7.1,71.8,16.6,,USDA_FDC_SR_LEGACY,18608,2018-04,True,
"Keikitos (muffins), Latino bakery item",,,OTHER,467.0,6.81,53.16,25.24,,USDA_FDC_SR_LEGACY,18956,2018-04,True,
"Kraft Foods, Shake N Bake Original Recipe, Coating for Pork, dry",,,OTHER,377.0,6.1,79.8,3.7,,USDA_FDC_SR_LEGACY,18637,2018-04,True,
"Kraft, Stove Top Stuffing Mix Chicken Flavor",,,OTHER,381.0,12.6,73.1,4.1,,USDA_FDC_SR_LEGACY,18567,2018-04,True,
"LEAN POCKETS, Ham N Cheddar",,,OTHER,230.0,10.28,32.52,6.53,,USDA_FDC_SR_LEGACY,22962,2018-04,True,
"LITTLE CAESARS 14"" Cheese Pizza, Large Deep Dish Crust",,,OTHER,263.0,12.63,30.1,10.22,,USDA_FDC_SR_LEGACY,21290,2018-04,True,
"LITTLE CAESARS 14"" Cheese Pizza, Thin Crust",,,OTHER,309.0,16.23,22.85,16.99,,USDA_FDC_SR_LEGACY,21292,2018-04,True,
"LITTLE CAESARS 14"" Original Round Cheese Pizza, Regular Crust",,,OTHER,265.0,13.39,31.5,9.54,,USDA_FDC_SR_LEGACY,21287,2018-04,True,
"LITTLE CAESARS 14"" Original Round Meat and Vegetable Pizza, Regular Crust",,,OTHER,243.0,12.12,23.1,11.35,,USDA_FDC_SR_LEGACY,21289,2018-04,True,
"LITTLE CAESARS 14"" Original Round Pepperoni Pizza, Regular Crust",,,OTHER,273.0,13.59,31.01,10.5,,USDA_FDC_SR_LEGACY,21288,2018-04,True,
"LITTLE CAESARS 14"" Pepperoni Pizza, Large Deep Dish Crust",,,OTHER,265.0,12.93,29.03,10.81,,USDA_FDC_SR_LEGACY,21291,2018-04,True,
"Lambsquarters, raw (Northern Plains Indians)",,,OTHER,47.0,4.21,6.96,0.28,,USDA_FDC_SR_LEGACY,35196,2018-04,True,
"Lambsquarters, steamed (Northern Plains Indians)",,,OTHER,48.0,4.06,7.47,0.16,,USDA_FDC_SR_LEGACY,35197,2018-04,True,
"Lasagna with meat & sauce, frozen entree",,,OTHER,124.0,6.63,14.39,4.42,,USDA_FDC_SR_LEGACY,22916,2018-04,True,
"Lasagna with meat & sauce, low-fat, frozen entree",,,OTHER,101.0,6.81,13.5,2.23,,USDA_FDC_SR_LEGACY,22915,2018-04,True,
"Lasagna with meat sauce, frozen, prepared",,,OTHER,135.0,7.28,15.36,4.92,,USDA_FDC_SR_LEGACY,22977,2018-04,True,
"Lasagna, Vegetable, frozen, baked",,,OTHER,139.0,6.87,14.18,6.04,,USDA_FDC_SR_LEGACY,22956,2018-04,True,
"Lasagna, cheese, frozen, prepared",,,OTHER,130.0,6.54,13.84,5.33,,USDA_FDC_SR_LEGACY,22910,2018-04,True,
"Lasagna, cheese, frozen, unprepared",,,OTHER,145.0,5.06,21.61,4.22,,USDA_FDC_SR_LEGACY,32019,2018-04,True,
"Lean Pockets, Meatballs & Mozzarella",,,OTHER,240.0,10.49,32.28,7.7,,USDA_FDC_SR_LEGACY,22963,2018-04,True,
"Leavening agents, baking powder, double-acting, sodium aluminum sulfate",,,OTHER,53.0,0.0,27.7,0.0,,USDA_FDC_SR_LEGACY,18369,2018-04,True,
"Leavening agents, baking powder, double-acting, straight phosphate",,,OTHER,51.0,0.1,24.1,0.0,,USDA_FDC_SR_LEGACY,18370,2018-04,True,
"Leavening agents, baking powder, low-sodium",,,OTHER,97.0,0.1,46.9,0.4,,USDA_FDC_SR_LEGACY,18371,2018-04,True,
"Leavening agents, baking soda",,,OTHER,0.0,0.0,0.0,0.0,,USDA_FDC_SR_LEGACY,18372,2018-04,True,
"Leavening agents, cream of tartar",,,OTHER,258.0,0.0,61.5,0.0,,USDA_FDC_SR_LEGACY,18373,2018-04,True,
"Leavening agents, yeast, baker's, active dry",,,OTHER,325.0,40.44,41.22,7.61,,USDA_FDC_SR_LEGACY,18375,2018-04,True,
"Leavening agents, yeast, baker's, compressed",,,OTHER,105.0,8.4,18.1,1.9,,USDA_FDC_SR_LEGACY,18374,2018-04,True,
"Light Ice Cream, soft serve, blended with cookie pieces",,,OTHER,169.0,3.97,25.55,5.66,,USDA_FDC_SR_LEGACY,21413,2018-04,True,
"Light Ice Cream, soft serve, blended with milk chocolate candies",,,OTHER,182.0,4.02,26.82,6.46,,USDA_FDC_SR_LEGACY,21412,2018-04,True,
"Macaroni and Cheese, canned entree",,,OTHER,82.0,3.38,11.52,2.46,,USDA_FDC_SR_LEGACY,22247,2018-04,True,
"Macaroni and Cheese, canned, microwavable",,,OTHER,134.0,5.98,13.96,5.99,,USDA_FDC_SR_LEGACY,22919,2018-04,True,
"Macaroni and cheese dinner with dry sauce mix, boxed, uncooked",,,OTHER,379.0,13.86,70.12,4.82,,USDA_FDC_SR_LEGACY,22959,2018-04,True,
"Macaroni and cheese, box mix with cheese sauce, prepared",,,OTHER,164.0,6.68,23.1,4.99,,USDA_FDC_SR_LEGACY,32005,2018-04,True,
"Macaroni and cheese, box mix with cheese sauce, unprepared",,,OTHER,334.0,12.73,46.66,10.67,,USDA_FDC_SR_LEGACY,32004,2018-04,True,
"Macaroni and cheese, dry mix, prepared with 2% milk and 80% stick margarine from dry mix",,,OTHER,190.0,4.89,23.93,8.28,,USDA_FDC_SR_LEGACY,22960,2018-04,True,
"Macaroni and cheese, frozen entree",,,OTHER,149.0,5.6,17.28,6.41,,USDA_FDC_SR_LEGACY,22970,2018-04,True,
"Macaroni or noodles with cheese, made from reduced fat packaged mix, unprepared",,,OTHER,297.0,13.1,52.06,4.03,,USDA_FDC_SR_LEGACY,32014,2018-04,True,
"Macaroni or noodles with cheese, microwaveable, unprepared",,,OTHER,388.0,11.48,70.75,6.56,,USDA_FDC_SR_LEGACY,32016,2018-04,True,
"Martha White Foods, Martha White's Buttermilk Biscuit Mix, dry",,,OTHER,388.0,7.81,59.41,13.23,,USDA_FDC_SR_LEGACY,18615,2018-04,True,
"Martha White Foods, Martha White's Chewy Fudge Brownie Mix, dry",,,OTHER,407.0,4.42,83.58,6.16,,USDA_FDC_SR_LEGACY,18614,2018-04,True,
"Mary's Gone Crackers, Original Crackers, Organic Gluten Free",,,OTHER,446.0,12.06,64.29,15.63,,USDA_FDC_SR_LEGACY,28360,2018-04,True,
"Mashu roots, raw (Alaska Native)",,,OTHER,135.0,5.8,22.6,2.4,,USDA_FDC_SR_LEGACY,35050,2018-04,True,
McDONALD'S Bacon Ranch Salad with Crispy Chicken,,,OTHER,122.0,8.82,6.08,6.3,,USDA_FDC_SR_LEGACY,21377,2018-04,True,
"McDONALD'S, BIG BREAKFAST",,,OTHER,285.0,10.16,17.5,19.37,,USDA_FDC_SR_LEGACY,21341,2018-04,True,
"McDONALD'S, BIG MAC",,,OTHER,257.0,11.82,20.08,14.96,,USDA_FDC_SR_LEGACY,21237,2018-04,True,
"McDONALD'S, BIG MAC (without Big Mac Sauce)",,,OTHER,234.0,12.79,21.01,11.57,,USDA_FDC_SR_LEGACY,21350,2018-04,True,
"McDONALD'S, Bacon Egg & Cheese Biscuit",,,OTHER,304.0,13.45,22.26,18.77,,USDA_FDC_SR_LEGACY,21360,2018-04,True,
"McDONALD'S, Bacon Ranch Salad with Grilled Chicken",,,OTHER,81.0,10.28,3.64,3.14,,USDA_FDC_SR_LEGACY,21376,2018-04,True,
"McDONALD'S, Bacon Ranch Salad without chicken",,,OTHER,61.0,4.14,4.2,3.64,,USDA_FDC_SR_LEGACY,21378,2018-04,True,
"McDONALD'S, Bacon, Egg & Cheese McGRIDDLES",,,OTHER,272.0,12.03,26.19,13.19,,USDA_FDC_SR_LEGACY,21327,2018-04,True,
"McDONALD'S, Cheeseburger",,,OTHER,263.0,12.97,27.81,11.79,,USDA_FDC_SR_LEGACY,21233,2018-04,True,
"McDONALD'S, Chicken McNUGGETS",,,OTHER,302.0,15.79,15.09,19.81,,USDA_FDC_SR_LEGACY,21309,2018-04,True,
"McDONALD'S, DOUBLE QUARTER POUNDER with Cheese",,,OTHER,262.0,16.96,14.43,16.22,,USDA_FDC_SR_LEGACY,21345,2018-04,True,
"McDONALD'S, Deluxe Breakfast, with syrup and margarine",,,OTHER,285.0,7.56,29.48,15.23,,USDA_FDC_SR_LEGACY,21363,2018-04,True,
"McDONALD'S, Double Cheeseburger",,,OTHER,282.0,15.5,18.79,16.09,,USDA_FDC_SR_LEGACY,21344,2018-04,True,
"McDONALD'S, Egg McMUFFIN",,,OTHER,228.0,13.64,21.67,9.66,,USDA_FDC_SR_LEGACY,21357,2018-04,True,
"McDONALD'S, FILET-O-FISH",,,OTHER,282.0,11.26,26.39,14.64,,USDA_FDC_SR_LEGACY,21232,2018-04,True,
"McDONALD'S, FILET-O-FISH (without tartar sauce)",,,OTHER,243.0,12.47,31.08,7.62,,USDA_FDC_SR_LEGACY,21382,2018-04,True,
"McDONALD'S, Fruit 'n Yogurt Parfait",,,OTHER,105.0,2.73,20.72,1.3,,USDA_FDC_SR_LEGACY,21380,2018-04,True,
"McDONALD'S, Fruit 'n Yogurt Parfait (without granola)",,,OTHER,90.0,2.47,17.67,1.13,,USDA_FDC_SR_LEGACY,21381,2018-04,True,
"McDONALD'S, Hamburger",,,OTHER,264.0,12.92,30.28,10.09,,USDA_FDC_SR_LEGACY,21228,2018-04,True,
"McDONALD'S, Hash Brown",,,OTHER,271.0,2.48,28.56,16.3,,USDA_FDC_SR_LEGACY,21319,2018-04,True,
"McDONALD'S, Hot Caramel Sundae",,,OTHER,188.0,3.58,33.36,4.89,,USDA_FDC_SR_LEGACY,21335,2018-04,True,
"McDONALD'S, Hot Fudge Sundae",,,OTHER,186.0,4.14,30.05,5.91,,USDA_FDC_SR_LEGACY,21336,2018-04,True,
"McDONALD'S, Hotcakes (plain)",,,OTHER,228.0,6.0,38.27,5.84,,USDA_FDC_SR_LEGACY,21321,2018-04,True,
"McDONALD'S, Hotcakes (with 2 pats margarine & syrup)",,,OTHER,272.0,4.05,46.08,8.06,,USDA_FDC_SR_LEGACY,21365,2018-04,True,
"McDONALD'S, Hotcakes and Sausage",,,OTHER,294.0,7.81,37.55,12.5,,USDA_FDC_SR_LEGACY,21364,2018-04,True,
"McDONALD'S, McCHICKEN Sandwich",,,OTHER,273.0,10.43,27.97,13.21,,USDA_FDC_SR_LEGACY,21355,2018-04,True,
"McDONALD'S, McCHICKEN Sandwich (without mayonnaise)",,,OTHER,240.0,11.08,30.95,8.46,,USDA_FDC_SR_LEGACY,21356,2018-04,True,
"McDONALD'S, McFLURRY with M&M'S CANDIES",,,OTHER,177.0,4.02,26.82,6.46,,USDA_FDC_SR_LEGACY,21338,2018-04,True,
"McDONALD'S, McFLURRY with OREO cookies",,,OTHER,165.0,3.97,25.55,5.66,,USDA_FDC_SR_LEGACY,21339,2018-04,True,
"McDONALD'S, QUARTER POUNDER",,,OTHER,244.0,14.1,22.17,11.55,,USDA_FDC_SR_LEGACY,21234,2018-04,True,
"McDONALD'S, QUARTER POUNDER with Cheese",,,OTHER,258.0,14.59,19.95,14.22,,USDA_FDC_SR_LEGACY,21235,2018-04,True,
"McDONALD'S, RANCH SNACK WRAP, Crispy",,,OTHER,275.0,11.48,23.22,15.1,,USDA_FDC_SR_LEGACY,21523,2018-04,True,
"McDONALD'S, RANCH SNACK WRAP, Grilled",,,OTHER,222.0,13.77,18.43,10.31,,USDA_FDC_SR_LEGACY,21524,2018-04,True,
"McDONALD'S, Sausage Biscuit",,,OTHER,376.0,9.62,27.2,25.4,,USDA_FDC_SR_LEGACY,21361,2018-04,True,
"McDONALD'S, Sausage Biscuit with Egg",,,OTHER,311.0,11.27,19.28,22.26,,USDA_FDC_SR_LEGACY,21362,2018-04,True,
"McDONALD'S, Sausage Burrito",,,OTHER,277.0,11.1,22.97,15.63,,USDA_FDC_SR_LEGACY,21340,2018-04,True,
"McDONALD'S, Sausage McGRIDDLES",,,OTHER,312.0,8.41,31.25,17.76,,USDA_FDC_SR_LEGACY,21328,2018-04,True,
"McDONALD'S, Sausage McMUFFIN",,,OTHER,333.0,12.66,24.52,21.06,,USDA_FDC_SR_LEGACY,21358,2018-04,True,
"McDONALD'S, Sausage McMUFFIN with Egg",,,OTHER,274.0,12.59,17.28,17.83,,USDA_FDC_SR_LEGACY,21359,2018-04,True,
"McDONALD'S, Sausage, Egg & Cheese McGRIDDLES",,,OTHER,283.0,10.77,22.04,17.73,,USDA_FDC_SR_LEGACY,21329,2018-04,True,
"McDONALD'S, Side Salad",,,OTHER,20.0,1.03,4.3,0.19,,USDA_FDC_SR_LEGACY,21379,2018-04,True,
"McDONALD'S, Southern Style Chicken Biscuit",,,OTHER,304.0,11.93,30.56,14.93,,USDA_FDC_SR_LEGACY,21522,2018-04,True,
"McDONALD'S, Strawberry Sundae",,,OTHER,158.0,3.19,28.09,3.95,,USDA_FDC_SR_LEGACY,21334,2018-04,True,
"McDONALD'S, Vanilla Reduced Fat Ice Cream Cone",,,OTHER,162.0,4.24,26.36,4.86,,USDA_FDC_SR_LEGACY,21333,2018-04,True,
"McDONALD'S, french fries",,,OTHER,323.0,3.41,42.58,15.47,,USDA_FDC_SR_LEGACY,21238,2018-04,True,
"Mckee Baking, Little Debbie Nutty Bars, Wafers with Peanut Butter, Chocolate Covered",,,OTHER,548.0,8.0,55.2,32.8,,USDA_FDC_SR_LEGACY,18612,2018-04,True,
"Melon, banana (Navajo)",,,OTHER,21.0,0.84,4.06,0.2,,USDA_FDC_SR_LEGACY,35132,2018-04,True,
"Mission Foods, Mission Flour Tortillas, Soft Taco, 8 inch",,,OTHER,287.0,8.7,49.6,6.0,,USDA_FDC_SR_LEGACY,18616,2018-04,True,
"Moose, liver, braised (Alaska Native)",,,OTHER,155.0,24.38,3.43,4.89,,USDA_FDC_SR_LEGACY,35051,2018-04,True,
"Moose, meat, raw (Alaska Native)",,,OTHER,103.0,22.3,0.0,1.5,,USDA_FDC_SR_LEGACY,35049,2018-04,True,
"Mouse nuts, roots (Alaska Native)",,,OTHER,81.0,3.9,16.1,0.1,,USDA_FDC_SR_LEGACY,35052,2018-04,True,
"Mouse nuts, seedlings (Alaska Native)",,,OTHER,104.0,7.3,16.3,1.1,,USDA_FDC_SR_LEGACY,35053,2018-04,True,
"Muffin, blueberry, commercially prepared, low-fat",,,OTHER,255.0,4.23,50.05,4.22,,USDA_FDC_SR_LEGACY,18940,2018-04,True,
"Muffins, English, mixed-grain (includes granola)",,,OTHER,235.0,9.1,46.3,1.8,,USDA_FDC_SR_LEGACY,18260,2018-04,True,
"Muffins, English, plain, enriched, with ca prop (includes sourdough)",,,OTHER,227.0,8.87,44.17,1.69,,USDA_FDC_SR_LEGACY,18258,2018-04,True,
"Muffins, English, plain, toasted, enriched, with calcium propionate (includes sourdough)",,,OTHER,270.0,10.32,52.65,2.02,,USDA_FDC_SR_LEGACY,18259,2018-04,True,
"Muffins, English, raisin-cinnamon (includes apple-cinnamon)",,,OTHER,240.0,7.91,48.1,1.8,,USDA_FDC_SR_LEGACY,18262,2018-04,True,
"Muffins, English, raisin-cinnamon, toasted (includes apple-cinnamon)",,,OTHER,276.0,8.87,55.04,2.21,,USDA_FDC_SR_LEGACY,18263,2018-04,True,
"Muffins, English, wheat",,,OTHER,223.0,8.7,44.8,2.0,,USDA_FDC_SR_LEGACY,18264,2018-04,True,
"Muffins, English, whole-wheat",,,OTHER,203.0,8.8,40.4,2.1,,USDA_FDC_SR_LEGACY,18266,2018-04,True,
"Muffins, blueberry, commercially prepared (Includes mini-muffins)",,,OTHER,375.0,4.49,53.0,16.07,,USDA_FDC_SR_LEGACY,18274,2018-04,True,
"Muffins, blueberry, dry mix",,,OTHER,293.0,3.48,61.0,3.25,,USDA_FDC_SR_LEGACY,18275,2018-04,True,
"Muffins, blueberry, prepared from recipe, made with low fat (2%) milk",,,OTHER,285.0,6.5,40.7,10.8,,USDA_FDC_SR_LEGACY,18278,2018-04,True,
"Muffins, blueberry, toaster-type",,,OTHER,313.0,4.6,53.3,9.5,,USDA_FDC_SR_LEGACY,18277,2018-04,True,
"Muffins, blueberry, toaster-type, toasted",,,OTHER,333.0,4.9,56.7,10.1,,USDA_FDC_SR_LEGACY,18386,2018-04,True,
"Muffins, corn, commercially prepared",,,OTHER,305.0,5.9,51.0,8.4,,USDA_FDC_SR_LEGACY,18279,2018-04,True,
"Muffins, corn, dry mix, prepared",,,OTHER,321.0,7.4,49.1,10.2,,USDA_FDC_SR_LEGACY,18280,2018-04,True,
"Muffins, corn, prepared from recipe, made with low fat (2%) milk",,,OTHER,316.0,7.1,44.2,12.3,,USDA_FDC_SR_LEGACY,18282,2018-04,True,
"Muffins, corn, toaster-type",,,OTHER,346.0,5.3,57.9,11.3,,USDA_FDC_SR_LEGACY,18281,2018-04,True,
"Muffins, oat bran",,,OTHER,270.0,7.0,48.3,7.4,,USDA_FDC_SR_LEGACY,18283,2018-04,True,
"Muffins, plain, prepared from recipe, made with low fat (2%) milk",,,OTHER,296.0,6.9,41.4,11.4,,USDA_FDC_SR_LEGACY,18273,2018-04,True,
"Muffins, wheat bran, dry mix",,,OTHER,396.0,7.1,73.0,12.0,,USDA_FDC_SR_LEGACY,18284,2018-04,True,
"Muffins, wheat bran, toaster-type with raisins, toasted",,,OTHER,313.0,5.5,55.5,9.4,,USDA_FDC_SR_LEGACY,18388,2018-04,True,
"Mush, blue corn with ash (Navajo)",,,OTHER,54.0,0.66,11.74,0.49,,USDA_FDC_SR_LEGACY,35130,2018-04,True,
"Mutton, cooked, roasted (Navajo)",,,OTHER,234.0,33.43,0.08,11.09,,USDA_FDC_SR_LEGACY,35141,2018-04,True,
"Nabisco, Nabisco Grahams Crackers",,,OTHER,424.0,6.99,76.2,10.0,,USDA_FDC_SR_LEGACY,18617,2018-04,True,
"Nabisco, Nabisco Oreo Crunchies, Cookie Crumb Topping",,,OTHER,476.0,4.78,70.23,21.5,,USDA_FDC_SR_LEGACY,18619,2018-04,True,
"Nabisco, Nabisco Ritz Crackers",,,OTHER,492.0,7.23,63.51,23.21,,USDA_FDC_SR_LEGACY,18621,2018-04,True,
"Nabisco, Nabisco Snackwell's Fat Free Devil's Food Cookie Cakes",,,OTHER,305.0,5.0,74.25,1.09,,USDA_FDC_SR_LEGACY,18651,2018-04,True,
"OLIVE GARDEN, cheese ravioli with marinara sauce",,,OTHER,159.0,7.44,19.64,5.61,,USDA_FDC_SR_LEGACY,36054,2018-04,True,
"OLIVE GARDEN, chicken parmigiana without pasta",,,OTHER,211.0,15.33,12.28,11.23,,USDA_FDC_SR_LEGACY,36058,2018-04,True,
"OLIVE GARDEN, lasagna classico",,,OTHER,184.0,11.28,10.33,10.84,,USDA_FDC_SR_LEGACY,36042,2018-04,True,
"OLIVE GARDEN, spaghetti with meat sauce",,,OTHER,121.0,5.8,17.19,3.28,,USDA_FDC_SR_LEGACY,36631,2018-04,True,
"OLIVE GARDEN, spaghetti with pomodoro sauce",,,OTHER,102.0,4.26,17.14,1.85,,USDA_FDC_SR_LEGACY,36047,2018-04,True,
"ON THE BORDER, Mexican rice",,,OTHER,195.0,3.56,34.15,4.86,,USDA_FDC_SR_LEGACY,36044,2018-04,True,
"ON THE BORDER, cheese enchilada",,,OTHER,271.0,11.67,16.2,17.74,,USDA_FDC_SR_LEGACY,36049,2018-04,True,
"ON THE BORDER, cheese quesadilla",,,OTHER,394.0,16.87,24.25,25.5,,USDA_FDC_SR_LEGACY,36051,2018-04,True,
"ON THE BORDER, refried beans",,,OTHER,144.0,7.3,17.52,5.0,,USDA_FDC_SR_LEGACY,36045,2018-04,True,
"ON THE BORDER, soft taco with ground beef, cheese and lettuce",,,OTHER,229.0,13.19,19.28,11.05,,USDA_FDC_SR_LEGACY,36060,2018-04,True,
Octopus (Alaska Native),,,OTHER,56.0,12.3,0.0,0.8,,USDA_FDC_SR_LEGACY,35054,2018-04,True,
"Oil, bearded seal (Oogruk) (Alaska Native)",,,OTHER,899.0,0.56,0.0,99.6,,USDA_FDC_SR_LEGACY,35057,2018-04,True,
"Oil, beluga, whale (Alaska Native)",,,OTHER,900.0,0.0,0.0,100.0,,USDA_FDC_SR_LEGACY,35014,2018-04,True,
"Oil, spotted seal (Alaska Native)",,,OTHER,894.0,0.0,0.0,99.32,,USDA_FDC_SR_LEGACY,35156,2018-04,True,
"Oil, walrus (Alaska Native)",,,OTHER,900.0,0.0,0.0,100.0,,USDA_FDC_SR_LEGACY,35084,2018-04,True,
"Oil, whale, bowhead (Alaska Native)",,,OTHER,900.0,0.0,0.0,100.0,,USDA_FDC_SR_LEGACY,35087,2018-04,True,
"Oopah (tunicate), whole animal (Alaska Native)",,,OTHER,67.0,11.7,0.0,2.2,,USDA_FDC_SR_LEGACY,35058,2018-04,True,
"Owl, horned, flesh, raw (Alaska Native)",,,OTHER,136.0,22.7,0.0,5.0,,USDA_FDC_SR_LEGACY,35059,2018-04,True,
"PAPA JOHN'S 14"" Cheese Pizza, Original Crust",,,OTHER,260.0,11.53,32.74,9.25,,USDA_FDC_SR_LEGACY,21283,2018-04,True,
"PAPA JOHN'S 14"" Cheese Pizza, Thin Crust",,,OTHER,295.0,12.29,26.26,15.66,,USDA_FDC_SR_LEGACY,21286,2018-04,True,
"PAPA JOHN'S 14"" Pepperoni Pizza, Original Crust",,,OTHER,275.0,11.97,30.04,11.86,,USDA_FDC_SR_LEGACY,21284,2018-04,True,
"PAPA JOHN'S 14"" The Works Pizza, Original Crust",,,OTHER,240.0,10.27,26.69,10.21,,USDA_FDC_SR_LEGACY,21285,2018-04,True,
"PIZZA HUT 12"" Cheese Pizza, Hand-Tossed Crust",,,OTHER,271.0,11.93,31.22,10.89,,USDA_FDC_SR_LEGACY,21271,2018-04,True,
"PIZZA HUT 12"" Cheese Pizza, Pan Crust",,,OTHER,280.0,11.73,29.93,12.56,,USDA_FDC_SR_LEGACY,21272,2018-04,True,
"PIZZA HUT 12"" Cheese Pizza, THIN 'N CRISPY Crust",,,OTHER,303.0,15.29,28.64,14.1,,USDA_FDC_SR_LEGACY,21273,2018-04,True,
"PIZZA HUT 12"" Pepperoni Pizza, Hand-Tossed Crust",,,OTHER,280.0,12.86,31.55,11.38,,USDA_FDC_SR_LEGACY,21274,2018-04,True,
"PIZZA HUT 12"" Pepperoni Pizza, Pan Crust",,,OTHER,298.0,11.97,30.49,14.21,,USDA_FDC_SR_LEGACY,21275,2018-04,True,
"PIZZA HUT 12"" Super Supreme Pizza, Hand-Tossed Crust",,,OTHER,243.0,10.9,25.62,10.72,,USDA_FDC_SR_LEGACY,21276,2018-04,True,
"PIZZA HUT 14"" Cheese Pizza, Hand-Tossed Crust",,,OTHER,275.0,11.98,33.42,10.42,,USDA_FDC_SR_LEGACY,21293,2018-04,True,
"PIZZA HUT 14"" Cheese Pizza, Pan Crust",,,OTHER,276.0,10.85,32.85,11.25,,USDA_FDC_SR_LEGACY,21294,2018-04,True,
"PIZZA HUT 14"" Cheese Pizza, Stuffed Crust",,,OTHER,274.0,12.23,30.0,11.63,,USDA_FDC_SR_LEGACY,21512,2018-04,True,
"PIZZA HUT 14"" Cheese Pizza, THIN 'N CRISPY Crust",,,OTHER,306.0,13.37,34.22,12.8,,USDA_FDC_SR_LEGACY,21295,2018-04,True,
"PIZZA HUT 14"" Pepperoni Pizza, Hand-Tossed Crust",,,OTHER,291.0,12.23,32.11,12.63,,USDA_FDC_SR_LEGACY,21296,2018-04,True,
"PIZZA HUT 14"" Pepperoni Pizza, Pan Crust",,,OTHER,291.0,11.47,31.79,13.07,,USDA_FDC_SR_LEGACY,21297,2018-04,True,
"PIZZA HUT 14"" Pepperoni Pizza, THIN 'N CRISPY Crust",,,OTHER,333.0,14.13,32.66,16.17,,USDA_FDC_SR_LEGACY,21491,2018-04,True,
"PIZZA HUT 14"" Sausage Pizza, Hand-Tossed Crust",,,OTHER,287.0,11.92,29.39,13.5,,USDA_FDC_SR_LEGACY,21497,2018-04,True,
"PIZZA HUT 14"" Sausage Pizza, Pan Crust",,,OTHER,287.0,11.08,29.56,13.85,,USDA_FDC_SR_LEGACY,21498,2018-04,True,
"PIZZA HUT 14"" Sausage Pizza, THIN 'N CRISPY Crust",,,OTHER,323.0,13.95,28.7,16.9,,USDA_FDC_SR_LEGACY,21496,2018-04,True,
"PIZZA HUT 14"" Super Supreme Pizza, Hand-Tossed Crust",,,OTHER,248.0,11.34,26.01,10.95,,USDA_FDC_SR_LEGACY,21298,2018-04,True,
"PIZZA HUT, breadstick, parmesan garlic",,,OTHER,343.0,12.2,44.48,12.88,,USDA_FDC_SR_LEGACY,21525,2018-04,True,
"POPEYES, Coleslaw",,,OTHER,161.0,0.98,14.12,11.18,,USDA_FDC_SR_LEGACY,21416,2018-04,True,
"POPEYES, Fried Chicken, Mild, Breast, meat and skin with breading",,,OTHER,274.0,21.67,9.83,16.47,,USDA_FDC_SR_LEGACY,21456,2018-04,True,
"POPEYES, Fried Chicken, Mild, Breast, meat only, skin and breading removed",,,OTHER,157.0,28.98,0.0,4.52,,USDA_FDC_SR_LEGACY,21442,2018-04,True,
"POPEYES, Fried Chicken, Mild, Drumstick, meat and skin with breading",,,OTHER,293.0,20.44,9.84,19.14,,USDA_FDC_SR_LEGACY,21457,2018-04,True,
"POPEYES, Fried Chicken, Mild, Drumstick, meat only, skin and breading removed",,,OTHER,170.0,26.51,0.04,7.14,,USDA_FDC_SR_LEGACY,21443,2018-04,True,
"POPEYES, Fried Chicken, Mild, Skin and Breading",,,OTHER,433.0,13.96,21.54,32.32,,USDA_FDC_SR_LEGACY,21444,2018-04,True,
"POPEYES, Fried Chicken, Mild, Thigh, meat and skin with breading",,,OTHER,310.0,19.14,11.2,20.99,,USDA_FDC_SR_LEGACY,21458,2018-04,True,
"POPEYES, Fried Chicken, Mild, Thigh, meat only, skin and breading removed",,,OTHER,188.0,24.31,0.85,9.66,,USDA_FDC_SR_LEGACY,21445,2018-04,True,
"POPEYES, Fried Chicken, Mild, Wing, meat and skin with breading",,,OTHER,338.0,20.4,13.52,22.48,,USDA_FDC_SR_LEGACY,21459,2018-04,True,
"POPEYES, Fried Chicken, Mild, Wing, meat only, skin and breading removed",,,OTHER,212.0,28.94,2.9,9.42,,USDA_FDC_SR_LEGACY,21446,2018-04,True,
"POPEYES, Mild Chicken Strips, analyzed 2006",,,OTHER,271.0,19.2,19.31,13.01,,USDA_FDC_SR_LEGACY,21417,2018-04,True,
"POPEYES, Spicy Chicken Strips, analyzed 2006",,,OTHER,253.0,19.61,18.52,11.2,,USDA_FDC_SR_LEGACY,21418,2018-04,True,
"POPEYES, biscuit",,,OTHER,401.0,6.0,40.95,23.71,,USDA_FDC_SR_LEGACY,21415,2018-04,True,
"Pan Dulce, La Ricura, Salpora de Arroz con Azucar, cookie-like, contains wheat flour and rice flour",,,OTHER,445.0,8.81,66.28,16.11,,USDA_FDC_SR_LEGACY,18958,2018-04,True,
"Pancakes plain, frozen, ready-to-heat (includes buttermilk)",,,OTHER,233.0,5.23,37.75,6.83,,USDA_FDC_SR_LEGACY,18288,2018-04,True,
"Pancakes, blueberry, prepared from recipe",,,OTHER,222.0,6.1,29.0,9.2,,USDA_FDC_SR_LEGACY,18294,2018-04,True,
"Pancakes, buckwheat, dry mix, incomplete",,,OTHER,340.0,10.9,71.3,2.7,,USDA_FDC_SR_LEGACY,18295,2018-04,True,
"Pancakes, buttermilk, prepared from recipe",,,OTHER,227.0,6.8,28.7,9.3,,USDA_FDC_SR_LEGACY,18390,2018-04,True,
"Pancakes, gluten-free, frozen, ready-to-heat",,,OTHER,215.0,3.31,40.32,4.55,,USDA_FDC_SR_LEGACY,28347,2018-04,True,
"Pancakes, plain, dry mix, complete (includes buttermilk)",,,OTHER,368.0,9.77,73.65,3.1,,USDA_FDC_SR_LEGACY,18289,2018-04,True,
"Pancakes, plain, dry mix, complete, prepared",,,OTHER,194.0,5.2,36.7,2.5,,USDA_FDC_SR_LEGACY,18290,2018-04,True,
"Pancakes, plain, dry mix, incomplete (includes buttermilk)",,,OTHER,355.0,10.0,73.6,1.7,,USDA_FDC_SR_LEGACY,18291,2018-04,True,
"Pancakes, plain, dry mix, incomplete, prepared",,,OTHER,218.0,7.8,28.9,7.7,,USDA_FDC_SR_LEGACY,18292,2018-04,True,
"Pancakes, plain, frozen, ready-to-heat, microwave (includes buttermilk)",,,OTHER,239.0,5.88,43.33,4.73,,USDA_FDC_SR_LEGACY,18936,2018-04,True,
"Pancakes, plain, prepared from recipe",,,OTHER,227.0,6.4,28.3,9.7,,USDA_FDC_SR_LEGACY,18293,2018-04,True,
"Pancakes, plain, reduced fat",,,OTHER,269.0,5.71,57.32,1.9,,USDA_FDC_SR_LEGACY,28305,2018-04,True,
"Pancakes, special dietary, dry mix",,,OTHER,349.0,8.9,73.9,1.4,,USDA_FDC_SR_LEGACY,18297,2018-04,True,
"Pancakes, whole-wheat, dry mix, incomplete",,,OTHER,344.0,12.8,71.0,1.5,,USDA_FDC_SR_LEGACY,18299,2018-04,True,
"Pancakes, whole-wheat, dry mix, incomplete, prepared",,,OTHER,208.0,8.5,29.4,6.5,,USDA_FDC_SR_LEGACY,18300,2018-04,True,
"Pasta mix, Italian four cheese lasagna, unprepared",,,OTHER,355.0,12.53,70.26,2.7,,USDA_FDC_SR_LEGACY,32017,2018-04,True,
"Pasta mix, Italian lasagna, unprepared",,,OTHER,356.0,10.9,73.77,1.97,,USDA_FDC_SR_LEGACY,32010,2018-04,True,
"Pasta mix, classic beef, unprepared",,,OTHER,354.0,12.32,72.2,1.78,,USDA_FDC_SR_LEGACY,32009,2018-04,True,
"Pasta mix, classic cheeseburger macaroni, unprepared",,,OTHER,349.0,11.6,71.51,1.88,,USDA_FDC_SR_LEGACY,32008,2018-04,True,
"Pasta with Sliced Franks in Tomato Sauce, canned entree",,,OTHER,90.0,4.37,12.7,2.38,,USDA_FDC_SR_LEGACY,22522,2018-04,True,
"Pasta with tomato sauce, no meat, canned",,,OTHER,71.0,2.22,13.94,0.71,,USDA_FDC_SR_LEGACY,22914,2018-04,True,
"Pastry, Pastelitos de Guava (guava pastries)",,,OTHER,379.0,5.48,47.76,18.5,,USDA_FDC_SR_LEGACY,18959,2018-04,True,
"Pepperidge Farm, Goldfish, Baked Snack Crackers, Cheddar",,,OTHER,457.0,11.71,66.2,16.11,,USDA_FDC_SR_LEGACY,28361,2018-04,True,
"Pepperidge Farm, Goldfish, Baked Snack Crackers, Explosive Pizza",,,OTHER,458.0,9.56,67.2,16.82,,USDA_FDC_SR_LEGACY,28362,2018-04,True,
"Pepperidge Farm, Goldfish, Baked Snack Crackers, Original",,,OTHER,467.0,9.42,65.81,18.42,,USDA_FDC_SR_LEGACY,28363,2018-04,True,
"Pepperidge Farm, Goldfish, Baked Snack Crackers, Parmesan",,,OTHER,459.0,11.16,64.7,17.29,,USDA_FDC_SR_LEGACY,28364,2018-04,True,
"Pepperidge Farm, Goldfish, Baked Snack Crackers, Pizza",,,OTHER,469.0,9.67,65.11,18.93,,USDA_FDC_SR_LEGACY,28365,2018-04,True,
Phyllo dough,,,OTHER,299.0,7.1,52.6,6.0,,USDA_FDC_SR_LEGACY,18338,2018-04,True,
"Pie Crust, Cookie-type, Chocolate, Ready Crust",,,OTHER,484.0,6.08,64.48,22.42,,USDA_FDC_SR_LEGACY,18943,2018-04,True,
"Pie Crust, Cookie-type, Graham Cracker, Ready Crust",,,OTHER,501.0,5.1,64.3,24.83,,USDA_FDC_SR_LEGACY,18942,2018-04,True,
"Pie crust, cookie-type, prepared from recipe, graham cracker, chilled",,,OTHER,484.0,4.1,63.9,24.4,,USDA_FDC_SR_LEGACY,18399,2018-04,True,
"Pie crust, cookie-type, prepared from recipe, vanilla wafer, chilled",,,OTHER,531.0,3.7,50.2,36.2,,USDA_FDC_SR_LEGACY,18401,2018-04,True,
"Pie crust, deep dish, frozen, baked, made with enriched flour",,,OTHER,521.0,6.1,52.47,31.84,,USDA_FDC_SR_LEGACY,18947,2018-04,True,
"Pie crust, deep dish, frozen, unbaked, made with enriched flour",,,OTHER,468.0,5.52,46.79,28.74,,USDA_FDC_SR_LEGACY,18945,2018-04,True,
"Pie crust, refrigerated, regular, baked",,,OTHER,506.0,3.41,58.52,28.69,,USDA_FDC_SR_LEGACY,18946,2018-04,True,
"Pie crust, refrigerated, regular, unbaked",,,OTHER,445.0,2.97,51.11,25.46,,USDA_FDC_SR_LEGACY,18948,2018-04,True,
"Pie crust, standard-type, dry mix",,,OTHER,518.0,6.9,52.1,31.4,,USDA_FDC_SR_LEGACY,18332,2018-04,True,
"Pie crust, standard-type, dry mix, prepared, baked",,,OTHER,501.0,6.7,50.4,30.4,,USDA_FDC_SR_LEGACY,18333,2018-04,True,
"Pie crust, standard-type, frozen, ready-to-bake, enriched",,,OTHER,457.0,6.16,48.62,26.07,,USDA_FDC_SR_LEGACY,18334,2018-04,True,
"Pie crust, standard-type, frozen, ready-to-bake, enriched, baked",,,OTHER,508.0,6.5,56.24,28.59,,USDA_FDC_SR_LEGACY,18335,2018-04,True,
"Pie crust, standard-type, frozen, ready-to-bake, unenriched",,,OTHER,457.0,3.9,44.1,29.2,,USDA_FDC_SR_LEGACY,18446,2018-04,True,
"Pie crust, standard-type, prepared from recipe, baked",,,OTHER,527.0,6.4,47.5,34.6,,USDA_FDC_SR_LEGACY,18336,2018-04,True,
"Pie crust, standard-type, prepared from recipe, unbaked",,,OTHER,469.0,5.7,42.3,30.8,,USDA_FDC_SR_LEGACY,18402,2018-04,True,
"Pie, Dutch Apple, Commercially Prepared",,,OTHER,290.0,2.17,44.54,11.5,,USDA_FDC_SR_LEGACY,18944,2018-04,True,
"Pie, apple, commercially prepared, enriched flour",,,OTHER,237.0,1.9,34.0,11.0,,USDA_FDC_SR_LEGACY,18301,2018-04,True,
"Pie, apple, commercially prepared, unenriched flour",,,OTHER,237.0,1.9,34.0,11.0,,USDA_FDC_SR_LEGACY,18443,2018-04,True,
"Pie, apple, prepared from recipe",,,OTHER,265.0,2.4,37.1,12.5,,USDA_FDC_SR_LEGACY,18302,2018-04,True,
"Pie, banana cream, prepared from mix, no-bake type",,,OTHER,251.0,3.4,31.6,12.9,,USDA_FDC_SR_LEGACY,18303,2018-04,True,
"Pie, banana cream, prepared from recipe",,,OTHER,269.0,4.4,32.9,13.6,,USDA_FDC_SR_LEGACY,18304,2018-04,True,
"Pie, blueberry, commercially prepared",,,OTHER,232.0,1.8,34.9,10.0,,USDA_FDC_SR_LEGACY,18305,2018-04,True,
"Pie, blueberry, prepared from recipe",,,OTHER,245.0,2.7,33.5,11.9,,USDA_FDC_SR_LEGACY,18306,2018-04,True,
"Pie, cherry, commercially prepared",,,OTHER,260.0,2.0,39.8,11.0,,USDA_FDC_SR_LEGACY,18308,2018-04,True,
"Pie, cherry, prepared from recipe",,,OTHER,270.0,2.8,38.5,12.2,,USDA_FDC_SR_LEGACY,18309,2018-04,True,
"Pie, chocolate creme, commercially prepared",,,OTHER,353.0,4.15,38.44,22.41,,USDA_FDC_SR_LEGACY,18310,2018-04,True,
"Pie, chocolate mousse, prepared from mix, no-bake type",,,OTHER,260.0,3.5,29.6,15.4,,USDA_FDC_SR_LEGACY,18312,2018-04,True,
"Pie, coconut cream, prepared from mix, no-bake type",,,OTHER,276.0,2.8,28.5,17.6,,USDA_FDC_SR_LEGACY,18314,2018-04,True,
"Pie, coconut creme, commercially prepared",,,OTHER,298.0,2.1,37.3,16.6,,USDA_FDC_SR_LEGACY,18313,2018-04,True,
"Pie, coconut custard, commercially prepared",,,OTHER,260.0,5.9,30.2,13.2,,USDA_FDC_SR_LEGACY,18316,2018-04,True,
"Pie, egg custard, commercially prepared",,,OTHER,210.0,5.5,20.8,11.6,,USDA_FDC_SR_LEGACY,18317,2018-04,True,
"Pie, fried pies, cherry",,,OTHER,316.0,3.0,42.6,16.1,,USDA_FDC_SR_LEGACY,18444,2018-04,True,
"Pie, fried pies, fruit",,,OTHER,316.0,3.0,42.6,16.1,,USDA_FDC_SR_LEGACY,18319,2018-04,True,
"Pie, fried pies, lemon",,,OTHER,316.0,3.0,42.6,16.1,,USDA_FDC_SR_LEGACY,18445,2018-04,True,
"Pie, lemon meringue, commercially prepared",,,OTHER,268.0,1.5,47.2,8.7,,USDA_FDC_SR_LEGACY,18320,2018-04,True,
"Pie, lemon meringue, prepared from recipe",,,OTHER,285.0,3.8,39.1,12.9,,USDA_FDC_SR_LEGACY,18321,2018-04,True,
"Pie, mince, prepared from recipe",,,OTHER,289.0,2.6,48.0,10.8,,USDA_FDC_SR_LEGACY,18322,2018-04,True,
"Pie, peach",,,OTHER,224.0,1.9,32.9,10.0,,USDA_FDC_SR_LEGACY,18323,2018-04,True,
"Pie, pecan, commercially prepared",,,OTHER,407.0,4.5,59.61,16.69,,USDA_FDC_SR_LEGACY,18324,2018-04,True,
"Pie, pecan, prepared from recipe",,,OTHER,412.0,4.9,52.2,22.2,,USDA_FDC_SR_LEGACY,18325,2018-04,True,
"Pie, pumpkin, commercially prepared",,,OTHER,243.0,3.9,34.83,9.75,,USDA_FDC_SR_LEGACY,18326,2018-04,True,
"Pie, pumpkin, prepared from recipe",,,OTHER,204.0,4.5,26.4,9.3,,USDA_FDC_SR_LEGACY,18327,2018-04,True,
"Pie, vanilla cream, prepared from recipe",,,OTHER,278.0,4.8,32.6,14.4,,USDA_FDC_SR_LEGACY,18328,2018-04,True,
"Piki bread, made from blue cornmeal (Hopi)",,,OTHER,390.0,9.06,72.22,7.16,,USDA_FDC_SR_LEGACY,35234,2018-04,True,
"Pillsbury Golden Layer Buttermilk Biscuits, Artificial Flavor, refrigerated dough",,,OTHER,307.0,5.88,41.18,13.24,,USDA_FDC_SR_LEGACY,18634,2018-04,True,
"Pillsbury Grands, Buttermilk Biscuits, refrigerated dough",,,OTHER,293.0,6.16,42.41,11.34,,USDA_FDC_SR_LEGACY,18633,2018-04,True,
"Pillsbury, Buttermilk Biscuits, Artificial Flavor, refrigerated dough",,,OTHER,236.0,6.4,47.07,2.79,,USDA_FDC_SR_LEGACY,18629,2018-04,True,
"Pillsbury, Chocolate Chip Cookies, refrigerated dough",,,OTHER,450.0,3.82,60.75,21.26,,USDA_FDC_SR_LEGACY,18630,2018-04,True,
"Pillsbury, Cinnamon Rolls with Icing, refrigerated dough",,,OTHER,330.0,4.34,53.42,11.27,,USDA_FDC_SR_LEGACY,18635,2018-04,True,
"Pillsbury, Crusty French Loaf, refrigerated dough",,,OTHER,243.0,8.59,46.35,2.88,,USDA_FDC_SR_LEGACY,18631,2018-04,True,
"Pinon Nuts, roasted (Navajo)",,,OTHER,541.0,7.41,51.06,34.08,,USDA_FDC_SR_LEGACY,35207,2018-04,True,
"Pizza rolls, frozen, unprepared",,,OTHER,328.0,8.73,50.72,9.98,,USDA_FDC_SR_LEGACY,32012,2018-04,True,
"Pizza, cheese topping, regular crust, frozen, cooked",,,OTHER,268.0,10.36,29.02,12.28,,USDA_FDC_SR_LEGACY,21224,2018-04,True,
"Pizza, cheese topping, rising crust, frozen, cooked",,,OTHER,260.0,12.37,32.91,8.78,,USDA_FDC_SR_LEGACY,21225,2018-04,True,
"Pizza, cheese topping, thin crust, frozen, cooked",,,OTHER,263.0,11.91,28.8,11.07,,USDA_FDC_SR_LEGACY,21505,2018-04,True,
"Pizza, meat and vegetable topping, regular crust, frozen, cooked",,,OTHER,276.0,11.28,25.14,14.43,,USDA_FDC_SR_LEGACY,21226,2018-04,True,
"Pizza, meat and vegetable topping, rising crust, frozen, cooked",,,OTHER,271.0,12.63,28.78,11.75,,USDA_FDC_SR_LEGACY,21227,2018-04,True,
"Pizza, meat topping, thick crust, frozen, cooked",,,OTHER,274.0,11.76,30.76,11.52,,USDA_FDC_SR_LEGACY,22902,2018-04,True,
"Pizza, pepperoni topping, regular crust, frozen, cooked",,,OTHER,274.0,14.38,24.69,13.13,,USDA_FDC_SR_LEGACY,22903,2018-04,True,
"Plums, wild (Northern Plains Indians)",,,OTHER,91.0,0.43,21.95,0.17,,USDA_FDC_SR_LEGACY,35206,2018-04,True,
"Popovers, dry mix, enriched",,,OTHER,371.0,10.4,71.0,4.3,,USDA_FDC_SR_LEGACY,18339,2018-04,True,
"Popovers, dry mix, unenriched",,,OTHER,371.0,10.4,71.0,4.3,,USDA_FDC_SR_LEGACY,18447,2018-04,True,
Potato salad with egg,,,OTHER,157.0,1.96,16.18,9.4,,USDA_FDC_SR_LEGACY,22971,2018-04,True,
"Potsticker or wonton, pork and vegetable, frozen, unprepared",,,OTHER,136.0,8.28,13.28,5.52,,USDA_FDC_SR_LEGACY,32013,2018-04,True,
"Prairie Turnips, boiled (Northern Plains Indians)",,,OTHER,129.0,1.64,29.99,0.32,,USDA_FDC_SR_LEGACY,35201,2018-04,True,
"Prairie Turnips, raw (Northern Plains Indians)",,,OTHER,156.0,2.62,35.67,0.36,,USDA_FDC_SR_LEGACY,35200,2018-04,True,
"Prickly pears, broiled (Northern Plains Indians)",,,OTHER,91.0,0.39,21.57,0.31,,USDA_FDC_SR_LEGACY,35199,2018-04,True,
"Prickly pears, raw (Northern Plains Indians)",,,OTHER,42.0,0.12,10.17,0.11,,USDA_FDC_SR_LEGACY,35198,2018-04,True,
"Puff pastry, frozen, ready-to-bake",,,OTHER,551.0,7.3,45.1,38.1,,USDA_FDC_SR_LEGACY,18337,2018-04,True,
"Puff pastry, frozen, ready-to-bake, baked",,,OTHER,558.0,7.4,45.7,38.5,,USDA_FDC_SR_LEGACY,18211,2018-04,True,
Pulled pork in barbecue sauce,,,OTHER,168.0,13.19,18.74,4.42,,USDA_FDC_SR_LEGACY,22972,2018-04,True,
"RICE-A-RONI, chicken flavor, unprepared",,,OTHER,356.0,10.64,76.08,1.04,,USDA_FDC_SR_LEGACY,22998,2018-04,True,
"Raspberries, wild (Northern Plains Indians)",,,OTHER,62.0,1.12,13.85,0.28,,USDA_FDC_SR_LEGACY,35202,2018-04,True,
"Ravioli, cheese with tomato sauce, frozen, not prepared, includes regular and light entrees",,,OTHER,111.0,4.52,17.31,2.61,,USDA_FDC_SR_LEGACY,22976,2018-04,True,
"Ravioli, cheese-filled, canned",,,OTHER,77.0,2.48,13.64,1.45,,USDA_FDC_SR_LEGACY,22899,2018-04,True,
"Ravioli, meat-filled, with tomato sauce or meat sauce, canned",,,OTHER,97.0,3.24,13.26,3.41,,USDA_FDC_SR_LEGACY,22900,2018-04,True,
"Restaurant, Chinese, beef and vegetables",,,OTHER,105.0,7.08,7.29,5.3,,USDA_FDC_SR_LEGACY,36603,2018-04,True,
"Restaurant, Chinese, chicken and vegetables",,,OTHER,95.0,8.18,5.38,4.56,,USDA_FDC_SR_LEGACY,36626,2018-04,True,
"Restaurant, Chinese, chicken chow mein",,,OTHER,85.0,6.76,8.29,2.8,,USDA_FDC_SR_LEGACY,36623,2018-04,True,
"Restaurant, Chinese, egg rolls, assorted",,,OTHER,250.0,8.28,27.29,11.94,,USDA_FDC_SR_LEGACY,36601,2018-04,True,
"Restaurant, Chinese, fried rice, without meat",,,OTHER,174.0,3.84,32.5,3.19,,USDA_FDC_FOUNDATION,36602,2026-04-30,True,
"Restaurant, Chinese, general tso's chicken",,,OTHER,295.0,12.9,23.99,16.36,,USDA_FDC_SR_LEGACY,36618,2018-04,True,
"Restaurant, Chinese, kung pao chicken",,,OTHER,129.0,9.76,6.87,6.98,,USDA_FDC_SR_LEGACY,36619,2018-04,True,
"Restaurant, Chinese, lemon chicken",,,OTHER,252.0,11.87,20.61,13.55,,USDA_FDC_SR_LEGACY,36617,2018-04,True,
"Restaurant, Chinese, orange chicken",,,OTHER,262.0,14.46,22.46,12.68,,USDA_FDC_SR_LEGACY,36629,2018-04,True,
"Restaurant, Chinese, sesame chicken",,,OTHER,293.0,14.33,26.88,14.25,,USDA_FDC_SR_LEGACY,36633,2018-04,True,
"Restaurant, Chinese, shrimp and vegetables",,,OTHER,78.0,5.9,4.52,4.05,,USDA_FDC_SR_LEGACY,36620,2018-04,True,
"Restaurant, Chinese, sweet and sour chicken",,,OTHER,250.0,10.1,23.86,12.65,,USDA_FDC_SR_LEGACY,36621,2018-04,True,
"Restaurant, Chinese, sweet and sour pork",,,OTHER,260.0,8.88,25.5,13.6,,USDA_FDC_FOUNDATION,334462,2026-04-30,True,
"Restaurant, Chinese, vegetable chow mein, without meat or noodles",,,OTHER,43.0,1.34,5.74,1.68,,USDA_FDC_SR_LEGACY,36624,2018-04,True,
"Restaurant, Chinese, vegetable lo mein, without meat",,,OTHER,121.0,4.77,20.16,2.35,,USDA_FDC_SR_LEGACY,36625,2018-04,True,
"Restaurant, Italian, cheese ravioli with marinara sauce",,,OTHER,154.0,7.07,18.5,5.7,,USDA_FDC_SR_LEGACY,36055,2018-04,True,
"Restaurant, Italian, chicken parmesan without pasta",,,OTHER,204.0,16.17,10.92,10.64,,USDA_FDC_SR_LEGACY,36059,2018-04,True,
"Restaurant, Italian, lasagna with meat",,,OTHER,185.0,10.83,11.36,10.69,,USDA_FDC_SR_LEGACY,36041,2018-04,True,
"Restaurant, Italian, spaghetti with meat sauce",,,OTHER,121.0,5.79,16.4,3.59,,USDA_FDC_SR_LEGACY,36630,2018-04,True,
"Restaurant, Italian, spaghetti with pomodoro sauce (no meat)",,,OTHER,104.0,3.9,17.77,1.89,,USDA_FDC_SR_LEGACY,36046,2018-04,True,
"Restaurant, Latino, Arroz con frijoles negros (rice and black beans)",,,OTHER,151.0,4.64,24.4,3.85,,USDA_FDC_SR_LEGACY,36405,2018-04,True,
"Restaurant, Latino, Arroz con grandules (rice and pigeonpeas)",,,OTHER,182.0,3.5,30.75,4.98,,USDA_FDC_SR_LEGACY,36407,2018-04,True,
"Restaurant, Latino, Arroz con habichuelas colorados (Rice And Red Beans)",,,OTHER,142.0,3.96,23.74,3.46,,USDA_FDC_SR_LEGACY,36406,2018-04,True,
"Restaurant, Latino, arepa (unleavened cornmeal bread)",,,OTHER,219.0,5.48,37.14,5.38,,USDA_FDC_SR_LEGACY,36415,2018-04,True,
"Restaurant, Latino, arroz con leche (rice pudding)",,,OTHER,146.0,3.2,24.92,3.69,,USDA_FDC_SR_LEGACY,36404,2018-04,True,
"Restaurant, Latino, black bean soup",,,OTHER,103.0,5.1,14.79,2.57,,USDA_FDC_SR_LEGACY,36413,2018-04,True,
"Restaurant, Latino, bunuelos (fried yeast bread)",,,OTHER,462.0,8.02,48.57,26.24,,USDA_FDC_SR_LEGACY,36416,2018-04,True,
"Restaurant, Latino, chicken and rice, entree, prepared",,,OTHER,174.0,12.02,20.03,5.06,,USDA_FDC_SR_LEGACY,36401,2018-04,True,
"Restaurant, Latino, empanadas, beef, prepared",,,OTHER,335.0,11.31,31.19,18.37,,USDA_FDC_SR_LEGACY,36403,2018-04,True,
"Restaurant, Latino, pupusas con frijoles (pupusas, bean)",,,OTHER,229.0,5.59,31.5,9.01,,USDA_FDC_FOUNDATION,36408,2026-04-30,True,
"Restaurant, Latino, pupusas con queso (pupusas, cheese)",,,OTHER,256.0,11.72,22.39,13.25,,USDA_FDC_SR_LEGACY,36409,2018-04,True,
"Restaurant, Latino, pupusas del cerdo (pupusas, pork)",,,OTHER,232.0,11.51,23.02,10.43,,USDA_FDC_SR_LEGACY,36410,2018-04,True,
"Restaurant, Latino, tamale, corn",,,OTHER,186.0,3.48,26.68,7.21,,USDA_FDC_SR_LEGACY,36411,2018-04,True,
"Restaurant, Latino, tamale, pork",,,OTHER,174.0,7.38,15.8,9.04,,USDA_FDC_FOUNDATION,36412,2026-04-30,True,
"Restaurant, Latino, tripe soup",,,OTHER,74.0,8.61,4.07,2.58,,USDA_FDC_SR_LEGACY,36414,2018-04,True,
"Restaurant, Mexican, cheese enchilada",,,OTHER,273.0,11.24,15.45,18.47,,USDA_FDC_SR_LEGACY,36050,2018-04,True,
"Restaurant, Mexican, cheese quesadilla",,,OTHER,368.0,15.93,24.11,23.08,,USDA_FDC_SR_LEGACY,36052,2018-04,True,
"Restaurant, Mexican, cheese tamales",,,OTHER,216.0,8.99,17.97,11.99,,USDA_FDC_SR_LEGACY,36056,2018-04,True,
"Restaurant, Mexican, refried beans",,,OTHER,156.0,6.91,16.79,6.77,,USDA_FDC_SR_LEGACY,36418,2018-04,True,
"Restaurant, Mexican, soft taco with ground beef, cheese and lettuce",,,OTHER,219.0,12.56,17.92,10.81,,USDA_FDC_SR_LEGACY,36061,2018-04,True,
"Restaurant, Mexican, spanish rice",,,OTHER,185.0,3.28,31.16,5.29,,USDA_FDC_SR_LEGACY,36417,2018-04,True,
"Restaurant, family style, chicken fingers, from kid's menu",,,OTHER,307.0,18.68,18.77,17.45,,USDA_FDC_SR_LEGACY,36015,2018-04,True,
"Restaurant, family style, chicken tenders",,,OTHER,302.0,18.88,19.29,16.63,,USDA_FDC_SR_LEGACY,36034,2018-04,True,
"Restaurant, family style, chili with meat and beans",,,OTHER,157.0,12.56,4.57,9.79,,USDA_FDC_SR_LEGACY,36037,2018-04,True,
"Restaurant, family style, coleslaw",,,OTHER,159.0,0.88,12.35,11.78,,USDA_FDC_SR_LEGACY,36035,2018-04,True,
"Restaurant, family style, fish fillet, battered or breaded, fried",,,OTHER,219.0,13.49,16.89,10.79,,USDA_FDC_SR_LEGACY,36033,2018-04,True,
"Restaurant, family style, french fries",,,OTHER,289.0,3.49,37.2,14.04,,USDA_FDC_SR_LEGACY,36014,2018-04,True,
"Restaurant, family style, fried mozzarella sticks",,,OTHER,325.0,14.75,25.14,18.33,,USDA_FDC_SR_LEGACY,36012,2018-04,True,
"Restaurant, family style, hash browns",,,OTHER,197.0,2.49,26.59,8.99,,USDA_FDC_SR_LEGACY,36039,2018-04,True,
"Restaurant, family style, macaroni & cheese, from kids' menu",,,OTHER,151.0,5.42,18.8,6.06,,USDA_FDC_SR_LEGACY,36017,2018-04,True,
"Restaurant, family style, onion rings",,,OTHER,356.0,4.89,40.72,19.28,,USDA_FDC_SR_LEGACY,36036,2018-04,True,
"Restaurant, family style, shrimp, breaded and fried",,,OTHER,308.0,12.67,22.29,18.67,,USDA_FDC_SR_LEGACY,36016,2018-04,True,
"Restaurant, family style, sirloin steak",,,OTHER,195.0,29.8,0.0,8.48,,USDA_FDC_SR_LEGACY,36013,2018-04,True,
"Restaurant, family style, spaghetti and meatballs",,,OTHER,170.0,7.84,15.51,8.52,,USDA_FDC_SR_LEGACY,36038,2018-04,True,
"Rhubarb, wild, leaves (Alaska Native)",,,OTHER,61.0,4.2,9.9,0.5,,USDA_FDC_SR_LEGACY,35063,2018-04,True,
"Rice and vermicelli mix, beef flavor, prepared with 80% margarine",,,OTHER,129.0,2.82,22.03,3.2,,USDA_FDC_SR_LEGACY,32001,2018-04,True,
"Rice and vermicelli mix, beef flavor, unprepared",,,OTHER,359.0,10.84,76.02,1.27,,USDA_FDC_SR_LEGACY,32000,2018-04,True,
"Rice and vermicelli mix, chicken flavor, prepared with 80% margarine",,,OTHER,136.0,2.65,23.54,3.45,,USDA_FDC_SR_LEGACY,22999,2018-04,True,
"Rice and vermicelli mix, rice pilaf flavor, prepared with 80% margarine",,,OTHER,148.0,2.94,25.67,3.7,,USDA_FDC_SR_LEGACY,32003,2018-04,True,
"Rice and vermicelli mix, rice pilaf flavor, unprepared",,,OTHER,359.0,10.42,76.31,1.37,,USDA_FDC_SR_LEGACY,32002,2018-04,True,
"Rice bowl with chicken, frozen entree, prepared (includes fried, teriyaki, and sweet and sour varieties)",,,OTHER,126.0,5.65,22.46,1.56,,USDA_FDC_SR_LEGACY,22958,2018-04,True,
"Rice mix, cheese flavor, dry mix, unprepared",,,OTHER,362.0,8.77,73.88,3.51,,USDA_FDC_SR_LEGACY,32024,2018-04,True,
"Rice mix, white and wild, flavored, unprepared",,,OTHER,142.0,3.49,26.28,2.57,,USDA_FDC_SR_LEGACY,32029,2018-04,True,
"Rolls, dinner, egg",,,OTHER,307.0,9.5,52.0,6.4,,USDA_FDC_SR_LEGACY,18344,2018-04,True,
"Rolls, dinner, oat bran",,,OTHER,236.0,9.5,40.2,4.6,,USDA_FDC_SR_LEGACY,18345,2018-04,True,
"Rolls, dinner, plain, commercially prepared (includes brown-and-serve)",,,OTHER,310.0,10.86,52.04,6.47,,USDA_FDC_SR_LEGACY,18342,2018-04,True,
"Rolls, dinner, plain, prepared from recipe, made with low fat (2%) milk",,,OTHER,316.0,8.5,53.4,7.3,,USDA_FDC_SR_LEGACY,18396,2018-04,True,
"Rolls, dinner, rye",,,OTHER,286.0,10.3,53.1,3.4,,USDA_FDC_SR_LEGACY,18346,2018-04,True,
"Rolls, dinner, sweet",,,OTHER,321.0,10.04,53.58,7.37,,USDA_FDC_SR_LEGACY,28348,2018-04,True,
"Rolls, dinner, wheat",,,OTHER,273.0,8.6,46.0,6.3,,USDA_FDC_SR_LEGACY,18347,2018-04,True,
"Rolls, dinner, whole-wheat",,,OTHER,266.0,8.7,51.1,4.7,,USDA_FDC_SR_LEGACY,18348,2018-04,True,
"Rolls, french",,,OTHER,277.0,8.6,50.2,4.3,,USDA_FDC_SR_LEGACY,18349,2018-04,True,
"Rolls, gluten-free, white, made with brown rice flour, tapioca starch, and potato starch",,,OTHER,310.0,7.99,55.1,6.4,,USDA_FDC_SR_LEGACY,28340,2018-04,True,
"Rolls, gluten-free, white, made with brown rice flour, tapioca starch, and sorghum flour",,,OTHER,257.0,5.65,40.24,8.2,,USDA_FDC_SR_LEGACY,28342,2018-04,True,
"Rolls, gluten-free, white, made with rice flour, rice starch, and corn starch",,,OTHER,239.0,3.34,50.47,2.65,,USDA_FDC_SR_LEGACY,28341,2018-04,True,
"Rolls, gluten-free, whole grain, made with tapioca starch and brown rice flour",,,OTHER,329.0,11.8,44.29,11.6,,USDA_FDC_SR_LEGACY,28343,2018-04,True,
"Rolls, hamburger or hot dog, wheat/cracked wheat",,,OTHER,269.0,11.69,47.31,3.61,,USDA_FDC_SR_LEGACY,28312,2018-04,True,
"Rolls, hamburger or hot dog, whole wheat",,,OTHER,269.0,12.38,44.93,4.38,,USDA_FDC_SR_LEGACY,28313,2018-04,True,
"Rolls, hamburger or hotdog, mixed-grain",,,OTHER,263.0,9.6,44.6,6.0,,USDA_FDC_SR_LEGACY,18351,2018-04,True,
"Rolls, hamburger or hotdog, plain",,,OTHER,279.0,9.77,50.12,3.91,,USDA_FDC_SR_LEGACY,18350,2018-04,True,
"Rolls, hamburger, whole grain white, calcium-fortified",,,OTHER,255.0,9.3,46.5,3.49,,USDA_FDC_SR_LEGACY,28321,2018-04,True,
"Rolls, hard (includes kaiser)",,,OTHER,293.0,9.9,52.7,4.3,,USDA_FDC_SR_LEGACY,18353,2018-04,True,
"Rolls, pumpernickel",,,OTHER,276.0,10.8,51.87,2.8,,USDA_FDC_SR_LEGACY,43441,2018-04,True,
"Rose Hips, wild (Northern Plains Indians)",,,OTHER,162.0,1.6,38.22,0.34,,USDA_FDC_SR_LEGACY,35203,2018-04,True,
"Rudi's, Gluten-Free Bakery, Original Sandwich Bread",,,OTHER,320.0,3.13,52.83,10.7,,USDA_FDC_SR_LEGACY,28366,2018-04,True,
"SUBWAY, B.L.T. sub on white bread with bacon, lettuce and tomato",,,OTHER,205.0,10.06,26.66,6.41,,USDA_FDC_SR_LEGACY,21161,2018-04,True,
"SUBWAY, SUBWAY CLUB sub on white bread with lettuce and tomato",,,OTHER,146.0,10.66,20.36,2.42,,USDA_FDC_SR_LEGACY,21152,2018-04,True,
"SUBWAY, black forest ham sub on white bread with lettuce and tomato",,,OTHER,151.0,9.12,22.91,2.53,,USDA_FDC_SR_LEGACY,21209,2018-04,True,
"SUBWAY, cold cut sub on white bread with lettuce and tomato",,,OTHER,214.0,10.52,20.43,10.04,,USDA_FDC_SR_LEGACY,21213,2018-04,True,
"SUBWAY, meatball marinara sub on white bread (no toppings)",,,OTHER,219.0,9.77,26.01,8.45,,USDA_FDC_SR_LEGACY,21157,2018-04,True,
"SUBWAY, oven roasted chicken sub on white bread with lettuce and tomato",,,OTHER,157.0,10.84,21.35,3.15,,USDA_FDC_SR_LEGACY,21211,2018-04,True,
"SUBWAY, roast beef sub on white bread with lettuce and tomato",,,OTHER,155.0,12.17,20.34,2.73,,USDA_FDC_SR_LEGACY,21210,2018-04,True,
"SUBWAY, steak & cheese sub on white bread with American cheese, lettuce and tomato",,,OTHER,183.0,12.29,21.49,5.34,,USDA_FDC_SR_LEGACY,21159,2018-04,True,
"SUBWAY, sweet onion chicken teriyaki sub on white bread with lettuce, tomato and sweet onion sauce",,,OTHER,155.0,10.91,22.54,2.37,,USDA_FDC_SR_LEGACY,21150,2018-04,True,
"SUBWAY, tuna sub on white bread with lettuce and tomato",,,OTHER,221.0,12.33,15.95,12.04,,USDA_FDC_SR_LEGACY,21214,2018-04,True,
"SUBWAY, turkey breast sub on white bread with lettuce and tomato",,,OTHER,147.0,9.12,22.42,2.31,,USDA_FDC_SR_LEGACY,21207,2018-04,True,
"Sage Valley, Gluten Free Vanilla Sandwich Cookies",,,OTHER,499.0,3.13,71.88,22.15,,USDA_FDC_SR_LEGACY,28367,2018-04,True,
"Salisbury steak with gravy, frozen",,,OTHER,149.0,6.98,6.78,10.47,,USDA_FDC_SR_LEGACY,32031,2018-04,True,
"Salmon, red (sockeye), filets with skin, smoked (Alaska Native)",,,OTHER,345.0,60.62,0.0,11.43,,USDA_FDC_SR_LEGACY,35190,2018-04,True,
"Salmonberries, raw (Alaska Native)",,,OTHER,47.0,0.85,10.05,0.33,,USDA_FDC_SR_LEGACY,35154,2018-04,True,
"Sausage, egg and cheese breakfast biscuit",,,OTHER,324.0,9.54,21.57,22.13,,USDA_FDC_SR_LEGACY,32032,2018-04,True,
"Schar, Gluten-Free, Classic White Rolls",,,OTHER,239.0,3.34,50.47,2.65,,USDA_FDC_SR_LEGACY,28368,2018-04,True,
"Schar, Gluten-Free, Wheat-Free, Classic White Bread",,,OTHER,240.0,3.81,46.13,4.47,,USDA_FDC_SR_LEGACY,28369,2018-04,True,
"School Lunch, chicken nuggets, whole grain breaded",,,OTHER,270.0,15.67,22.86,12.9,,USDA_FDC_SR_LEGACY,21611,2018-04,True,
"School Lunch, chicken patty, whole grain breaded",,,OTHER,246.0,17.64,12.5,13.93,,USDA_FDC_SR_LEGACY,21610,2018-04,True,
"School Lunch, pizza, BIG DADDY'S LS 16"" 51% Whole Grain Rolled Edge Cheese Pizza, frozen",,,OTHER,243.0,13.89,27.1,8.81,,USDA_FDC_SR_LEGACY,21145,2018-04,True,
"School Lunch, pizza, BIG DADDY'S LS 16"" 51% Whole Grain Rolled Edge Turkey Pepperoni Pizza, frozen",,,OTHER,248.0,13.63,27.35,9.33,,USDA_FDC_SR_LEGACY,21146,2018-04,True,
"School Lunch, pizza, TONY'S Breakfast Pizza Sausage, frozen",,,OTHER,240.0,10.39,26.99,10.04,,USDA_FDC_SR_LEGACY,21149,2018-04,True,
"School Lunch, pizza, TONY'S SMARTPIZZA Whole Grain 4x6 Cheese Pizza 50/50 Cheese, frozen",,,OTHER,233.0,12.08,29.27,7.51,,USDA_FDC_SR_LEGACY,21147,2018-04,True,
"School Lunch, pizza, TONY'S SMARTPIZZA Whole Grain 4x6 Pepperoni Pizza 50/50 Cheese, frozen",,,OTHER,238.0,12.14,28.84,8.19,,USDA_FDC_SR_LEGACY,21148,2018-04,True,
"School Lunch, pizza, cheese topping, thick crust, whole grain, frozen, cooked",,,OTHER,254.0,14.62,28.08,9.27,,USDA_FDC_SR_LEGACY,21601,2018-04,True,
"School Lunch, pizza, cheese topping, thin crust, whole grain, frozen, cooked",,,OTHER,247.0,12.72,31.31,7.91,,USDA_FDC_SR_LEGACY,21600,2018-04,True,
"School Lunch, pizza, pepperoni topping, thick crust, whole grain, frozen, cooked",,,OTHER,259.0,14.35,28.3,9.82,,USDA_FDC_SR_LEGACY,21603,2018-04,True,
"School Lunch, pizza, pepperoni topping, thin crust, whole grain, frozen, cooked",,,OTHER,254.0,12.78,31.24,8.62,,USDA_FDC_SR_LEGACY,21602,2018-04,True,
"School Lunch, pizza, sausage topping, thick crust, whole grain, frozen, cooked",,,OTHER,257.0,13.26,30.58,9.07,,USDA_FDC_SR_LEGACY,21605,2018-04,True,
"School Lunch, pizza, sausage topping, thin crust, whole grain, frozen, cooked",,,OTHER,250.0,12.63,32.24,7.83,,USDA_FDC_SR_LEGACY,21604,2018-04,True,
"Sea cucumber, yane (Alaska Native)",,,OTHER,56.0,13.0,0.0,0.4,,USDA_FDC_SR_LEGACY,35070,2018-04,True,
"Sea lion, Steller, fat (Alaska Native)",,,OTHER,850.0,0.9,0.0,94.0,,USDA_FDC_SR_LEGACY,35231,2018-04,True,
"Sea lion, Steller, heart (Alaska Native)",,,OTHER,102.0,17.0,1.0,3.3,,USDA_FDC_SR_LEGACY,35228,2018-04,True,
"Sea lion, Steller, kidney (Alaska Native)",,,OTHER,93.0,18.1,1.4,1.7,,USDA_FDC_SR_LEGACY,35227,2018-04,True,
"Sea lion, Steller, liver (Alaska Native)",,,OTHER,137.0,22.9,0.0,5.0,,USDA_FDC_SR_LEGACY,35226,2018-04,True,
"Sea lion, Steller, meat (Alaska Native)",,,OTHER,120.0,25.85,0.0,1.88,,USDA_FDC_SR_LEGACY,35229,2018-04,True,
"Sea lion, Steller, meat with fat (Alaska Native)",,,OTHER,242.0,22.1,5.55,14.65,,USDA_FDC_SR_LEGACY,35230,2018-04,True,
"Seal, bearded (Oogruk), meat, dried (Alaska Native)",,,OTHER,351.0,82.6,0.0,2.3,,USDA_FDC_SR_LEGACY,35055,2018-04,True,
"Seal, bearded (Oogruk), meat, dried, in oil (Alaska Native)",,,OTHER,367.0,35.31,0.0,25.08,,USDA_FDC_SR_LEGACY,35164,2018-04,True,
"Seal, bearded (Oogruk), meat, low quadrant, raw (Alaska Native)",,,OTHER,186.0,23.63,0.0,10.17,,USDA_FDC_SR_LEGACY,35170,2018-04,True,
"Seal, bearded (Oogruk), meat, partially dried (Alaska Native)",,,OTHER,270.0,62.38,0.0,2.31,,USDA_FDC_SR_LEGACY,35175,2018-04,True,
"Seal, bearded (Oogruk), meat, raw (Alaska Native)",,,OTHER,110.0,26.7,0.0,0.4,,USDA_FDC_SR_LEGACY,35056,2018-04,True,
"Seal, ringed, liver (Alaska Native)",,,OTHER,116.0,18.6,2.9,3.3,,USDA_FDC_SR_LEGACY,35072,2018-04,True,
"Seal, ringed, meat (Alaska Native)",,,OTHER,142.0,28.4,0.0,3.2,,USDA_FDC_SR_LEGACY,35071,2018-04,True,
"Smelt, dried (Alaska Native)",,,OTHER,386.0,56.19,0.0,17.9,,USDA_FDC_SR_LEGACY,35184,2018-04,True,
"Soup, fish, homemade (Alaska Native)",,,OTHER,72.0,7.4,5.6,2.2,,USDA_FDC_SR_LEGACY,35073,2018-04,True,
"Sourdock, young leaves (Alaska Native)",,,OTHER,42.0,2.3,6.5,0.7,,USDA_FDC_SR_LEGACY,35074,2018-04,True,
"Spaghetti with meat sauce, frozen entree",,,OTHER,90.0,5.05,15.24,1.01,,USDA_FDC_SR_LEGACY,22401,2018-04,True,
"Spaghetti, with meatballs in tomato sauce, canned",,,OTHER,100.0,4.37,11.45,4.11,,USDA_FDC_SR_LEGACY,22912,2018-04,True,
"Spanish rice mix, dry mix, prepared (with canola/vegetable oil blend or diced tomatoes and margarine)",,,OTHER,125.0,3.27,22.74,2.38,,USDA_FDC_SR_LEGACY,32021,2018-04,True,
"Spanish rice mix, dry mix, unprepared",,,OTHER,363.0,10.62,76.45,1.62,,USDA_FDC_SR_LEGACY,32018,2018-04,True,
"Squash, Indian, cooked, boiled (Navajo)",,,OTHER,16.0,0.31,3.22,0.15,,USDA_FDC_SR_LEGACY,35139,2018-04,True,
"Squash, Indian, raw (Navajo)",,,OTHER,26.0,0.52,5.64,0.2,,USDA_FDC_SR_LEGACY,35138,2018-04,True,
"Squirrel, ground, meat (Alaska Native)",,,OTHER,111.0,19.3,0.0,3.8,,USDA_FDC_SR_LEGACY,35075,2018-04,True,
"Steelhead trout, boiled, canned (Alaska Native)",,,OTHER,159.0,21.11,0.0,8.26,,USDA_FDC_SR_LEGACY,35181,2018-04,True,
"Steelhead trout, dried, flesh (Shoshone Bannock)",,,OTHER,382.0,77.27,0.0,8.06,,USDA_FDC_SR_LEGACY,35180,2018-04,True,
"Stew, dumpling with mutton (Navajo)",,,OTHER,101.0,8.71,8.03,3.78,,USDA_FDC_SR_LEGACY,35144,2018-04,True,
"Stew, hominy with mutton (Navajo)",,,OTHER,83.0,6.71,9.38,2.06,,USDA_FDC_SR_LEGACY,35145,2018-04,True,
"Stew, moose (Alaska Native)",,,OTHER,55.0,6.6,6.0,0.5,,USDA_FDC_SR_LEGACY,35048,2018-04,True,
"Stew, mutton, corn, squash (Navajo)",,,OTHER,103.0,8.62,7.27,4.34,,USDA_FDC_SR_LEGACY,35146,2018-04,True,
"Stew, pinto bean and hominy, badufsuki (Hopi)",,,OTHER,32.0,1.42,5.38,0.54,,USDA_FDC_SR_LEGACY,35236,2018-04,True,
"Stew, steamed corn (Navajo)",,,OTHER,112.0,8.82,10.8,3.75,,USDA_FDC_SR_LEGACY,35148,2018-04,True,
"Stew/soup, caribou (Alaska Native)",,,OTHER,41.0,3.8,4.8,0.7,,USDA_FDC_SR_LEGACY,35024,2018-04,True,
"Stinging Nettles, blanched (Northern Plains Indians)",,,OTHER,42.0,2.71,7.49,0.11,,USDA_FDC_SR_LEGACY,35205,2018-04,True,
"Strudel, apple",,,OTHER,274.0,3.3,41.1,11.2,,USDA_FDC_SR_LEGACY,18354,2018-04,True,
"Sweet rolls, cheese",,,OTHER,360.0,7.1,43.7,18.3,,USDA_FDC_SR_LEGACY,18355,2018-04,True,
"Sweet rolls, cinnamon, commercially prepared with raisins",,,OTHER,372.0,6.2,50.9,16.4,,USDA_FDC_SR_LEGACY,18356,2018-04,True,
"Sweet rolls, cinnamon, refrigerated dough with frosting",,,OTHER,333.0,5.0,51.6,12.2,,USDA_FDC_SR_LEGACY,18357,2018-04,True,
"Sweet rolls, cinnamon, refrigerated dough with frosting, baked",,,OTHER,362.0,5.4,56.1,13.2,,USDA_FDC_SR_LEGACY,18358,2018-04,True,
"T.G.I. FRIDAY'S, FRIDAY'S Shrimp, breaded",,,OTHER,302.0,11.87,20.87,19.02,,USDA_FDC_SR_LEGACY,36006,2018-04,True,
"T.G.I. FRIDAY'S, chicken fingers",,,OTHER,325.0,18.68,16.84,20.31,,USDA_FDC_SR_LEGACY,36020,2018-04,True,
"T.G.I. FRIDAY'S, chicken fingers, from kids' menu",,,OTHER,330.0,18.11,17.72,20.78,,USDA_FDC_SR_LEGACY,36010,2018-04,True,
"T.G.I. FRIDAY'S, classic sirloin steak (10 oz)",,,OTHER,196.0,31.02,0.47,7.83,,USDA_FDC_SR_LEGACY,36011,2018-04,True,
"T.G.I. FRIDAY'S, french fries",,,OTHER,296.0,3.74,36.9,14.82,,USDA_FDC_SR_LEGACY,36007,2018-04,True,
"T.G.I. FRIDAY'S, fried mozzarella",,,OTHER,333.0,15.82,25.33,18.76,,USDA_FDC_SR_LEGACY,36008,2018-04,True,
"T.G.I. FRIDAY'S, macaroni & cheese, from kid's menu",,,OTHER,121.0,5.03,17.4,3.45,,USDA_FDC_SR_LEGACY,36009,2018-04,True,
"TACO BELL, BURRITO SUPREME with beef",,,OTHER,183.0,7.03,23.37,6.8,,USDA_FDC_SR_LEGACY,21265,2018-04,True,
"TACO BELL, BURRITO SUPREME with chicken",,,OTHER,179.0,9.84,20.51,6.42,,USDA_FDC_SR_LEGACY,21266,2018-04,True,
"TACO BELL, BURRITO SUPREME with steak",,,OTHER,183.0,9.13,20.32,7.27,,USDA_FDC_SR_LEGACY,21267,2018-04,True,
"TACO BELL, Bean Burrito",,,OTHER,209.0,7.35,31.23,6.05,,USDA_FDC_SR_LEGACY,21264,2018-04,True,
"TACO BELL, Nachos",,,OTHER,350.0,4.32,34.91,21.5,,USDA_FDC_SR_LEGACY,21268,2018-04,True,
"TACO BELL, Nachos Supreme",,,OTHER,223.0,6.21,21.39,12.48,,USDA_FDC_SR_LEGACY,21269,2018-04,True,
"TACO BELL, Original Taco with beef, cheese and lettuce",,,OTHER,229.0,8.86,19.85,12.7,,USDA_FDC_SR_LEGACY,21260,2018-04,True,
"TACO BELL, Soft Taco with beef, cheese and lettuce",,,OTHER,206.0,9.25,20.23,9.75,,USDA_FDC_SR_LEGACY,21261,2018-04,True,
"TACO BELL, Soft Taco with chicken, cheese and lettuce",,,OTHER,189.0,13.3,19.69,6.35,,USDA_FDC_SR_LEGACY,21262,2018-04,True,
"TACO BELL, Soft Taco with steak",,,OTHER,225.0,11.81,17.22,12.1,,USDA_FDC_SR_LEGACY,21263,2018-04,True,
"TACO BELL, Taco Salad",,,OTHER,170.0,6.69,15.1,9.17,,USDA_FDC_SR_LEGACY,21270,2018-04,True,
"Taco shells, baked",,,OTHER,476.0,6.41,63.49,21.79,,USDA_FDC_SR_LEGACY,18360,2018-04,True,
"Taco shells, baked, without added salt",,,OTHER,468.0,7.2,62.4,22.6,,USDA_FDC_SR_LEGACY,18448,2018-04,True,
Tamales (Navajo),,,OTHER,153.0,6.28,18.12,6.12,,USDA_FDC_SR_LEGACY,35147,2018-04,True,
"Tamales, masa and pork filling (Hopi)",,,OTHER,168.0,13.19,18.28,4.7,,USDA_FDC_SR_LEGACY,35237,2018-04,True,
"Taquitos, frozen, beef and cheese, oven-heated",,,OTHER,287.0,9.4,33.46,12.79,,USDA_FDC_SR_LEGACY,32007,2018-04,True,
"Taquitos, frozen, chicken and cheese, oven-heated",,,OTHER,284.0,9.21,33.63,12.54,,USDA_FDC_SR_LEGACY,32006,2018-04,True,
"Tart, breakfast, low fat",,,OTHER,372.0,3.99,76.8,5.99,,USDA_FDC_SR_LEGACY,18459,2018-04,True,
"Tea, herbal, brewed, Hohoysi (Hopi)",,,OTHER,2.0,0.12,0.0,0.2,,USDA_FDC_SR_LEGACY,35238,2018-04,True,
"Tea, tundra, herb and laborador combination (Alaska Native)",,,OTHER,1.0,0.0,0.2,0.0,,USDA_FDC_SR_LEGACY,35078,2018-04,True,
"Tennis Bread, plain (Apache)",,,OTHER,258.0,9.0,53.26,1.05,,USDA_FDC_SR_LEGACY,35187,2018-04,True,
"Toaster Pastries, fruit, frosted (include apples, blueberry, cherry, strawberry)",,,OTHER,385.0,4.01,71.83,9.02,,USDA_FDC_SR_LEGACY,18938,2018-04,True,
"Toaster pastries, brown-sugar-cinnamon",,,OTHER,370.0,4.06,72.64,7.98,,USDA_FDC_SR_LEGACY,18361,2018-04,True,
"Toaster pastries, fruit (includes apple, blueberry, cherry, strawberry)",,,OTHER,388.0,4.2,70.32,9.95,,USDA_FDC_SR_LEGACY,18362,2018-04,True,
"Toaster pastries, fruit, toasted (include apple, blueberry, cherry, strawberry)",,,OTHER,409.0,4.7,72.7,11.03,,USDA_FDC_SR_LEGACY,18939,2018-04,True,
"Toddler drink, MEAD JOHNSON, PurAmino Toddler Powder, with ARA and DHA, not reconstituted",,,OTHER,512.0,13.9,55.68,26.0,,USDA_FDC_SR_LEGACY,3392,2018-04,True,
"Toddler formula, MEAD JOHNSON, ENFAGROW PREMIUM (formerly ENFAMIL, LIPIL, NEXT STEP), ready-to-feed",,,OTHER,64.0,1.78,7.18,3.63,,USDA_FDC_SR_LEGACY,3968,2018-04,True,
"Toddler formula, MEAD JOHNSON, ENFAGROW, Toddler Transitions, with ARA and DHA, powder",,,OTHER,505.0,12.9,52.8,26.9,,USDA_FDC_SR_LEGACY,3967,2018-04,True,
"Toddler formula, MEAD JOHNSON, Nutramigen Toddler with LGG Powder, with ARA and DHA, not reconstituted",,,OTHER,485.0,12.0,61.97,21.0,,USDA_FDC_SR_LEGACY,3389,2018-04,True,
"Tortellini, pasta with cheese filling, fresh-refrigerated, as purchased",,,OTHER,307.0,13.5,47.0,7.23,,USDA_FDC_SR_LEGACY,22901,2018-04,True,
"Tortilla, blue corn, Sakwavikaviki (Hopi)",,,OTHER,276.0,7.83,58.12,1.4,,USDA_FDC_SR_LEGACY,35239,2018-04,True,
"Tortilla, includes plain and from mutton sandwich (Navajo)",,,OTHER,237.0,7.28,49.94,0.95,,USDA_FDC_SR_LEGACY,35143,2018-04,True,
"Tortillas, ready-to-bake or -fry, corn",,,OTHER,218.0,5.7,44.64,2.85,,USDA_FDC_SR_LEGACY,18363,2018-04,True,
"Tortillas, ready-to-bake or -fry, corn, without added salt",,,OTHER,222.0,5.7,46.6,2.5,,USDA_FDC_SR_LEGACY,18449,2018-04,True,
"Tortillas, ready-to-bake or -fry, flour, refrigerated",,,OTHER,306.0,8.2,49.38,7.99,,USDA_FDC_SR_LEGACY,18364,2018-04,True,
"Tortillas, ready-to-bake or -fry, flour, shelf stable",,,OTHER,297.0,8.01,49.27,7.58,,USDA_FDC_SR_LEGACY,18970,2018-04,True,
"Tortillas, ready-to-bake or -fry, flour, without added calcium",,,OTHER,325.0,8.7,55.6,7.1,,USDA_FDC_SR_LEGACY,18450,2018-04,True,
"Tortillas, ready-to-bake or -fry, whole wheat",,,OTHER,310.0,9.76,45.89,9.76,,USDA_FDC_SR_LEGACY,28295,2018-04,True,
"Tostada shells, corn",,,OTHER,474.0,6.15,64.43,23.38,,USDA_FDC_SR_LEGACY,18952,2018-04,True,
"Turkey Pot Pie, frozen entree",,,OTHER,176.0,6.5,17.7,8.8,,USDA_FDC_SR_LEGACY,22528,2018-04,True,
"Turkey, stuffing, mashed potatoes w/gravy, assorted vegetables, frozen, microwaved",,,OTHER,128.0,6.97,16.32,3.89,,USDA_FDC_SR_LEGACY,22957,2018-04,True,
"Turnover, cheese-filled, tomato-based sauce, frozen, unprepared",,,OTHER,235.0,10.24,27.29,9.45,,USDA_FDC_SR_LEGACY,32015,2018-04,True,
"Turnover, chicken- or turkey-, and vegetable-filled, reduced fat, frozen",,,OTHER,168.0,7.87,21.74,5.51,,USDA_FDC_SR_LEGACY,32026,2018-04,True,
"Turnover, filled with egg, meat and cheese, frozen",,,OTHER,228.0,7.87,20.67,12.6,,USDA_FDC_SR_LEGACY,32028,2018-04,True,
"Turnover, meat- and cheese-filled, tomato-based sauce, reduced fat, frozen",,,OTHER,215.0,9.45,31.89,5.51,,USDA_FDC_SR_LEGACY,32027,2018-04,True,
"Udi's, Gluten Free, Classic French Dinner Rolls",,,OTHER,310.0,7.99,55.1,6.4,,USDA_FDC_SR_LEGACY,28370,2018-04,True,
"Udi's, Gluten Free, Soft & Delicious White Sandwich Bread",,,OTHER,298.0,5.4,51.15,8.02,,USDA_FDC_SR_LEGACY,28371,2018-04,True,
"Udi's, Gluten Free, Soft & Hearty Whole Grain Bread",,,OTHER,309.0,7.25,49.09,9.34,,USDA_FDC_SR_LEGACY,28372,2018-04,True,
"Udi's, Gluten Free, Whole Grain Dinner Rolls",,,OTHER,329.0,11.8,44.29,11.6,,USDA_FDC_SR_LEGACY,28373,2018-04,True,
"Van's, Gluten Free, Totally Original Pancakes",,,OTHER,215.0,3.31,40.32,4.55,,USDA_FDC_SR_LEGACY,28374,2018-04,True,
"Van's, Gluten Free, Totally Original Waffles",,,OTHER,248.0,2.99,40.54,8.22,,USDA_FDC_SR_LEGACY,28375,2018-04,True,
"Van's, The Perfect 10, Crispy Six Whole Grain + Four Seed Baked Crackers, Gluten Free",,,OTHER,471.0,7.63,67.57,18.93,,USDA_FDC_SR_LEGACY,28376,2018-04,True,
"WEND'YS, Crispy Chicken Sandwich",,,OTHER,278.0,11.72,26.36,13.93,,USDA_FDC_SR_LEGACY,21508,2018-04,True,
"WENDY'S, CLASSIC DOUBLE, with cheese",,,OTHER,241.0,16.52,11.71,14.2,,USDA_FDC_SR_LEGACY,21243,2018-04,True,
"WENDY'S, CLASSIC SINGLE Hamburger, no cheese",,,OTHER,213.0,12.63,16.82,10.6,,USDA_FDC_SR_LEGACY,21239,2018-04,True,
"WENDY'S, CLASSIC SINGLE Hamburger, with cheese",,,OTHER,221.0,14.87,14.2,11.6,,USDA_FDC_SR_LEGACY,21240,2018-04,True,
"WENDY'S, Chicken Nuggets",,,OTHER,326.0,16.46,14.31,22.55,,USDA_FDC_SR_LEGACY,21246,2018-04,True,
"WENDY'S, DAVE'S Hot 'N Juicy 1/4 LB, single",,,OTHER,268.0,13.69,17.73,15.8,,USDA_FDC_SR_LEGACY,21510,2018-04,True,
"WENDY'S, Double Stack, with cheese",,,OTHER,285.0,18.53,15.35,16.6,,USDA_FDC_SR_LEGACY,21507,2018-04,True,
"WENDY'S, Frosty Dairy Dessert",,,OTHER,132.0,3.49,23.62,2.6,,USDA_FDC_SR_LEGACY,21248,2018-04,True,
"WENDY'S, Homestyle Chicken Fillet Sandwich",,,OTHER,214.0,13.78,21.55,8.1,,USDA_FDC_SR_LEGACY,21244,2018-04,True,
"WENDY'S, Jr. Hamburger, with cheese",,,OTHER,256.0,13.06,24.97,11.5,,USDA_FDC_SR_LEGACY,21242,2018-04,True,
"WENDY'S, Jr. Hamburger, without cheese",,,OTHER,243.0,12.62,28.45,8.75,,USDA_FDC_SR_LEGACY,21241,2018-04,True,
"WENDY'S, Ultimate Chicken Grill Sandwich",,,OTHER,179.0,14.73,18.88,5.0,,USDA_FDC_SR_LEGACY,21245,2018-04,True,
"WENDY'S, french fries",,,OTHER,301.0,3.73,39.73,14.1,,USDA_FDC_SR_LEGACY,21247,2018-04,True,
"Waffle, buttermilk, frozen, ready-to-heat, microwaved",,,OTHER,289.0,6.92,44.16,9.4,,USDA_FDC_SR_LEGACY,18934,2018-04,True,
"Waffle, buttermilk, frozen, ready-to-heat, toasted",,,OTHER,309.0,7.42,48.39,9.49,,USDA_FDC_SR_LEGACY,18933,2018-04,True,
"Waffle, plain, frozen, ready-to-heat, microwave",,,OTHER,298.0,6.71,45.41,9.91,,USDA_FDC_SR_LEGACY,18935,2018-04,True,
"Waffles, buttermilk, frozen, ready-to-heat",,,OTHER,273.0,6.58,41.05,9.22,,USDA_FDC_SR_LEGACY,18932,2018-04,True,
"Waffles, chocolate chip, frozen, ready-to-heat",,,OTHER,297.0,5.8,45.68,10.1,,USDA_FDC_SR_LEGACY,18951,2018-04,True,
"Waffles, gluten-free, frozen, ready-to-heat",,,OTHER,263.0,2.72,43.05,8.84,,USDA_FDC_SR_LEGACY,28346,2018-04,True,
"Waffles, plain, frozen, ready -to-heat, toasted",,,OTHER,312.0,7.19,49.29,9.61,,USDA_FDC_SR_LEGACY,18403,2018-04,True,
"Waffles, plain, frozen, ready-to-heat",,,OTHER,285.0,6.47,42.98,9.7,,USDA_FDC_SR_LEGACY,18365,2018-04,True,
"Waffles, plain, prepared from recipe",,,OTHER,291.0,7.9,32.9,14.1,,USDA_FDC_SR_LEGACY,18367,2018-04,True,
"Waffles, whole wheat, lowfat, frozen, ready-to-heat",,,OTHER,257.0,7.14,49.16,3.57,,USDA_FDC_SR_LEGACY,28304,2018-04,True,
"Walrus, liver, raw (Alaska Native)",,,OTHER,125.0,21.0,3.5,3.0,,USDA_FDC_SR_LEGACY,35083,2018-04,True,
"Walrus, meat and subcutaneous fat raw (Alaska Native)",,,OTHER,282.0,16.3,0.0,24.1,,USDA_FDC_SR_LEGACY,35082,2018-04,True,
"Walrus, meat, dried (Alaska Native)",,,OTHER,251.0,57.0,0.0,2.6,,USDA_FDC_SR_LEGACY,35079,2018-04,True,
"Walrus, meat, raw (Alaska Native)",,,OTHER,199.0,19.2,0.0,13.6,,USDA_FDC_SR_LEGACY,35081,2018-04,True,
"Whale, beluga, eyes (Alaska Native)",,,OTHER,291.0,19.6,0.0,23.3,,USDA_FDC_SR_LEGACY,35010,2018-04,True,
"Whale, beluga, flipper, raw (Alaska Native)",,,OTHER,271.0,19.0,0.0,21.7,,USDA_FDC_SR_LEGACY,35012,2018-04,True,
"Whale, beluga, liver, raw (Alaska Native)",,,OTHER,117.0,18.4,2.0,3.9,,USDA_FDC_SR_LEGACY,35013,2018-04,True,
"Whale, beluga, meat, dried (Alaska Native)",,,OTHER,327.0,69.86,0.0,5.34,,USDA_FDC_SR_LEGACY,35009,2018-04,True,
"Whale, beluga, meat, raw (Alaska Native)",,,OTHER,111.0,26.5,0.0,0.5,,USDA_FDC_SR_LEGACY,35011,2018-04,True,
"Whale, bowhead, skin and subcutaneous fat (muktuk) (Alaska Native)",,,OTHER,465.0,12.6,0.0,46.1,,USDA_FDC_SR_LEGACY,35086,2018-04,True,
"Whale, bowhead, subcutaneous fat (blubber) (Alaska Native)",,,OTHER,870.0,0.4,0.0,96.5,,USDA_FDC_SR_LEGACY,35085,2018-04,True,
"Willow, leaves in oil (Alaska Native)",,,OTHER,592.0,2.6,8.1,61.0,,USDA_FDC_SR_LEGACY,35092,2018-04,True,
"Willow, young leaves, chopped (Alaska Native)",,,OTHER,122.0,6.1,20.7,1.6,,USDA_FDC_SR_LEGACY,35093,2018-04,True,
"Wocas, dried seeds, Oregon, yellow pond lily (Klamath)",,,OTHER,361.0,7.9,80.02,1.07,,USDA_FDC_SR_LEGACY,35232,2018-04,True,
"Wocas, tuber, cooked, Oregon, yellow pond lily (Klamath)",,,OTHER,34.0,0.69,7.06,0.35,,USDA_FDC_SR_LEGACY,35235,2018-04,True,
Wonton wrappers (includes egg roll wrappers),,,OTHER,291.0,9.8,57.9,1.5,,USDA_FDC_SR_LEGACY,18368,2018-04,True,
"Yellow rice with seasoning, dry packet mix, unprepared",,,OTHER,343.0,7.02,74.68,1.75,,USDA_FDC_SR_LEGACY,32011,2018-04,True,
"Yogurt parfait, lowfat, with fruit and granola",,,OTHER,84.0,3.36,15.86,1.01,,USDA_FDC_SR_LEGACY,21463,2018-04,True,
Zwieback,,,OTHER,426.0,10.1,74.2,9.7,,USDA_FDC_SR_LEGACY,3217,2018-04,True,
"Canada Goose, breast meat only, skinless, raw",,,POULTRY,133.0,24.31,0.0,4.02,,USDA_FDC_SR_LEGACY,5111,2018-04,True,
"Chicken breast tenders, breaded, cooked, microwaved",,,POULTRY,252.0,16.35,17.56,12.89,,USDA_FDC_SR_LEGACY,5326,2018-04,True,
"Chicken breast tenders, breaded, uncooked",,,POULTRY,263.0,14.73,15.01,15.75,,USDA_FDC_SR_LEGACY,5327,2018-04,True,
"Chicken patty, frozen, cooked",,,POULTRY,287.0,14.85,12.84,19.58,,USDA_FDC_SR_LEGACY,5324,2018-04,True,
"Chicken patty, frozen, uncooked",,,POULTRY,292.0,14.33,13.61,20.04,,USDA_FDC_SR_LEGACY,5323,2018-04,True,
"Chicken, breast, boneless, skinless, raw",,,POULTRY,112.2,22.52,0.0,1.93,,USDA_FDC_FOUNDATION,100304,2026-04-30,True,
"Chicken, broiler or fryers, breast, skinless, boneless, meat only, cooked, braised",,,POULTRY,166.0,32.1,0.0,3.24,,USDA_FDC_FOUNDATION,5746,2026-04-30,True,
"Chicken, broiler or fryers, breast, skinless, boneless, meat only, cooked, grilled",,,POULTRY,151.0,30.54,0.0,3.17,,USDA_FDC_SR_LEGACY,5747,2018-04,True,
"Chicken, broiler or fryers, breast, skinless, boneless, meat only, raw",,,POULTRY,120.0,22.5,0.0,2.62,,USDA_FDC_SR_LEGACY,5062,2018-04,True,
"Chicken, broiler or fryers, breast, skinless, boneless, meat only, with added solution, cooked, braised",,,POULTRY,145.0,28.24,0.0,3.61,,USDA_FDC_SR_LEGACY,5748,2018-04,True,
"Chicken, broiler or fryers, breast, skinless, boneless, meat only, with added solution, cooked, grilled",,,POULTRY,148.0,29.5,0.0,3.39,,USDA_FDC_SR_LEGACY,5749,2018-04,True,
"Chicken, broiler, rotisserie, BBQ, back meat only",,,POULTRY,212.0,21.85,0.31,13.87,,USDA_FDC_SR_LEGACY,5693,2018-04,True,
"Chicken, broiler, rotisserie, BBQ, back, meat and skin",,,POULTRY,251.0,20.29,0.4,18.86,,USDA_FDC_SR_LEGACY,5357,2018-04,True,
"Chicken, broiler, rotisserie, BBQ, breast, meat and skin",,,POULTRY,175.0,26.37,0.09,7.67,,USDA_FDC_SR_LEGACY,5358,2018-04,True,
"Chicken, broiler, rotisserie, BBQ, breast, meat only",,,POULTRY,144.0,28.04,0.0,3.57,,USDA_FDC_SR_LEGACY,5000,2018-04,True,
"Chicken, broiler, rotisserie, BBQ, drumstick, meat and skin",,,POULTRY,206.0,25.65,0.12,11.46,,USDA_FDC_SR_LEGACY,5359,2018-04,True,
"Chicken, broiler, rotisserie, BBQ, drumstick, meat only",,,POULTRY,172.0,27.71,0.0,6.76,,USDA_FDC_SR_LEGACY,5319,2018-04,True,
"Chicken, broiler, rotisserie, BBQ, skin",,,POULTRY,378.0,15.19,0.7,35.15,,USDA_FDC_SR_LEGACY,5356,2018-04,True,
"Chicken, broiler, rotisserie, BBQ, thigh, meat and skin",,,POULTRY,226.0,22.51,0.12,15.08,,USDA_FDC_SR_LEGACY,5361,2018-04,True,
"Chicken, broiler, rotisserie, BBQ, thigh, meat only",,,POULTRY,193.0,24.09,0.0,10.74,,USDA_FDC_SR_LEGACY,5334,2018-04,True,
"Chicken, broiler, rotisserie, BBQ, wing, meat and skin",,,POULTRY,257.0,23.42,0.6,18.04,,USDA_FDC_SR_LEGACY,5362,2018-04,True,
"Chicken, broiler, rotisserie, BBQ, wing, meat only",,,POULTRY,186.0,28.34,0.54,7.79,,USDA_FDC_SR_LEGACY,5339,2018-04,True,
"Chicken, broilers or fryers, back, meat and skin, cooked, fried, batter",,,POULTRY,331.0,21.97,10.25,21.91,,USDA_FDC_SR_LEGACY,5049,2018-04,True,
"Chicken, broilers or fryers, back, meat and skin, cooked, fried, flour",,,POULTRY,331.0,27.79,6.5,20.74,,USDA_FDC_SR_LEGACY,5050,2018-04,True,
"Chicken, broilers or fryers, back, meat and skin, cooked, roasted",,,POULTRY,300.0,25.95,0.0,20.97,,USDA_FDC_SR_LEGACY,5051,2018-04,True,
"Chicken, broilers or fryers, back, meat and skin, cooked, stewed",,,POULTRY,258.0,22.18,0.0,18.14,,USDA_FDC_SR_LEGACY,5052,2018-04,True,
"Chicken, broilers or fryers, back, meat and skin, raw",,,POULTRY,319.0,14.05,0.0,28.74,,USDA_FDC_SR_LEGACY,5048,2018-04,True,
"Chicken, broilers or fryers, back, meat only, cooked, fried",,,POULTRY,288.0,29.99,5.68,15.32,,USDA_FDC_SR_LEGACY,5054,2018-04,True,
"Chicken, broilers or fryers, back, meat only, cooked, roasted",,,POULTRY,239.0,28.19,0.0,13.16,,USDA_FDC_SR_LEGACY,5055,2018-04,True,
"Chicken, broilers or fryers, back, meat only, cooked, stewed",,,POULTRY,209.0,25.31,0.0,11.19,,USDA_FDC_SR_LEGACY,5056,2018-04,True,
"Chicken, broilers or fryers, back, meat only, raw",,,POULTRY,137.0,19.56,0.0,5.92,,USDA_FDC_SR_LEGACY,5053,2018-04,True,
"Chicken, broilers or fryers, breast, meat and skin, cooked, fried, batter",,,POULTRY,260.0,24.84,8.99,13.2,,USDA_FDC_SR_LEGACY,5058,2018-04,True,
"Chicken, broilers or fryers, breast, meat and skin, cooked, fried, flour",,,POULTRY,222.0,31.84,1.64,8.87,,USDA_FDC_SR_LEGACY,5059,2018-04,True,
"Chicken, broilers or fryers, breast, meat and skin, cooked, roasted",,,POULTRY,197.0,29.8,0.0,7.78,,USDA_FDC_SR_LEGACY,5060,2018-04,True,
"Chicken, broilers or fryers, breast, meat and skin, cooked, stewed",,,POULTRY,184.0,27.39,0.0,7.42,,USDA_FDC_SR_LEGACY,5061,2018-04,True,
"Chicken, broilers or fryers, breast, meat and skin, raw",,,POULTRY,172.0,20.85,0.0,9.25,,USDA_FDC_SR_LEGACY,5057,2018-04,True,
"Chicken, broilers or fryers, breast, meat only, cooked, fried",,,POULTRY,187.0,33.44,0.51,4.71,,USDA_FDC_SR_LEGACY,5063,2018-04,True,
"Chicken, broilers or fryers, breast, meat only, cooked, roasted",,,POULTRY,165.0,31.02,0.0,3.57,,USDA_FDC_SR_LEGACY,5064,2018-04,True,
"Chicken, broilers or fryers, breast, meat only, cooked, stewed",,,POULTRY,151.0,28.98,0.0,3.03,,USDA_FDC_SR_LEGACY,5065,2018-04,True,
"Chicken, broilers or fryers, breast, skinless, boneless, meat only, with added solution, raw",,,POULTRY,108.0,20.32,0.0,3.0,,USDA_FDC_SR_LEGACY,5314,2018-04,True,
"Chicken, broilers or fryers, dark meat, drumstick, meat and skin, cooked, braised",,,POULTRY,187.0,22.72,0.0,10.73,,USDA_FDC_SR_LEGACY,5676,2018-04,True,
"Chicken, broilers or fryers, dark meat, drumstick, meat only, cooked, braised",,,POULTRY,149.0,23.93,0.0,5.95,,USDA_FDC_SR_LEGACY,5671,2018-04,True,
"Chicken, broilers or fryers, dark meat, drumstick, meat only, cooked, roasted",,,POULTRY,155.0,24.24,0.0,5.7,,USDA_FDC_SR_LEGACY,5073,2018-04,True,
"Chicken, broilers or fryers, dark meat, drumstick, meat only, raw",,,POULTRY,116.0,19.41,0.0,3.71,,USDA_FDC_SR_LEGACY,5071,2018-04,True,
"Chicken, broilers or fryers, dark meat, meat and skin, cooked, fried, batter",,,POULTRY,298.0,21.85,9.38,18.64,,USDA_FDC_SR_LEGACY,5035,2018-04,True,
"Chicken, broilers or fryers, dark meat, meat and skin, cooked, fried, flour",,,POULTRY,285.0,27.22,4.08,16.91,,USDA_FDC_SR_LEGACY,5036,2018-04,True,
"Chicken, broilers or fryers, dark meat, meat and skin, cooked, roasted",,,POULTRY,253.0,25.97,0.0,15.78,,USDA_FDC_SR_LEGACY,5037,2018-04,True,
"Chicken, broilers or fryers, dark meat, meat and skin, cooked, stewed",,,POULTRY,233.0,23.5,0.0,14.66,,USDA_FDC_SR_LEGACY,5038,2018-04,True,
"Chicken, broilers or fryers, dark meat, meat and skin, raw",,,POULTRY,237.0,16.69,0.0,18.34,,USDA_FDC_SR_LEGACY,5034,2018-04,True,
"Chicken, broilers or fryers, dark meat, meat only, cooked, fried",,,POULTRY,239.0,28.99,2.59,11.62,,USDA_FDC_SR_LEGACY,5044,2018-04,True,
"Chicken, broilers or fryers, dark meat, meat only, cooked, roasted",,,POULTRY,205.0,27.37,0.0,9.73,,USDA_FDC_SR_LEGACY,5045,2018-04,True,
"Chicken, broilers or fryers, dark meat, meat only, cooked, stewed",,,POULTRY,192.0,25.97,0.0,8.98,,USDA_FDC_SR_LEGACY,5046,2018-04,True,
"Chicken, broilers or fryers, dark meat, meat only, raw",,,POULTRY,125.0,20.08,0.0,4.31,,USDA_FDC_SR_LEGACY,5043,2018-04,True,
"Chicken, broilers or fryers, dark meat, thigh, meat and skin, cooked, braised",,,POULTRY,229.0,22.57,0.0,15.43,,USDA_FDC_SR_LEGACY,5677,2018-04,True,
"Chicken, broilers or fryers, dark meat, thigh, meat only, cooked, braised",,,POULTRY,176.0,24.55,0.0,8.63,,USDA_FDC_SR_LEGACY,5672,2018-04,True,
"Chicken, broilers or fryers, dark meat, thigh, meat only, raw",,,POULTRY,121.0,19.66,0.0,4.12,,USDA_FDC_SR_LEGACY,5096,2018-04,True,
"Chicken, broilers or fryers, drumstick, meat and skin, cooked, fried, batter",,,POULTRY,268.0,21.95,8.28,15.75,,USDA_FDC_SR_LEGACY,5067,2018-04,True,
"Chicken, broilers or fryers, drumstick, meat and skin, cooked, fried, flour",,,POULTRY,245.0,26.96,1.63,13.72,,USDA_FDC_SR_LEGACY,5068,2018-04,True,
"Chicken, broilers or fryers, drumstick, meat and skin, cooked, roasted",,,POULTRY,191.0,23.35,0.0,10.15,,USDA_FDC_SR_LEGACY,5069,2018-04,True,
"Chicken, broilers or fryers, drumstick, meat and skin, cooked, stewed",,,POULTRY,204.0,25.32,0.0,10.64,,USDA_FDC_SR_LEGACY,5070,2018-04,True,
"Chicken, broilers or fryers, drumstick, meat and skin, raw",,,POULTRY,161.0,18.08,0.11,9.2,,USDA_FDC_SR_LEGACY,5066,2018-04,True,
"Chicken, broilers or fryers, drumstick, meat only, cooked, braised",,,POULTRY,156.0,23.9,0.0,5.95,,USDA_FDC_FOUNDATION,5671,2026-04-30,True,
"Chicken, broilers or fryers, drumstick, meat only, cooked, fried",,,POULTRY,195.0,28.62,0.0,8.08,,USDA_FDC_SR_LEGACY,5072,2018-04,True,
"Chicken, broilers or fryers, drumstick, meat only, cooked, stewed",,,POULTRY,169.0,27.5,0.0,5.71,,USDA_FDC_SR_LEGACY,5074,2018-04,True,
"Chicken, broilers or fryers, drumstick, rotisserie, original seasoning, meat only, cooked",,,POULTRY,176.0,28.74,0.0,6.81,,USDA_FDC_SR_LEGACY,5343,2018-04,True,
"Chicken, broilers or fryers, giblets, cooked, fried",,,POULTRY,277.0,32.54,4.35,13.46,,USDA_FDC_SR_LEGACY,5021,2018-04,True,
"Chicken, broilers or fryers, giblets, cooked, simmered",,,POULTRY,157.0,27.15,0.0,4.5,,USDA_FDC_SR_LEGACY,5022,2018-04,True,
"Chicken, broilers or fryers, giblets, raw",,,POULTRY,124.0,17.88,1.8,4.47,,USDA_FDC_SR_LEGACY,5020,2018-04,True,
"Chicken, broilers or fryers, leg, meat and skin, cooked, fried, batter",,,POULTRY,273.0,21.77,8.72,16.17,,USDA_FDC_SR_LEGACY,5076,2018-04,True,
"Chicken, broilers or fryers, leg, meat and skin, cooked, fried, flour",,,POULTRY,254.0,26.84,2.5,14.43,,USDA_FDC_SR_LEGACY,5077,2018-04,True,
"Chicken, broilers or fryers, leg, meat and skin, cooked, roasted",,,POULTRY,184.0,24.03,0.0,8.99,,USDA_FDC_SR_LEGACY,5078,2018-04,True,
"Chicken, broilers or fryers, leg, meat and skin, cooked, stewed",,,POULTRY,220.0,24.17,0.0,12.92,,USDA_FDC_SR_LEGACY,5079,2018-04,True,
"Chicken, broilers or fryers, leg, meat and skin, raw",,,POULTRY,214.0,16.37,0.17,15.95,,USDA_FDC_SR_LEGACY,5075,2018-04,True,
"Chicken, broilers or fryers, leg, meat only, cooked, fried",,,POULTRY,208.0,28.38,0.65,9.32,,USDA_FDC_SR_LEGACY,5081,2018-04,True,
"Chicken, broilers or fryers, leg, meat only, cooked, roasted",,,POULTRY,174.0,24.22,0.0,7.8,,USDA_FDC_SR_LEGACY,5082,2018-04,True,
"Chicken, broilers or fryers, leg, meat only, cooked, stewed",,,POULTRY,185.0,26.26,0.0,8.06,,USDA_FDC_SR_LEGACY,5083,2018-04,True,
"Chicken, broilers or fryers, leg, meat only, raw",,,POULTRY,120.0,19.16,0.0,4.22,,USDA_FDC_SR_LEGACY,5080,2018-04,True,
"Chicken, broilers or fryers, light meat, meat and skin, cooked, fried, batter",,,POULTRY,277.0,23.55,9.5,15.44,,USDA_FDC_SR_LEGACY,5030,2018-04,True,
"Chicken, broilers or fryers, light meat, meat and skin, cooked, fried, flour",,,POULTRY,246.0,30.45,1.82,12.09,,USDA_FDC_SR_LEGACY,5031,2018-04,True,
"Chicken, broilers or fryers, light meat, meat and skin, cooked, roasted",,,POULTRY,222.0,29.02,0.0,10.85,,USDA_FDC_SR_LEGACY,5032,2018-04,True,
"Chicken, broilers or fryers, light meat, meat and skin, cooked, stewed",,,POULTRY,201.0,26.14,0.0,9.97,,USDA_FDC_SR_LEGACY,5033,2018-04,True,
"Chicken, broilers or fryers, light meat, meat and skin, raw",,,POULTRY,186.0,20.27,0.0,11.07,,USDA_FDC_SR_LEGACY,5029,2018-04,True,
"Chicken, broilers or fryers, light meat, meat only, cooked, fried",,,POULTRY,192.0,32.82,0.42,5.54,,USDA_FDC_SR_LEGACY,5040,2018-04,True,
"Chicken, broilers or fryers, light meat, meat only, cooked, roasted",,,POULTRY,173.0,30.91,0.0,4.51,,USDA_FDC_SR_LEGACY,5041,2018-04,True,
"Chicken, broilers or fryers, light meat, meat only, cooked, stewed",,,POULTRY,159.0,28.88,0.0,3.99,,USDA_FDC_SR_LEGACY,5042,2018-04,True,
"Chicken, broilers or fryers, light meat, meat only, raw",,,POULTRY,114.0,23.2,0.0,1.65,,USDA_FDC_SR_LEGACY,5039,2018-04,True,
"Chicken, broilers or fryers, meat and skin and giblets and neck, cooked, fried, batter",,,POULTRY,291.0,22.84,9.03,17.53,,USDA_FDC_SR_LEGACY,5002,2018-04,True,
"Chicken, broilers or fryers, meat and skin and giblets and neck, cooked, fried, flour",,,POULTRY,272.0,28.57,3.27,15.27,,USDA_FDC_SR_LEGACY,5003,2018-04,True,
"Chicken, broilers or fryers, meat and skin and giblets and neck, raw",,,POULTRY,213.0,18.33,0.13,14.83,,USDA_FDC_SR_LEGACY,5001,2018-04,True,
"Chicken, broilers or fryers, meat and skin and giblets and neck, roasted",,,POULTRY,234.0,26.78,0.06,13.27,,USDA_FDC_SR_LEGACY,5004,2018-04,True,
"Chicken, broilers or fryers, meat and skin and giblets and neck, stewed",,,POULTRY,216.0,24.49,0.06,12.37,,USDA_FDC_SR_LEGACY,5005,2018-04,True,
"Chicken, broilers or fryers, meat and skin, cooked, fried, batter",,,POULTRY,289.0,22.54,9.42,17.35,,USDA_FDC_SR_LEGACY,5007,2018-04,True,
"Chicken, broilers or fryers, meat and skin, cooked, fried, flour",,,POULTRY,269.0,28.56,3.15,14.92,,USDA_FDC_SR_LEGACY,5008,2018-04,True,
"Chicken, broilers or fryers, meat and skin, cooked, roasted",,,POULTRY,239.0,27.3,0.0,13.6,,USDA_FDC_SR_LEGACY,5009,2018-04,True,
"Chicken, broilers or fryers, meat and skin, cooked, stewed",,,POULTRY,219.0,24.68,0.0,12.56,,USDA_FDC_SR_LEGACY,5010,2018-04,True,
"Chicken, broilers or fryers, meat and skin, raw",,,POULTRY,215.0,18.6,0.0,15.06,,USDA_FDC_SR_LEGACY,5006,2018-04,True,
"Chicken, broilers or fryers, meat only, cooked, fried",,,POULTRY,219.0,30.57,1.69,9.12,,USDA_FDC_SR_LEGACY,5012,2018-04,True,
"Chicken, broilers or fryers, meat only, cooked, roasted",,,POULTRY,190.0,28.93,0.0,7.41,,USDA_FDC_SR_LEGACY,5013,2018-04,True,
"Chicken, broilers or fryers, meat only, cooked, stewed",,,POULTRY,177.0,27.29,0.0,6.71,,USDA_FDC_SR_LEGACY,5014,2018-04,True,
"Chicken, broilers or fryers, meat only, raw",,,POULTRY,119.0,21.39,0.0,3.08,,USDA_FDC_SR_LEGACY,5011,2018-04,True,
"Chicken, broilers or fryers, neck, meat and skin, cooked simmered",,,POULTRY,247.0,19.61,0.0,18.1,,USDA_FDC_SR_LEGACY,5087,2018-04,True,
"Chicken, broilers or fryers, neck, meat and skin, cooked, fried, batter",,,POULTRY,330.0,19.82,8.7,23.52,,USDA_FDC_SR_LEGACY,5085,2018-04,True,
"Chicken, broilers or fryers, neck, meat and skin, cooked, fried, flour",,,POULTRY,332.0,24.01,4.24,23.61,,USDA_FDC_SR_LEGACY,5086,2018-04,True,
"Chicken, broilers or fryers, neck, meat and skin, raw",,,POULTRY,297.0,14.07,0.0,26.24,,USDA_FDC_SR_LEGACY,5084,2018-04,True,
"Chicken, broilers or fryers, neck, meat only, cooked, fried",,,POULTRY,229.0,26.87,1.77,11.88,,USDA_FDC_SR_LEGACY,5089,2018-04,True,
"Chicken, broilers or fryers, neck, meat only, cooked, simmered",,,POULTRY,179.0,24.56,0.0,8.18,,USDA_FDC_SR_LEGACY,5090,2018-04,True,
"Chicken, broilers or fryers, neck, meat only, raw",,,POULTRY,154.0,17.55,0.0,8.78,,USDA_FDC_SR_LEGACY,5088,2018-04,True,
"Chicken, broilers or fryers, rotisserie, original seasoning, back, meat and skin, cooked",,,POULTRY,260.0,23.23,0.03,18.59,,USDA_FDC_SR_LEGACY,5347,2018-04,True,
"Chicken, broilers or fryers, rotisserie, original seasoning, back, meat only, cooked",,,POULTRY,205.0,25.34,0.0,11.54,,USDA_FDC_SR_LEGACY,5341,2018-04,True,
"Chicken, broilers or fryers, rotisserie, original seasoning, breast, meat and skin, cooked",,,POULTRY,184.0,27.48,0.02,8.18,,USDA_FDC_SR_LEGACY,5348,2018-04,True,
"Chicken, broilers or fryers, rotisserie, original seasoning, breast, meat only, cooked",,,POULTRY,137.0,28.0,0.0,2.79,,USDA_FDC_SR_LEGACY,5342,2018-04,True,
"Chicken, broilers or fryers, rotisserie, original seasoning, drumstick, meat and skin, cooked",,,POULTRY,215.0,26.86,0.02,11.98,,USDA_FDC_SR_LEGACY,5349,2018-04,True,
"Chicken, broilers or fryers, rotisserie, original seasoning, skin only, cooked",,,POULTRY,406.0,17.66,0.11,37.24,,USDA_FDC_SR_LEGACY,5344,2018-04,True,
"Chicken, broilers or fryers, rotisserie, original seasoning, thigh, meat and skin, cooked",,,POULTRY,233.0,22.93,0.02,15.7,,USDA_FDC_SR_LEGACY,5351,2018-04,True,
"Chicken, broilers or fryers, rotisserie, original seasoning, thigh, meat only, cooked",,,POULTRY,196.0,24.06,0.0,11.09,,USDA_FDC_SR_LEGACY,5345,2018-04,True,
"Chicken, broilers or fryers, rotisserie, original seasoning, wing, meat and skin, cooked",,,POULTRY,266.0,24.34,0.04,18.77,,USDA_FDC_SR_LEGACY,5352,2018-04,True,
"Chicken, broilers or fryers, rotisserie, original seasoning, wing, meat only, cooked",,,POULTRY,197.0,27.69,0.0,9.53,,USDA_FDC_SR_LEGACY,5346,2018-04,True,
"Chicken, broilers or fryers, separable fat, raw",,,POULTRY,629.0,3.73,0.0,67.95,,USDA_FDC_SR_LEGACY,5047,2018-04,True,
"Chicken, broilers or fryers, skin only, cooked, fried, batter",,,POULTRY,394.0,10.32,23.15,28.83,,USDA_FDC_SR_LEGACY,5016,2018-04,True,
"Chicken, broilers or fryers, skin only, cooked, fried, flour",,,POULTRY,502.0,19.09,9.34,42.58,,USDA_FDC_SR_LEGACY,5017,2018-04,True,
"Chicken, broilers or fryers, skin only, cooked, roasted",,,POULTRY,454.0,20.36,0.0,40.68,,USDA_FDC_SR_LEGACY,5018,2018-04,True,
"Chicken, broilers or fryers, skin only, cooked, stewed",,,POULTRY,363.0,15.22,0.0,33.04,,USDA_FDC_SR_LEGACY,5019,2018-04,True,
"Chicken, broilers or fryers, skin only, raw",,,POULTRY,349.0,13.33,0.0,32.35,,USDA_FDC_SR_LEGACY,5015,2018-04,True,
"Chicken, broilers or fryers, thigh, meat and skin, cooked, fried, batter",,,POULTRY,277.0,21.61,9.08,16.53,,USDA_FDC_SR_LEGACY,5092,2018-04,True,
"Chicken, broilers or fryers, thigh, meat and skin, cooked, fried, flour",,,POULTRY,262.0,26.75,3.18,14.98,,USDA_FDC_SR_LEGACY,5093,2018-04,True,
"Chicken, broilers or fryers, thigh, meat and skin, cooked, roasted",,,POULTRY,232.0,23.26,0.0,14.71,,USDA_FDC_SR_LEGACY,5094,2018-04,True,
"Chicken, broilers or fryers, thigh, meat and skin, cooked, stewed",,,POULTRY,232.0,23.26,0.0,14.74,,USDA_FDC_SR_LEGACY,5095,2018-04,True,
"Chicken, broilers or fryers, thigh, meat and skin, raw",,,POULTRY,221.0,16.52,0.25,16.61,,USDA_FDC_SR_LEGACY,5091,2018-04,True,
"Chicken, broilers or fryers, thigh, meat only, cooked, fried",,,POULTRY,218.0,28.18,1.18,10.3,,USDA_FDC_SR_LEGACY,5097,2018-04,True,
"Chicken, broilers or fryers, thigh, meat only, cooked, roasted",,,POULTRY,179.0,24.76,0.0,8.15,,USDA_FDC_SR_LEGACY,5098,2018-04,True,
"Chicken, broilers or fryers, thigh, meat only, cooked, stewed",,,POULTRY,195.0,25.0,0.0,9.79,,USDA_FDC_SR_LEGACY,5099,2018-04,True,
"Chicken, broilers or fryers, wing, meat and skin, cooked, fried, batter",,,POULTRY,324.0,19.87,10.94,21.81,,USDA_FDC_SR_LEGACY,5101,2018-04,True,
"Chicken, broilers or fryers, wing, meat and skin, cooked, fried, flour",,,POULTRY,321.0,26.11,2.39,22.16,,USDA_FDC_SR_LEGACY,5102,2018-04,True,
"Chicken, broilers or fryers, wing, meat and skin, cooked, roasted",,,POULTRY,254.0,23.79,0.0,16.87,,USDA_FDC_SR_LEGACY,5103,2018-04,True,
"Chicken, broilers or fryers, wing, meat and skin, cooked, stewed",,,POULTRY,249.0,22.78,0.0,16.82,,USDA_FDC_SR_LEGACY,5104,2018-04,True,
"Chicken, broilers or fryers, wing, meat and skin, raw",,,POULTRY,191.0,17.52,0.0,12.85,,USDA_FDC_SR_LEGACY,5100,2018-04,True,
"Chicken, broilers or fryers, wing, meat only, cooked, fried",,,POULTRY,211.0,30.15,0.0,9.15,,USDA_FDC_SR_LEGACY,5106,2018-04,True,
"Chicken, broilers or fryers, wing, meat only, cooked, roasted",,,POULTRY,203.0,30.46,0.0,8.13,,USDA_FDC_SR_LEGACY,5107,2018-04,True,
"Chicken, broilers or fryers, wing, meat only, cooked, stewed",,,POULTRY,181.0,27.18,0.0,7.18,,USDA_FDC_SR_LEGACY,5108,2018-04,True,
"Chicken, broilers or fryers, wing, meat only, raw",,,POULTRY,126.0,21.97,0.0,3.54,,USDA_FDC_SR_LEGACY,5105,2018-04,True,
"Chicken, canned, meat only, with broth",,,POULTRY,165.0,21.77,0.0,7.95,,USDA_FDC_SR_LEGACY,5277,2018-04,True,
"Chicken, canned, no broth",,,POULTRY,185.0,25.3,0.9,8.1,,USDA_FDC_SR_LEGACY,5311,2018-04,True,
"Chicken, capons, giblets, cooked, simmered",,,POULTRY,164.0,26.39,0.76,5.4,,USDA_FDC_SR_LEGACY,5138,2018-04,True,
"Chicken, capons, giblets, raw",,,POULTRY,130.0,18.28,1.42,5.18,,USDA_FDC_SR_LEGACY,5137,2018-04,True,
"Chicken, capons, meat and skin and giblets and neck, cooked, roasted",,,POULTRY,226.0,28.35,0.04,11.67,,USDA_FDC_SR_LEGACY,5134,2018-04,True,
"Chicken, capons, meat and skin and giblets and neck, raw",,,POULTRY,232.0,18.51,0.08,16.9,,USDA_FDC_SR_LEGACY,5133,2018-04,True,
"Chicken, capons, meat and skin, cooked, roasted",,,POULTRY,229.0,28.96,0.0,11.65,,USDA_FDC_SR_LEGACY,5136,2018-04,True,
"Chicken, capons, meat and skin, raw",,,POULTRY,234.0,18.77,0.0,17.07,,USDA_FDC_SR_LEGACY,5135,2018-04,True,
"Chicken, cornish game hens, meat and skin, cooked, roasted",,,POULTRY,259.0,22.27,0.0,18.21,,USDA_FDC_SR_LEGACY,5308,2018-04,True,
"Chicken, cornish game hens, meat and skin, raw",,,POULTRY,200.0,17.15,0.0,14.02,,USDA_FDC_SR_LEGACY,5307,2018-04,True,
"Chicken, cornish game hens, meat only, cooked, roasted",,,POULTRY,134.0,23.3,0.0,3.87,,USDA_FDC_SR_LEGACY,5310,2018-04,True,
"Chicken, cornish game hens, meat only, raw",,,POULTRY,116.0,20.04,0.0,3.33,,USDA_FDC_SR_LEGACY,5309,2018-04,True,
"Chicken, dark meat, drumstick, meat and skin, with added solution, cooked, braised",,,POULTRY,183.0,21.55,0.13,10.71,,USDA_FDC_SR_LEGACY,5687,2018-04,True,
"Chicken, dark meat, drumstick, meat and skin, with added solution, cooked, roasted",,,POULTRY,180.0,24.72,0.05,9.0,,USDA_FDC_SR_LEGACY,5689,2018-04,True,
"Chicken, dark meat, drumstick, meat and skin, with added solution, raw",,,POULTRY,146.0,18.03,0.0,8.24,,USDA_FDC_SR_LEGACY,5688,2018-04,True,
"Chicken, dark meat, drumstick, meat only, with added solution, cooked, braised",,,POULTRY,149.0,22.99,0.0,6.33,,USDA_FDC_SR_LEGACY,5680,2018-04,True,
"Chicken, dark meat, drumstick, meat only, with added solution, cooked, roasted",,,POULTRY,146.0,25.34,0.0,5.0,,USDA_FDC_SR_LEGACY,5679,2018-04,True,
"Chicken, dark meat, drumstick, meat only, with added solution, raw",,,POULTRY,106.0,19.19,0.0,3.26,,USDA_FDC_SR_LEGACY,5678,2018-04,True,
"Chicken, dark meat, thigh, meat and skin, with added solution, cooked, braised",,,POULTRY,215.0,20.7,0.21,14.62,,USDA_FDC_SR_LEGACY,5690,2018-04,True,
"Chicken, dark meat, thigh, meat and skin, with added solution, cooked, roasted",,,POULTRY,214.0,23.47,0.09,13.81,,USDA_FDC_SR_LEGACY,5692,2018-04,True,
"Chicken, dark meat, thigh, meat and skin, with added solution, raw",,,POULTRY,197.0,16.56,0.0,14.58,,USDA_FDC_SR_LEGACY,5691,2018-04,True,
"Chicken, dark meat, thigh, meat only, with added solution, cooked, braised",,,POULTRY,164.0,23.0,0.0,7.96,,USDA_FDC_SR_LEGACY,5681,2018-04,True,
"Chicken, dark meat, thigh, meat only, with added solution, cooked, roasted",,,POULTRY,164.0,24.23,0.0,7.73,,USDA_FDC_SR_LEGACY,5683,2018-04,True,
"Chicken, dark meat, thigh, meat only, with added solution, raw",,,POULTRY,110.0,19.11,0.0,3.69,,USDA_FDC_SR_LEGACY,5682,2018-04,True,
"Chicken, feet, boiled",,,POULTRY,215.0,19.4,0.2,14.6,,USDA_FDC_SR_LEGACY,5335,2018-04,True,
"Chicken, gizzard, all classes, cooked, simmered",,,POULTRY,154.0,30.39,0.0,2.68,,USDA_FDC_SR_LEGACY,5024,2018-04,True,
"Chicken, gizzard, all classes, raw",,,POULTRY,94.0,17.66,0.0,2.06,,USDA_FDC_SR_LEGACY,5023,2018-04,True,
"Chicken, ground, crumbles, cooked, pan-browned",,,POULTRY,189.0,23.28,0.0,10.92,,USDA_FDC_SR_LEGACY,5333,2018-04,True,
"Chicken, ground, raw",,,POULTRY,143.0,17.44,0.04,8.1,,USDA_FDC_SR_LEGACY,5332,2018-04,True,
"Chicken, ground, with additives, raw",,,POULTRY,138.13,17.91,0.0,7.16,,USDA_FDC_FOUNDATION,5332,2026-04-30,True,
"Chicken, heart, all classes, cooked, simmered",,,POULTRY,185.0,26.41,0.1,7.92,,USDA_FDC_SR_LEGACY,5026,2018-04,True,
"Chicken, heart, all classes, raw",,,POULTRY,153.0,15.55,0.71,9.33,,USDA_FDC_SR_LEGACY,5025,2018-04,True,
"Chicken, liver, all classes, cooked, pan-fried",,,POULTRY,172.0,25.78,1.11,6.43,,USDA_FDC_SR_LEGACY,5661,2018-04,True,
"Chicken, liver, all classes, cooked, simmered",,,POULTRY,167.0,24.46,0.87,6.51,,USDA_FDC_SR_LEGACY,5028,2018-04,True,
"Chicken, liver, all classes, raw",,,POULTRY,119.0,16.92,0.73,4.83,,USDA_FDC_SR_LEGACY,5027,2018-04,True,
"Chicken, roasting, dark meat, meat only, cooked, roasted",,,POULTRY,178.0,23.25,0.0,8.75,,USDA_FDC_SR_LEGACY,5120,2018-04,True,
"Chicken, roasting, dark meat, meat only, raw",,,POULTRY,113.0,18.74,0.0,3.61,,USDA_FDC_SR_LEGACY,5119,2018-04,True,
"Chicken, roasting, giblets, cooked, simmered",,,POULTRY,165.0,26.77,0.86,5.22,,USDA_FDC_SR_LEGACY,5116,2018-04,True,
"Chicken, roasting, giblets, raw",,,POULTRY,127.0,18.14,1.14,5.04,,USDA_FDC_SR_LEGACY,5115,2018-04,True,
"Chicken, roasting, light meat, meat only, cooked, roasted",,,POULTRY,153.0,27.13,0.0,4.07,,USDA_FDC_SR_LEGACY,5118,2018-04,True,
"Chicken, roasting, light meat, meat only, raw",,,POULTRY,109.0,22.2,0.0,1.63,,USDA_FDC_SR_LEGACY,5117,2018-04,True,
"Chicken, roasting, meat and skin and giblets and neck, cooked, roasted",,,POULTRY,220.0,23.96,0.05,13.07,,USDA_FDC_SR_LEGACY,5110,2018-04,True,
"Chicken, roasting, meat and skin and giblets and neck, raw",,,POULTRY,213.0,17.09,0.09,15.46,,USDA_FDC_SR_LEGACY,5109,2018-04,True,
"Chicken, roasting, meat and skin, cooked, roasted",,,POULTRY,223.0,23.97,0.0,13.39,,USDA_FDC_SR_LEGACY,5112,2018-04,True,
"Chicken, roasting, meat only, cooked, roasted",,,POULTRY,167.0,25.01,0.0,6.63,,USDA_FDC_SR_LEGACY,5114,2018-04,True,
"Chicken, roasting, meat only, raw",,,POULTRY,111.0,20.33,0.0,2.7,,USDA_FDC_SR_LEGACY,5113,2018-04,True,
"Chicken, skin (drumsticks and thighs), cooked, braised",,,POULTRY,443.0,14.61,0.0,42.76,,USDA_FDC_SR_LEGACY,5673,2018-04,True,
"Chicken, skin (drumsticks and thighs), cooked, roasted",,,POULTRY,462.0,16.57,0.0,43.99,,USDA_FDC_SR_LEGACY,5675,2018-04,True,
"Chicken, skin (drumsticks and thighs), raw",,,POULTRY,440.0,9.58,0.79,44.23,,USDA_FDC_SR_LEGACY,5674,2018-04,True,
"Chicken, skin (drumsticks and thighs), with added solution, cooked, braised",,,POULTRY,403.0,12.26,1.0,38.94,,USDA_FDC_SR_LEGACY,5684,2018-04,True,
"Chicken, skin (drumsticks and thighs), with added solution, cooked, roasted",,,POULTRY,421.0,20.31,0.44,37.6,,USDA_FDC_SR_LEGACY,5686,2018-04,True,
"Chicken, skin (drumsticks and thighs), with added solution, raw",,,POULTRY,386.0,11.11,0.01,37.9,,USDA_FDC_SR_LEGACY,5685,2018-04,True,
"Chicken, stewing, dark meat, meat only, cooked, stewed",,,POULTRY,258.0,28.14,0.0,15.28,,USDA_FDC_SR_LEGACY,5132,2018-04,True,
"Chicken, stewing, dark meat, meat only, raw",,,POULTRY,157.0,19.7,0.0,8.12,,USDA_FDC_SR_LEGACY,5131,2018-04,True,
"Chicken, stewing, giblets, cooked, simmered",,,POULTRY,194.0,25.73,0.11,9.3,,USDA_FDC_SR_LEGACY,5128,2018-04,True,
"Chicken, stewing, giblets, raw",,,POULTRY,168.0,17.89,2.13,9.21,,USDA_FDC_SR_LEGACY,5127,2018-04,True,
"Chicken, stewing, light meat, meat only, cooked, stewed",,,POULTRY,213.0,33.04,0.0,7.98,,USDA_FDC_SR_LEGACY,5130,2018-04,True,
"Chicken, stewing, light meat, meat only, raw",,,POULTRY,137.0,23.1,0.0,4.21,,USDA_FDC_SR_LEGACY,5129,2018-04,True,
"Chicken, stewing, meat and skin, and giblets and neck, cooked, stewed",,,POULTRY,214.0,24.88,0.0,11.91,,USDA_FDC_SR_LEGACY,5122,2018-04,True,
"Chicken, stewing, meat and skin, and giblets and neck, raw",,,POULTRY,251.0,17.48,0.19,19.52,,USDA_FDC_SR_LEGACY,5121,2018-04,True,
"Chicken, stewing, meat and skin, cooked, stewed",,,POULTRY,285.0,26.88,0.0,18.87,,USDA_FDC_SR_LEGACY,5124,2018-04,True,
"Chicken, stewing, meat and skin, raw",,,POULTRY,258.0,17.55,0.0,20.33,,USDA_FDC_SR_LEGACY,5123,2018-04,True,
"Chicken, stewing, meat only, cooked, stewed",,,POULTRY,237.0,30.42,0.0,11.89,,USDA_FDC_SR_LEGACY,5126,2018-04,True,
"Chicken, stewing, meat only, raw",,,POULTRY,148.0,21.26,0.0,6.32,,USDA_FDC_SR_LEGACY,5125,2018-04,True,
"Chicken, thigh, boneless, skinless, raw",,,POULTRY,149.31,18.61,0.0,7.92,,USDA_FDC_FOUNDATION,100305,2026-04-30,True,
"Chicken, wing, frozen, glazed, barbecue flavored",,,POULTRY,211.0,19.67,3.34,12.67,,USDA_FDC_SR_LEGACY,5312,2018-04,True,
"Chicken, wing, frozen, glazed, barbecue flavored, heated (conventional oven)",,,POULTRY,242.0,22.24,3.36,14.87,,USDA_FDC_SR_LEGACY,5320,2018-04,True,
"Chicken, wing, frozen, glazed, barbecue flavored, heated (microwave)",,,POULTRY,248.0,25.34,3.84,13.9,,USDA_FDC_SR_LEGACY,5313,2018-04,True,
"Dove, cooked (includes squab)",,,POULTRY,213.0,23.9,0.0,13.0,,USDA_FDC_SR_LEGACY,43287,2018-04,True,
"Duck, domesticated, liver, raw",,,POULTRY,136.0,18.74,3.53,4.64,,USDA_FDC_SR_LEGACY,5143,2018-04,True,
"Duck, domesticated, meat and skin, cooked, roasted",,,POULTRY,337.0,18.99,0.0,28.35,,USDA_FDC_SR_LEGACY,5140,2018-04,True,
"Duck, domesticated, meat and skin, raw",,,POULTRY,404.0,11.49,0.0,39.34,,USDA_FDC_SR_LEGACY,5139,2018-04,True,
"Duck, domesticated, meat only, cooked, roasted",,,POULTRY,201.0,23.48,0.0,11.2,,USDA_FDC_SR_LEGACY,5142,2018-04,True,
"Duck, domesticated, meat only, raw",,,POULTRY,135.0,18.28,0.94,5.95,,USDA_FDC_SR_LEGACY,5141,2018-04,True,
"Duck, wild, breast, meat only, raw",,,POULTRY,123.0,19.85,0.0,4.25,,USDA_FDC_SR_LEGACY,5145,2018-04,True,
"Duck, wild, meat and skin, raw",,,POULTRY,211.0,17.42,0.0,15.2,,USDA_FDC_SR_LEGACY,5144,2018-04,True,
"Duck, young duckling, domesticated, White Pekin, breast, meat and skin, boneless, cooked, roasted",,,POULTRY,202.0,24.5,0.0,10.85,,USDA_FDC_SR_LEGACY,5315,2018-04,True,
"Duck, young duckling, domesticated, White Pekin, breast, meat only, boneless, cooked without skin, broiled",,,POULTRY,140.0,27.6,0.0,2.5,,USDA_FDC_SR_LEGACY,5316,2018-04,True,
"Duck, young duckling, domesticated, White Pekin, leg, meat and skin, bone in, cooked, roasted",,,POULTRY,217.0,26.75,0.0,11.4,,USDA_FDC_SR_LEGACY,5317,2018-04,True,
"Duck, young duckling, domesticated, White Pekin, leg, meat only, bone in, cooked without skin, braised",,,POULTRY,178.0,29.1,0.0,5.96,,USDA_FDC_SR_LEGACY,5318,2018-04,True,
"Emu, fan fillet, cooked, broiled",,,POULTRY,154.0,31.27,0.0,2.3,,USDA_FDC_SR_LEGACY,5624,2018-04,True,
"Emu, fan fillet, raw",,,POULTRY,103.0,22.5,0.0,0.8,,USDA_FDC_SR_LEGACY,5623,2018-04,True,
"Emu, flat fillet, raw",,,POULTRY,102.0,22.25,0.0,0.74,,USDA_FDC_SR_LEGACY,5625,2018-04,True,
"Emu, full rump, cooked, broiled",,,POULTRY,168.0,33.67,0.0,2.68,,USDA_FDC_SR_LEGACY,5627,2018-04,True,
"Emu, full rump, raw",,,POULTRY,112.0,22.83,0.0,1.64,,USDA_FDC_SR_LEGACY,5626,2018-04,True,
"Emu, ground, cooked, pan-broiled",,,POULTRY,163.0,28.43,0.0,4.65,,USDA_FDC_SR_LEGACY,5622,2018-04,True,
"Emu, ground, raw",,,POULTRY,134.0,22.77,0.0,4.03,,USDA_FDC_SR_LEGACY,5621,2018-04,True,
"Emu, inside drum, raw",,,POULTRY,108.0,22.22,0.0,1.49,,USDA_FDC_SR_LEGACY,5628,2018-04,True,
"Emu, inside drums, cooked, broiled",,,POULTRY,156.0,32.38,0.0,2.01,,USDA_FDC_SR_LEGACY,5629,2018-04,True,
"Emu, outside drum, raw",,,POULTRY,103.0,23.08,0.0,0.48,,USDA_FDC_SR_LEGACY,5630,2018-04,True,
"Emu, oyster, raw",,,POULTRY,141.0,22.81,0.0,4.86,,USDA_FDC_SR_LEGACY,5631,2018-04,True,
"Emu, top loin, cooked, broiled",,,POULTRY,152.0,29.07,0.0,3.13,,USDA_FDC_SR_LEGACY,5632,2018-04,True,
"Goose, domesticated, meat and skin, cooked, roasted",,,POULTRY,305.0,25.16,0.0,21.92,,USDA_FDC_SR_LEGACY,5147,2018-04,True,
"Goose, domesticated, meat and skin, raw",,,POULTRY,371.0,15.86,0.0,33.62,,USDA_FDC_SR_LEGACY,5146,2018-04,True,
"Goose, domesticated, meat only, cooked, roasted",,,POULTRY,238.0,28.97,0.0,12.67,,USDA_FDC_SR_LEGACY,5149,2018-04,True,
"Goose, domesticated, meat only, raw",,,POULTRY,161.0,22.75,0.0,7.13,,USDA_FDC_SR_LEGACY,5148,2018-04,True,
"Goose, liver, raw",,,POULTRY,133.0,16.37,6.32,4.28,,USDA_FDC_SR_LEGACY,5150,2018-04,True,
"Guinea hen, meat and skin, raw",,,POULTRY,158.0,23.4,0.0,6.45,,USDA_FDC_SR_LEGACY,5151,2018-04,True,
"Guinea hen, meat only, raw",,,POULTRY,110.0,20.64,0.0,2.47,,USDA_FDC_SR_LEGACY,5152,2018-04,True,
"Ostrich, fan, raw",,,POULTRY,117.0,21.81,0.0,2.65,,USDA_FDC_SR_LEGACY,5643,2018-04,True,
"Ostrich, ground, cooked, pan-broiled",,,POULTRY,175.0,26.15,0.0,7.07,,USDA_FDC_SR_LEGACY,5642,2018-04,True,
"Ostrich, ground, raw",,,POULTRY,165.0,20.22,0.0,8.7,,USDA_FDC_SR_LEGACY,5641,2018-04,True,
"Ostrich, inside leg, cooked",,,POULTRY,141.0,29.01,0.0,1.94,,USDA_FDC_SR_LEGACY,5645,2018-04,True,
"Ostrich, inside leg, raw",,,POULTRY,111.0,22.39,0.0,1.72,,USDA_FDC_SR_LEGACY,5644,2018-04,True,
"Ostrich, inside strip, cooked",,,POULTRY,164.0,29.37,0.0,4.26,,USDA_FDC_SR_LEGACY,5647,2018-04,True,
"Ostrich, inside strip, raw",,,POULTRY,127.0,23.69,0.0,2.87,,USDA_FDC_SR_LEGACY,5646,2018-04,True,
"Ostrich, outside leg, raw",,,POULTRY,115.0,22.86,0.0,1.96,,USDA_FDC_SR_LEGACY,5648,2018-04,True,
"Ostrich, outside strip, cooked",,,POULTRY,156.0,28.55,0.0,3.83,,USDA_FDC_SR_LEGACY,5650,2018-04,True,
"Ostrich, outside strip, raw",,,POULTRY,120.0,23.36,0.0,2.21,,USDA_FDC_SR_LEGACY,5649,2018-04,True,
"Ostrich, oyster, cooked",,,POULTRY,159.0,28.81,0.0,3.97,,USDA_FDC_SR_LEGACY,5652,2018-04,True,
"Ostrich, oyster, raw",,,POULTRY,125.0,21.55,0.0,3.67,,USDA_FDC_SR_LEGACY,5651,2018-04,True,
"Ostrich, round, raw",,,POULTRY,116.0,21.99,0.0,2.4,,USDA_FDC_SR_LEGACY,5653,2018-04,True,
"Ostrich, tenderloin, raw",,,POULTRY,123.0,22.07,0.0,3.19,,USDA_FDC_SR_LEGACY,5654,2018-04,True,
"Ostrich, tip trimmed, cooked",,,POULTRY,145.0,28.49,0.0,2.57,,USDA_FDC_SR_LEGACY,5656,2018-04,True,
"Ostrich, tip trimmed, raw",,,POULTRY,114.0,21.85,0.0,2.3,,USDA_FDC_SR_LEGACY,5655,2018-04,True,
"Ostrich, top loin, cooked",,,POULTRY,155.0,28.12,0.0,3.87,,USDA_FDC_SR_LEGACY,5658,2018-04,True,
"Ostrich, top loin, raw",,,POULTRY,119.0,21.67,0.0,2.95,,USDA_FDC_SR_LEGACY,5657,2018-04,True,
"Pate de foie gras, canned (goose liver pate), smoked",,,POULTRY,462.0,11.4,4.67,43.84,,USDA_FDC_SR_LEGACY,5282,2018-04,True,
"Pheasant, breast, meat only, raw",,,POULTRY,133.0,24.37,0.0,3.25,,USDA_FDC_SR_LEGACY,5155,2018-04,True,
"Pheasant, cooked, total edible",,,POULTRY,239.0,32.4,0.0,12.1,,USDA_FDC_SR_LEGACY,43283,2018-04,True,
"Pheasant, leg, meat only, raw",,,POULTRY,134.0,22.2,0.0,4.3,,USDA_FDC_SR_LEGACY,5156,2018-04,True,
"Pheasant, raw, meat and skin",,,POULTRY,181.0,22.7,0.0,9.29,,USDA_FDC_SR_LEGACY,5153,2018-04,True,
"Pheasant, raw, meat only",,,POULTRY,133.0,23.57,0.0,3.64,,USDA_FDC_SR_LEGACY,5154,2018-04,True,
"Poultry, mechanically deboned, from backs and necks with skin, raw",,,POULTRY,272.0,11.39,0.0,24.73,,USDA_FDC_SR_LEGACY,5301,2018-04,True,
"Poultry, mechanically deboned, from backs and necks without skin, raw",,,POULTRY,199.0,13.79,0.0,15.48,,USDA_FDC_SR_LEGACY,5302,2018-04,True,
"Poultry, mechanically deboned, from mature hens, raw",,,POULTRY,243.0,14.72,0.0,19.98,,USDA_FDC_SR_LEGACY,5303,2018-04,True,
"Quail, breast, meat only, raw",,,POULTRY,123.0,22.59,0.0,2.99,,USDA_FDC_SR_LEGACY,5159,2018-04,True,
"Quail, cooked, total edible",,,POULTRY,227.0,25.1,0.0,14.1,,USDA_FDC_SR_LEGACY,43282,2018-04,True,
"Quail, meat and skin, raw",,,POULTRY,192.0,19.63,0.0,12.05,,USDA_FDC_SR_LEGACY,5157,2018-04,True,
"Quail, meat only, raw",,,POULTRY,134.0,21.76,0.0,4.53,,USDA_FDC_SR_LEGACY,5158,2018-04,True,
"Ruffed Grouse, breast meat, skinless, raw",,,POULTRY,112.0,25.94,0.0,0.88,,USDA_FDC_SR_LEGACY,5363,2018-04,True,
"Squab, (pigeon), light meat without skin, raw",,,POULTRY,134.0,21.76,0.0,4.52,,USDA_FDC_SR_LEGACY,5162,2018-04,True,
"Squab, (pigeon), meat and skin, raw",,,POULTRY,294.0,18.47,0.0,23.8,,USDA_FDC_SR_LEGACY,5160,2018-04,True,
"Squab, (pigeon), meat only, raw",,,POULTRY,142.0,17.5,0.0,7.5,,USDA_FDC_SR_LEGACY,5161,2018-04,True,
"Turkey and gravy, frozen",,,POULTRY,67.0,5.88,4.61,2.63,,USDA_FDC_SR_LEGACY,5286,2018-04,True,
"Turkey breast, pre-basted, meat and skin, cooked, roasted",,,POULTRY,126.0,22.16,0.0,3.46,,USDA_FDC_SR_LEGACY,5293,2018-04,True,
"Turkey from whole, light meat, meat and skin, with added solution, cooked, roasted",,,POULTRY,157.0,26.52,0.0,5.64,,USDA_FDC_SR_LEGACY,5703,2018-04,True,
"Turkey from whole, light meat, meat and skin, with added solution, raw",,,POULTRY,147.0,20.02,0.14,7.42,,USDA_FDC_SR_LEGACY,5702,2018-04,True,
"Turkey from whole, light meat, meat only, with added solution, cooked, roasted",,,POULTRY,127.0,26.97,0.0,2.08,,USDA_FDC_SR_LEGACY,5697,2018-04,True,
"Turkey from whole, light meat, meat only, with added solution, raw",,,POULTRY,101.0,21.54,0.0,1.66,,USDA_FDC_SR_LEGACY,5696,2018-04,True,
"Turkey roast, boneless, frozen, seasoned, light and dark meat, raw",,,POULTRY,120.0,17.6,6.4,2.2,,USDA_FDC_SR_LEGACY,5295,2018-04,True,
"Turkey sticks, breaded, battered, fried",,,POULTRY,279.0,14.2,17.0,16.9,,USDA_FDC_SR_LEGACY,5300,2018-04,True,
"Turkey thigh, pre-basted, meat and skin, cooked, roasted",,,POULTRY,157.0,18.8,0.0,8.54,,USDA_FDC_SR_LEGACY,5294,2018-04,True,
"Turkey, Ground, cooked",,,POULTRY,203.0,27.37,0.0,10.4,,USDA_FDC_SR_LEGACY,5306,2018-04,True,
"Turkey, Ground, raw",,,POULTRY,148.0,19.66,0.0,7.66,,USDA_FDC_SR_LEGACY,5305,2018-04,True,
"Turkey, all classes, back, meat and skin, cooked, roasted",,,POULTRY,244.0,26.59,0.16,14.38,,USDA_FDC_SR_LEGACY,5190,2018-04,True,
"Turkey, all classes, breast, meat and skin, cooked, roasted",,,POULTRY,189.0,28.71,0.0,7.41,,USDA_FDC_SR_LEGACY,5192,2018-04,True,
"Turkey, all classes, breast, meat and skin, raw",,,POULTRY,157.0,21.89,0.0,7.02,,USDA_FDC_SR_LEGACY,5191,2018-04,True,
"Turkey, all classes, gizzard, cooked, simmered",,,POULTRY,155.0,26.45,0.0,4.64,,USDA_FDC_SR_LEGACY,5174,2018-04,True,
"Turkey, all classes, heart, cooked, simmered",,,POULTRY,174.0,24.88,0.0,7.52,,USDA_FDC_SR_LEGACY,5176,2018-04,True,
"Turkey, all classes, heart, raw",,,POULTRY,140.0,16.7,0.4,7.44,,USDA_FDC_SR_LEGACY,5175,2018-04,True,
"Turkey, all classes, leg, meat and skin, cooked, roasted",,,POULTRY,208.0,27.87,0.0,9.82,,USDA_FDC_SR_LEGACY,5194,2018-04,True,
"Turkey, all classes, leg, meat and skin, raw",,,POULTRY,144.0,19.54,0.0,6.72,,USDA_FDC_SR_LEGACY,5193,2018-04,True,
"Turkey, all classes, light meat, cooked, roasted",,,POULTRY,147.0,30.13,0.0,2.08,,USDA_FDC_SR_LEGACY,5186,2018-04,True,
"Turkey, all classes, liver, cooked, simmered",,,POULTRY,189.0,27.0,0.0,8.18,,USDA_FDC_SR_LEGACY,5178,2018-04,True,
"Turkey, all classes, liver, raw",,,POULTRY,128.0,18.26,0.0,5.5,,USDA_FDC_SR_LEGACY,5177,2018-04,True,
"Turkey, all classes, wing, meat and skin, cooked, roasted",,,POULTRY,229.0,27.38,0.0,12.43,,USDA_FDC_SR_LEGACY,5196,2018-04,True,
"Turkey, all classes, wing, meat and skin, raw",,,POULTRY,197.0,20.22,0.0,12.32,,USDA_FDC_SR_LEGACY,5195,2018-04,True,
"Turkey, back, from whole bird, meat and skin, with added solution, raw",,,POULTRY,206.0,16.86,0.15,15.41,,USDA_FDC_SR_LEGACY,5744,2018-04,True,
"Turkey, back, from whole bird, meat and skin, with added solution, roasted",,,POULTRY,205.0,25.8,0.0,11.36,,USDA_FDC_SR_LEGACY,5745,2018-04,True,
"Turkey, back, from whole bird, meat only, with added solution, raw",,,POULTRY,115.0,19.27,0.15,4.12,,USDA_FDC_SR_LEGACY,5719,2018-04,True,
"Turkey, back, from whole bird, meat only, with added solution, roasted",,,POULTRY,127.0,26.97,0.0,2.08,,USDA_FDC_SR_LEGACY,5720,2018-04,True,
"Turkey, breast, from whole bird, meat only, with added solution, raw",,,POULTRY,102.0,21.54,0.14,1.66,,USDA_FDC_SR_LEGACY,5721,2018-04,True,
"Turkey, breast, from whole bird, meat only, with added solution, roasted",,,POULTRY,127.0,26.97,0.0,2.08,,USDA_FDC_SR_LEGACY,5718,2018-04,True,
"Turkey, canned, meat only, with broth",,,POULTRY,169.0,23.68,1.47,6.86,,USDA_FDC_SR_LEGACY,5284,2018-04,True,
"Turkey, dark meat from whole, meat and skin, with added solution, cooked, roasted",,,POULTRY,199.0,25.55,0.0,10.81,,USDA_FDC_SR_LEGACY,5701,2018-04,True,
"Turkey, dark meat from whole, meat and skin, with added solution, raw",,,POULTRY,169.0,17.84,0.15,10.83,,USDA_FDC_SR_LEGACY,5700,2018-04,True,
"Turkey, dark meat from whole, meat only, with added solution, raw",,,POULTRY,115.0,19.27,0.1,4.12,,USDA_FDC_SR_LEGACY,5694,2018-04,True,
"Turkey, dark meat, meat and skin, raw",,,POULTRY,166.0,19.81,0.15,8.97,,USDA_FDC_SR_LEGACY,5183,2018-04,True,
"Turkey, dark meat, meat only, with added solution, cooked, roasted",,,POULTRY,158.0,26.1,0.0,6.0,,USDA_FDC_SR_LEGACY,5695,2018-04,True,
"Turkey, diced, light and dark meat, seasoned",,,POULTRY,138.0,18.7,1.0,6.0,,USDA_FDC_SR_LEGACY,5285,2018-04,True,
"Turkey, drumstick, from whole bird, meat only, raw",,,POULTRY,109.0,23.66,0.14,1.48,,USDA_FDC_SR_LEGACY,5738,2018-04,True,
"Turkey, drumstick, from whole bird, meat only, roasted",,,POULTRY,139.0,30.13,0.0,2.08,,USDA_FDC_SR_LEGACY,5739,2018-04,True,
"Turkey, drumstick, from whole bird, meat only, with added solution, raw",,,POULTRY,115.0,19.27,0.15,4.12,,USDA_FDC_SR_LEGACY,5724,2018-04,True,
"Turkey, drumstick, from whole bird, meat only, with added solution, roasted",,,POULTRY,158.0,26.1,0.0,6.0,,USDA_FDC_SR_LEGACY,5725,2018-04,True,
"Turkey, drumstick, smoked, cooked, with skin, bone removed",,,POULTRY,200.0,27.9,0.0,9.8,,USDA_FDC_SR_LEGACY,43367,2018-04,True,
"Turkey, fryer-roasters, meat and skin, cooked, roasted",,,POULTRY,172.0,28.26,0.0,5.72,,USDA_FDC_SR_LEGACY,5200,2018-04,True,
"Turkey, gizzard, all classes, raw",,,POULTRY,111.0,18.8,0.0,3.37,,USDA_FDC_SR_LEGACY,5173,2018-04,True,
"Turkey, ground, 85% lean, 15% fat, pan-broiled crumbles",,,POULTRY,258.0,25.11,0.0,17.45,,USDA_FDC_SR_LEGACY,5669,2018-04,True,
"Turkey, ground, 85% lean, 15% fat, patties, broiled",,,POULTRY,249.0,25.88,0.0,16.2,,USDA_FDC_SR_LEGACY,5670,2018-04,True,
"Turkey, ground, 85% lean, 15% fat, raw",,,POULTRY,180.0,16.9,0.0,12.54,,USDA_FDC_SR_LEGACY,5668,2018-04,True,
"Turkey, ground, 93% lean, 7% fat, pan-broiled crumbles",,,POULTRY,220.0,27.1,0.0,11.6,,USDA_FDC_FOUNDATION,330869,2026-04-30,True,
"Turkey, ground, 93% lean, 7% fat, patties, broiled",,,POULTRY,207.0,25.86,0.0,11.45,,USDA_FDC_SR_LEGACY,5667,2018-04,True,
"Turkey, ground, 93% lean/ 7% fat, raw",,,POULTRY,157.59,17.34,0.0,9.59,,USDA_FDC_FOUNDATION,5665,2026-04-30,True,
"Turkey, ground, fat free, pan-broiled crumbles",,,POULTRY,151.0,31.69,0.0,2.71,,USDA_FDC_SR_LEGACY,5663,2018-04,True,
"Turkey, ground, fat free, patties, broiled",,,POULTRY,138.0,28.99,0.0,2.48,,USDA_FDC_SR_LEGACY,5664,2018-04,True,
"Turkey, ground, fat free, raw",,,POULTRY,112.0,23.57,0.0,1.95,,USDA_FDC_SR_LEGACY,5662,2018-04,True,
"Turkey, light or dark meat, smoked, cooked, skin and bone removed",,,POULTRY,162.0,29.3,0.0,5.0,,USDA_FDC_SR_LEGACY,43391,2018-04,True,
"Turkey, light or dark meat, smoked, cooked, with skin, bone removed",,,POULTRY,208.0,28.1,0.0,9.7,,USDA_FDC_SR_LEGACY,43390,2018-04,True,
"Turkey, mechanically deboned, from turkey frames, raw",,,POULTRY,201.0,13.29,0.0,15.96,,USDA_FDC_SR_LEGACY,5304,2018-04,True,
"Turkey, retail parts, breast, meat and skin, cooked, roasted",,,POULTRY,164.0,29.01,0.05,5.33,,USDA_FDC_SR_LEGACY,5733,2018-04,True,
"Turkey, retail parts, breast, meat and skin, raw",,,POULTRY,155.0,21.88,0.0,7.45,,USDA_FDC_SR_LEGACY,5732,2018-04,True,
"Turkey, retail parts, breast, meat and skin, with added solution, raw",,,POULTRY,144.0,20.79,0.03,6.75,,USDA_FDC_SR_LEGACY,5727,2018-04,True,
"Turkey, retail parts, breast, meat only, cooked, roasted",,,POULTRY,136.0,29.51,0.0,1.97,,USDA_FDC_SR_LEGACY,5711,2018-04,True,
"Turkey, retail parts, breast, meat only, raw",,,POULTRY,114.0,23.34,0.0,2.33,,USDA_FDC_SR_LEGACY,5710,2018-04,True,
"Turkey, retail parts, breast, meat only, with added solution, cooked, roasted",,,POULTRY,130.0,27.94,0.0,2.08,,USDA_FDC_SR_LEGACY,5709,2018-04,True,
"Turkey, retail parts, breast, meat only, with added solution, raw",,,POULTRY,111.0,21.99,0.0,2.53,,USDA_FDC_SR_LEGACY,5708,2018-04,True,
"Turkey, retail parts, drumstick, meat and skin, cooked, roasted",,,POULTRY,197.0,28.21,0.0,9.37,,USDA_FDC_SR_LEGACY,5737,2018-04,True,
"Turkey, retail parts, drumstick, meat and skin, raw",,,POULTRY,141.0,19.96,0.0,6.84,,USDA_FDC_SR_LEGACY,5736,2018-04,True,
"Turkey, retail parts, drumstick, meat only, cooked, roasted",,,POULTRY,173.0,28.61,0.0,6.52,,USDA_FDC_SR_LEGACY,5723,2018-04,True,
"Turkey, retail parts, drumstick, meat only, raw",,,POULTRY,118.0,20.52,0.0,3.97,,USDA_FDC_SR_LEGACY,5716,2018-04,True,
"Turkey, retail parts, thigh, meat and skin, cooked, roasted",,,POULTRY,183.0,23.95,0.41,9.5,,USDA_FDC_SR_LEGACY,5743,2018-04,True,
"Turkey, retail parts, thigh, meat and skin, raw",,,POULTRY,161.0,19.54,0.0,9.16,,USDA_FDC_SR_LEGACY,5742,2018-04,True,
"Turkey, retail parts, thigh, meat only, cooked, roasted",,,POULTRY,159.0,25.14,0.46,6.25,,USDA_FDC_SR_LEGACY,5722,2018-04,True,
"Turkey, retail parts, thigh, meat only, raw",,,POULTRY,116.0,20.6,0.0,3.69,,USDA_FDC_SR_LEGACY,5717,2018-04,True,
"Turkey, retail parts, wing, meat and skin, cooked, roasted",,,POULTRY,235.0,28.74,0.13,13.29,,USDA_FDC_SR_LEGACY,5735,2018-04,True,
"Turkey, retail parts, wing, meat and skin, raw",,,POULTRY,202.0,19.53,0.05,13.79,,USDA_FDC_SR_LEGACY,5734,2018-04,True,
"Turkey, retail parts, wing, meat only, cooked, roasted",,,POULTRY,170.0,30.17,0.0,5.51,,USDA_FDC_SR_LEGACY,5713,2018-04,True,
"Turkey, retail parts, wing, meat only, raw",,,POULTRY,112.0,22.48,0.0,2.49,,USDA_FDC_SR_LEGACY,5712,2018-04,True,
"Turkey, skin from whole (light and dark), with added solution, raw",,,POULTRY,381.0,12.29,0.21,36.8,,USDA_FDC_SR_LEGACY,5698,2018-04,True,
"Turkey, skin from whole, (light and dark), with added solution, roasted",,,POULTRY,451.0,22.15,0.0,40.31,,USDA_FDC_SR_LEGACY,5699,2018-04,True,
"Turkey, skin, from retail parts, from dark meat, cooked, roasted",,,POULTRY,414.0,24.58,0.0,35.03,,USDA_FDC_SR_LEGACY,5715,2018-04,True,
"Turkey, skin, from retail parts, from dark meat, raw",,,POULTRY,380.0,14.35,0.0,35.83,,USDA_FDC_SR_LEGACY,5714,2018-04,True,
"Turkey, thigh, from whole bird, meat only, raw",,,POULTRY,108.0,21.28,0.15,2.5,,USDA_FDC_SR_LEGACY,5740,2018-04,True,
"Turkey, thigh, from whole bird, meat only, roasted",,,POULTRY,165.0,27.71,0.0,6.04,,USDA_FDC_SR_LEGACY,5741,2018-04,True,
"Turkey, thigh, from whole bird, meat only, with added solution, raw",,,POULTRY,115.0,19.27,0.15,4.12,,USDA_FDC_SR_LEGACY,5726,2018-04,True,
"Turkey, thigh, from whole bird, meat only, with added solution, roasted",,,POULTRY,158.0,26.1,0.0,6.0,,USDA_FDC_SR_LEGACY,5728,2018-04,True,
"Turkey, whole, back, meat only, cooked, roasted",,,POULTRY,173.0,27.71,0.0,6.04,,USDA_FDC_SR_LEGACY,5216,2018-04,True,
"Turkey, whole, back, meat only, raw",,,POULTRY,113.0,21.28,0.15,2.5,,USDA_FDC_SR_LEGACY,5215,2018-04,True,
"Turkey, whole, breast, meat only, cooked, roasted",,,POULTRY,147.0,30.13,0.0,2.08,,USDA_FDC_SR_LEGACY,5220,2018-04,True,
"Turkey, whole, breast, meat only, raw",,,POULTRY,114.0,23.66,0.14,1.48,,USDA_FDC_SR_LEGACY,5219,2018-04,True,
"Turkey, whole, dark meat, cooked, roasted",,,POULTRY,173.0,27.71,0.0,6.04,,USDA_FDC_SR_LEGACY,5188,2018-04,True,
"Turkey, whole, dark meat, meat and skin, cooked, roasted",,,POULTRY,206.0,27.27,0.07,9.95,,USDA_FDC_SR_LEGACY,5184,2018-04,True,
"Turkey, whole, dark meat, meat only, raw",,,POULTRY,108.0,21.28,0.15,2.5,,USDA_FDC_SR_LEGACY,5187,2018-04,True,
"Turkey, whole, giblets, cooked, simmered",,,POULTRY,173.0,26.44,0.0,6.61,,USDA_FDC_SR_LEGACY,5172,2018-04,True,
"Turkey, whole, giblets, raw",,,POULTRY,124.0,18.18,0.07,5.09,,USDA_FDC_SR_LEGACY,5171,2018-04,True,
"Turkey, whole, light meat, meat and skin, cooked, roasted",,,POULTRY,177.0,29.55,0.05,5.57,,USDA_FDC_SR_LEGACY,5182,2018-04,True,
"Turkey, whole, light meat, meat and skin, raw",,,POULTRY,161.0,21.96,0.15,7.43,,USDA_FDC_SR_LEGACY,5181,2018-04,True,
"Turkey, whole, light meat, raw",,,POULTRY,114.0,23.66,0.14,1.48,,USDA_FDC_SR_LEGACY,5185,2018-04,True,
"Turkey, whole, meat and skin, cooked, roasted",,,POULTRY,189.0,28.55,0.06,7.39,,USDA_FDC_SR_LEGACY,5166,2018-04,True,
"Turkey, whole, meat and skin, raw",,,POULTRY,144.0,21.64,0.14,5.64,,USDA_FDC_SR_LEGACY,5165,2018-04,True,
"Turkey, whole, meat and skin, with added solution, raw",,,POULTRY,159.0,19.03,0.15,9.1,,USDA_FDC_SR_LEGACY,5706,2018-04,True,
"Turkey, whole, meat and skin, with added solution, roasted",,,POULTRY,176.0,26.09,0.0,8.01,,USDA_FDC_SR_LEGACY,5707,2018-04,True,
"Turkey, whole, meat only, cooked, roasted",,,POULTRY,159.0,29.06,0.0,3.84,,USDA_FDC_SR_LEGACY,5168,2018-04,True,
"Turkey, whole, meat only, raw",,,POULTRY,115.0,22.64,0.14,1.93,,USDA_FDC_SR_LEGACY,5167,2018-04,True,
"Turkey, whole, meat only, with added solution, raw",,,POULTRY,106.0,20.87,0.14,2.39,,USDA_FDC_SR_LEGACY,5704,2018-04,True,
"Turkey, whole, meat only, with added solution, roasted",,,POULTRY,140.0,26.61,0.0,3.7,,USDA_FDC_SR_LEGACY,5705,2018-04,True,
"Turkey, whole, neck, meat only, cooked, simmered",,,POULTRY,162.0,22.48,0.0,7.36,,USDA_FDC_SR_LEGACY,5180,2018-04,True,
"Turkey, whole, neck, meat only, raw",,,POULTRY,125.0,16.51,0.0,6.04,,USDA_FDC_SR_LEGACY,5179,2018-04,True,
"Turkey, whole, skin (light and dark), raw",,,POULTRY,407.0,12.96,0.16,38.93,,USDA_FDC_SR_LEGACY,5169,2018-04,True,
"Turkey, whole, skin (light and dark), roasted",,,POULTRY,459.0,23.94,0.57,39.31,,USDA_FDC_SR_LEGACY,5170,2018-04,True,
"Turkey, whole, wing, meat only, cooked, roasted",,,POULTRY,147.0,30.13,0.0,2.08,,USDA_FDC_SR_LEGACY,5228,2018-04,True,
"Turkey, whole, wing, meat only, raw",,,POULTRY,115.0,23.66,0.14,1.48,,USDA_FDC_SR_LEGACY,5227,2018-04,True,
"Turkey, wing, from whole bird, meat only, with added solution, raw",,,POULTRY,102.0,21.54,0.14,1.66,,USDA_FDC_SR_LEGACY,5729,2018-04,True,
"Turkey, wing, from whole bird, meat only, with added solution, roasted",,,POULTRY,127.0,26.97,0.0,2.08,,USDA_FDC_SR_LEGACY,5730,2018-04,True,
"Turkey, wing, smoked, cooked, with skin, bone removed",,,POULTRY,221.0,27.4,0.0,12.41,,USDA_FDC_SR_LEGACY,43366,2018-04,True,
"Turkey, young hen, skin only, cooked, roasted",,,POULTRY,482.0,19.03,0.0,44.45,,USDA_FDC_SR_LEGACY,5236,2018-04,True,
"Alaska Pollock, raw",,,SEAFOOD,78.48,17.33,0.06,0.99,,USDA_FDC_FOUNDATION,15266,2026-04-30,True,
"Anchovies, canned in olive oil, with salt, drained",,,SEAFOOD,206.06,26.94,2.41,9.85,,USDA_FDC_FOUNDATION,100412,2026-04-30,True,
"Cod, Pacific or Alaskan, frozen, wild caught",,,SEAFOOD,60.84,14.2,0.52,0.22,,USDA_FDC_FOUNDATION,100406,2026-04-30,True,
"Crustaceans, crab, alaska king, cooked, moist heat",,,SEAFOOD,97.0,19.35,0.0,1.54,,USDA_FDC_SR_LEGACY,15137,2018-04,True,
"Crustaceans, crab, alaska king, imitation, made from surimi",,,SEAFOOD,95.0,7.62,15.0,0.46,,USDA_FDC_SR_LEGACY,15138,2018-04,True,
"Crustaceans, crab, alaska king, raw",,,SEAFOOD,84.0,18.29,0.0,0.6,,USDA_FDC_SR_LEGACY,15136,2018-04,True,
"Crustaceans, crab, blue swimming, lump, pasteurized, refrigerated",,,SEAFOOD,86.02,18.65,0.0,0.81,,USDA_FDC_FOUNDATION,100330,2026-04-30,True,
"Crustaceans, crab, blue, canned",,,SEAFOOD,83.0,17.88,0.0,0.74,,USDA_FDC_SR_LEGACY,15141,2018-04,True,
"Crustaceans, crab, blue, cooked, moist heat",,,SEAFOOD,83.0,17.88,0.0,0.74,,USDA_FDC_SR_LEGACY,15140,2018-04,True,
"Crustaceans, crab, blue, crab cakes, home recipe",,,SEAFOOD,155.0,20.21,0.48,7.52,,USDA_FDC_SR_LEGACY,15142,2018-04,True,
"Crustaceans, crab, blue, raw",,,SEAFOOD,87.0,18.06,0.04,1.08,,USDA_FDC_SR_LEGACY,15139,2018-04,True,
"Crustaceans, crab, dungeness, cooked, moist heat",,,SEAFOOD,110.0,22.32,0.95,1.24,,USDA_FDC_SR_LEGACY,15226,2018-04,True,
"Crustaceans, crab, dungeness, raw",,,SEAFOOD,86.0,17.41,0.74,0.97,,USDA_FDC_SR_LEGACY,15143,2018-04,True,
"Crustaceans, crab, queen, cooked, moist heat",,,SEAFOOD,115.0,23.72,0.0,1.51,,USDA_FDC_SR_LEGACY,15227,2018-04,True,
"Crustaceans, crab, queen, raw",,,SEAFOOD,90.0,18.5,0.0,1.18,,USDA_FDC_SR_LEGACY,15144,2018-04,True,
"Crustaceans, crayfish, mixed species, farmed, cooked, moist heat",,,SEAFOOD,87.0,17.52,0.0,1.3,,USDA_FDC_SR_LEGACY,15243,2018-04,True,
"Crustaceans, crayfish, mixed species, farmed, raw",,,SEAFOOD,72.0,14.85,0.0,0.97,,USDA_FDC_SR_LEGACY,15242,2018-04,True,
"Crustaceans, crayfish, mixed species, wild, cooked, moist heat",,,SEAFOOD,82.0,16.77,0.0,1.2,,USDA_FDC_SR_LEGACY,15146,2018-04,True,
"Crustaceans, crayfish, mixed species, wild, raw",,,SEAFOOD,77.0,15.97,0.0,0.95,,USDA_FDC_SR_LEGACY,15145,2018-04,True,
"Crustaceans, lobster, northern, cooked, moist heat",,,SEAFOOD,89.0,19.0,0.0,0.86,,USDA_FDC_SR_LEGACY,15148,2018-04,True,
"Crustaceans, lobster, northern, raw",,,SEAFOOD,77.0,16.52,0.0,0.75,,USDA_FDC_SR_LEGACY,15147,2018-04,True,
"Crustaceans, shrimp, cooked",,,SEAFOOD,99.0,23.98,0.2,0.28,,USDA_FDC_SR_LEGACY,15271,2018-04,True,
"Crustaceans, shrimp, farm raised, raw",,,SEAFOOD,75.7,15.57,0.48,0.8,,USDA_FDC_FOUNDATION,100327,2026-04-30,True,
"Crustaceans, shrimp, mixed species, canned",,,SEAFOOD,100.0,20.42,0.0,1.36,,USDA_FDC_SR_LEGACY,15152,2018-04,True,
"Crustaceans, shrimp, mixed species, cooked, breaded and fried",,,SEAFOOD,242.0,21.39,11.47,12.28,,USDA_FDC_SR_LEGACY,15150,2018-04,True,
"Crustaceans, shrimp, mixed species, cooked, moist heat (may contain additives to retain moisture)",,,SEAFOOD,119.0,22.78,1.52,1.7,,USDA_FDC_SR_LEGACY,15151,2018-04,True,
"Crustaceans, shrimp, mixed species, imitation, made from surimi",,,SEAFOOD,101.0,12.39,9.13,1.47,,USDA_FDC_SR_LEGACY,15153,2018-04,True,
"Crustaceans, shrimp, mixed species, raw (may contain additives to retain moisture)",,,SEAFOOD,71.0,13.61,0.91,1.01,,USDA_FDC_SR_LEGACY,15149,2018-04,True,
"Crustaceans, shrimp, raw",,,SEAFOOD,85.0,20.1,0.0,0.51,,USDA_FDC_SR_LEGACY,15270,2018-04,True,
"Crustaceans, spiny lobster, mixed species, cooked, moist heat",,,SEAFOOD,143.0,26.41,3.12,1.94,,USDA_FDC_SR_LEGACY,15228,2018-04,True,
"Crustaceans, spiny lobster, mixed species, raw",,,SEAFOOD,112.0,20.6,2.43,1.51,,USDA_FDC_SR_LEGACY,15154,2018-04,True,
"Fish, Salmon, pink, canned, drained solids, without skin and bones",,,SEAFOOD,136.0,24.62,0.0,4.21,,USDA_FDC_SR_LEGACY,15265,2018-04,True,
"Fish, anchovy, european, canned in oil, drained solids",,,SEAFOOD,210.0,28.89,0.0,9.71,,USDA_FDC_SR_LEGACY,15002,2018-04,True,
"Fish, anchovy, european, raw",,,SEAFOOD,131.0,20.35,0.0,4.84,,USDA_FDC_SR_LEGACY,15001,2018-04,True,
"Fish, bass, fresh water, mixed species, raw",,,SEAFOOD,114.0,18.86,0.0,3.69,,USDA_FDC_SR_LEGACY,15003,2018-04,True,
"Fish, bass, freshwater, mixed species, cooked, dry heat",,,SEAFOOD,146.0,24.18,0.0,4.73,,USDA_FDC_SR_LEGACY,15187,2018-04,True,
"Fish, bass, striped, cooked, dry heat",,,SEAFOOD,124.0,22.73,0.0,2.99,,USDA_FDC_SR_LEGACY,15188,2018-04,True,
"Fish, bass, striped, raw",,,SEAFOOD,97.0,17.73,0.0,2.33,,USDA_FDC_SR_LEGACY,15004,2018-04,True,
"Fish, bluefish, cooked, dry heat",,,SEAFOOD,159.0,25.69,0.0,5.44,,USDA_FDC_SR_LEGACY,15189,2018-04,True,
"Fish, bluefish, raw",,,SEAFOOD,124.0,20.04,0.0,4.24,,USDA_FDC_SR_LEGACY,15005,2018-04,True,
"Fish, burbot, cooked, dry heat",,,SEAFOOD,115.0,24.76,0.0,1.04,,USDA_FDC_SR_LEGACY,15190,2018-04,True,
"Fish, burbot, raw",,,SEAFOOD,90.0,19.31,0.0,0.81,,USDA_FDC_SR_LEGACY,15006,2018-04,True,
"Fish, butterfish, cooked, dry heat",,,SEAFOOD,187.0,22.15,0.0,10.28,,USDA_FDC_SR_LEGACY,15191,2018-04,True,
"Fish, butterfish, raw",,,SEAFOOD,146.0,17.28,0.0,8.02,,USDA_FDC_SR_LEGACY,15007,2018-04,True,
"Fish, carp, cooked, dry heat",,,SEAFOOD,162.0,22.86,0.0,7.17,,USDA_FDC_SR_LEGACY,15009,2018-04,True,
"Fish, carp, raw",,,SEAFOOD,127.0,17.83,0.0,5.6,,USDA_FDC_SR_LEGACY,15008,2018-04,True,
"Fish, catfish, channel, cooked, breaded and fried",,,SEAFOOD,229.0,18.09,8.04,13.33,,USDA_FDC_SR_LEGACY,15011,2018-04,True,
"Fish, catfish, channel, farmed, cooked, dry heat",,,SEAFOOD,144.0,18.44,0.0,7.19,,USDA_FDC_SR_LEGACY,15235,2018-04,True,
"Fish, catfish, channel, farmed, raw",,,SEAFOOD,119.0,15.23,0.0,5.94,,USDA_FDC_SR_LEGACY,15234,2018-04,True,
"Fish, catfish, channel, wild, cooked, dry heat",,,SEAFOOD,105.0,18.47,0.0,2.85,,USDA_FDC_SR_LEGACY,15233,2018-04,True,
"Fish, catfish, channel, wild, raw",,,SEAFOOD,95.0,16.38,0.0,2.82,,USDA_FDC_SR_LEGACY,15010,2018-04,True,
"Fish, catfish, farm raised, raw",,,SEAFOOD,133.79,16.47,0.0,7.31,,USDA_FDC_FOUNDATION,15234,2026-04-30,True,
"Fish, caviar, black and red, granular",,,SEAFOOD,264.0,24.6,4.0,17.9,,USDA_FDC_SR_LEGACY,15012,2018-04,True,
"Fish, cisco, raw",,,SEAFOOD,98.0,18.99,0.0,1.91,,USDA_FDC_SR_LEGACY,15013,2018-04,True,
"Fish, cisco, smoked",,,SEAFOOD,177.0,16.36,0.0,11.9,,USDA_FDC_SR_LEGACY,15014,2018-04,True,
"Fish, cod, Atlantic, canned, solids and liquid",,,SEAFOOD,105.0,22.76,0.0,0.86,,USDA_FDC_SR_LEGACY,15017,2018-04,True,
"Fish, cod, Atlantic, cooked, dry heat",,,SEAFOOD,105.0,22.83,0.0,0.86,,USDA_FDC_SR_LEGACY,15016,2018-04,True,
"Fish, cod, Atlantic, dried and salted",,,SEAFOOD,290.0,62.82,0.0,2.37,,USDA_FDC_SR_LEGACY,15018,2018-04,True,
"Fish, cod, Atlantic, raw",,,SEAFOOD,82.0,17.81,0.0,0.67,,USDA_FDC_SR_LEGACY,15015,2018-04,True,
"Fish, cod, Atlantic, wild caught, raw",,,SEAFOOD,70.48,16.07,0.0,0.67,,USDA_FDC_FOUNDATION,100328,2026-04-30,True,
"Fish, cod, Pacific, cooked",,,SEAFOOD,84.0,20.42,0.0,0.25,,USDA_FDC_SR_LEGACY,15269,2018-04,True,
"Fish, cod, Pacific, cooked, dry heat (may contain additives to retain moisture)",,,SEAFOOD,85.0,18.73,0.0,0.5,,USDA_FDC_SR_LEGACY,15192,2018-04,True,
"Fish, cod, Pacific, raw (may have been previously frozen)",,,SEAFOOD,69.0,15.27,0.0,0.41,,USDA_FDC_SR_LEGACY,15019,2018-04,True,
"Fish, croaker, Atlantic, cooked, breaded and fried",,,SEAFOOD,221.0,18.2,7.54,12.67,,USDA_FDC_SR_LEGACY,15021,2018-04,True,
"Fish, croaker, Atlantic, raw",,,SEAFOOD,104.0,17.78,0.0,3.17,,USDA_FDC_SR_LEGACY,15020,2018-04,True,
"Fish, cusk, cooked, dry heat",,,SEAFOOD,112.0,24.35,0.0,0.88,,USDA_FDC_SR_LEGACY,15193,2018-04,True,
"Fish, cusk, raw",,,SEAFOOD,87.0,18.99,0.0,0.69,,USDA_FDC_SR_LEGACY,15022,2018-04,True,
"Fish, drum, freshwater, cooked, dry heat",,,SEAFOOD,153.0,22.49,0.0,6.32,,USDA_FDC_SR_LEGACY,15195,2018-04,True,
"Fish, drum, freshwater, raw",,,SEAFOOD,119.0,17.54,0.0,4.93,,USDA_FDC_SR_LEGACY,15024,2018-04,True,
"Fish, eel, mixed species, cooked, dry heat",,,SEAFOOD,236.0,23.65,0.0,14.95,,USDA_FDC_SR_LEGACY,15026,2018-04,True,
"Fish, eel, mixed species, raw",,,SEAFOOD,184.0,18.44,0.0,11.66,,USDA_FDC_SR_LEGACY,15025,2018-04,True,
"Fish, fish sticks, frozen, prepared",,,SEAFOOD,277.0,11.01,21.66,16.23,,USDA_FDC_SR_LEGACY,15027,2018-04,True,
"Fish, flatfish (flounder and sole species), cooked, dry heat",,,SEAFOOD,86.0,15.24,0.0,2.37,,USDA_FDC_SR_LEGACY,15029,2018-04,True,
"Fish, flatfish (flounder and sole species), raw",,,SEAFOOD,70.0,12.41,0.0,1.93,,USDA_FDC_SR_LEGACY,15028,2018-04,True,
"Fish, gefiltefish, commercial, sweet recipe",,,SEAFOOD,84.0,9.07,7.41,1.73,,USDA_FDC_SR_LEGACY,15030,2018-04,True,
"Fish, grouper, mixed species, cooked, dry heat",,,SEAFOOD,118.0,24.84,0.0,1.3,,USDA_FDC_SR_LEGACY,15032,2018-04,True,
"Fish, grouper, mixed species, raw",,,SEAFOOD,92.0,19.38,0.0,1.02,,USDA_FDC_SR_LEGACY,15031,2018-04,True,
"Fish, haddock, cooked, dry heat",,,SEAFOOD,90.0,19.99,0.0,0.55,,USDA_FDC_SR_LEGACY,15034,2018-04,True,
"Fish, haddock, raw",,,SEAFOOD,74.0,16.3,0.0,0.45,,USDA_FDC_FOUNDATION,15033,2026-04-30,True,
"Fish, haddock, smoked",,,SEAFOOD,116.0,25.23,0.0,0.96,,USDA_FDC_SR_LEGACY,15035,2018-04,True,
"Fish, halibut, Atlantic and Pacific, cooked, dry heat",,,SEAFOOD,111.0,22.54,0.0,1.61,,USDA_FDC_SR_LEGACY,15037,2018-04,True,
"Fish, halibut, Atlantic and Pacific, raw",,,SEAFOOD,91.0,18.56,0.0,1.33,,USDA_FDC_SR_LEGACY,15036,2018-04,True,
"Fish, halibut, Greenland, raw",,,SEAFOOD,186.0,14.37,0.0,13.84,,USDA_FDC_SR_LEGACY,15038,2018-04,True,
"Fish, halibut, greenland, cooked, dry heat",,,SEAFOOD,239.0,18.42,0.0,17.74,,USDA_FDC_SR_LEGACY,15196,2018-04,True,
"Fish, herring, Atlantic, cooked, dry heat",,,SEAFOOD,203.0,23.03,0.0,11.59,,USDA_FDC_SR_LEGACY,15040,2018-04,True,
"Fish, herring, Atlantic, kippered",,,SEAFOOD,217.0,24.58,0.0,12.37,,USDA_FDC_SR_LEGACY,15042,2018-04,True,
"Fish, herring, Atlantic, pickled",,,SEAFOOD,262.0,14.19,9.64,18.0,,USDA_FDC_SR_LEGACY,15041,2018-04,True,
"Fish, herring, Atlantic, raw",,,SEAFOOD,158.0,17.96,0.0,9.04,,USDA_FDC_SR_LEGACY,15039,2018-04,True,
"Fish, herring, Pacific, cooked, dry heat",,,SEAFOOD,250.0,21.01,0.0,17.79,,USDA_FDC_SR_LEGACY,15197,2018-04,True,
"Fish, herring, Pacific, raw",,,SEAFOOD,195.0,16.39,0.0,13.88,,USDA_FDC_SR_LEGACY,15043,2018-04,True,
"Fish, ling, cooked, dry heat",,,SEAFOOD,111.0,24.35,0.0,0.82,,USDA_FDC_SR_LEGACY,15198,2018-04,True,
"Fish, ling, raw",,,SEAFOOD,87.0,18.99,0.0,0.64,,USDA_FDC_SR_LEGACY,15044,2018-04,True,
"Fish, lingcod, cooked, dry heat",,,SEAFOOD,109.0,22.64,0.0,1.36,,USDA_FDC_SR_LEGACY,15199,2018-04,True,
"Fish, lingcod, raw",,,SEAFOOD,85.0,17.66,0.0,1.06,,USDA_FDC_SR_LEGACY,15045,2018-04,True,
"Fish, mackerel, Atlantic, cooked, dry heat",,,SEAFOOD,262.0,23.85,0.0,17.81,,USDA_FDC_SR_LEGACY,15047,2018-04,True,
"Fish, mackerel, Atlantic, raw",,,SEAFOOD,205.0,18.6,0.0,13.89,,USDA_FDC_SR_LEGACY,15046,2018-04,True,
"Fish, mackerel, Pacific and jack, mixed species, cooked, dry heat",,,SEAFOOD,201.0,25.73,0.0,10.12,,USDA_FDC_SR_LEGACY,15201,2018-04,True,
"Fish, mackerel, Pacific and jack, mixed species, raw",,,SEAFOOD,158.0,20.07,0.0,7.89,,USDA_FDC_SR_LEGACY,15050,2018-04,True,
"Fish, mackerel, jack, canned, drained solids",,,SEAFOOD,156.0,23.19,0.0,6.3,,USDA_FDC_SR_LEGACY,15048,2018-04,True,
"Fish, mackerel, king, cooked, dry heat",,,SEAFOOD,134.0,26.0,0.0,2.56,,USDA_FDC_SR_LEGACY,15200,2018-04,True,
"Fish, mackerel, king, raw",,,SEAFOOD,105.0,20.28,0.0,2.0,,USDA_FDC_SR_LEGACY,15049,2018-04,True,
"Fish, mackerel, salted",,,SEAFOOD,305.0,18.5,0.0,25.1,,USDA_FDC_SR_LEGACY,83110,2018-04,True,
"Fish, mackerel, spanish, cooked, dry heat",,,SEAFOOD,158.0,23.59,0.0,6.32,,USDA_FDC_SR_LEGACY,15052,2018-04,True,
"Fish, mackerel, spanish, raw",,,SEAFOOD,139.0,19.29,0.0,6.3,,USDA_FDC_SR_LEGACY,15051,2018-04,True,
"Fish, mahimahi, cooked, dry heat",,,SEAFOOD,109.0,23.72,0.0,0.9,,USDA_FDC_SR_LEGACY,15194,2018-04,True,
"Fish, mahimahi, raw",,,SEAFOOD,85.0,18.5,0.0,0.7,,USDA_FDC_SR_LEGACY,15023,2018-04,True,
"Fish, milkfish, cooked, dry heat",,,SEAFOOD,190.0,26.32,0.0,8.63,,USDA_FDC_SR_LEGACY,15202,2018-04,True,
"Fish, milkfish, raw",,,SEAFOOD,148.0,20.53,0.0,6.73,,USDA_FDC_SR_LEGACY,15053,2018-04,True,
"Fish, monkfish, cooked, dry heat",,,SEAFOOD,97.0,18.56,0.0,1.95,,USDA_FDC_SR_LEGACY,15203,2018-04,True,
"Fish, monkfish, raw",,,SEAFOOD,76.0,14.48,0.0,1.52,,USDA_FDC_SR_LEGACY,15054,2018-04,True,
"Fish, mullet, striped, cooked, dry heat",,,SEAFOOD,150.0,24.81,0.0,4.86,,USDA_FDC_SR_LEGACY,15056,2018-04,True,
"Fish, mullet, striped, raw",,,SEAFOOD,117.0,19.35,0.0,3.79,,USDA_FDC_SR_LEGACY,15055,2018-04,True,
"Fish, ocean perch, Atlantic, cooked, dry heat",,,SEAFOOD,96.0,18.51,0.0,1.87,,USDA_FDC_SR_LEGACY,15058,2018-04,True,
"Fish, ocean perch, Atlantic, raw",,,SEAFOOD,79.0,15.31,0.0,1.54,,USDA_FDC_SR_LEGACY,15057,2018-04,True,
"Fish, perch, mixed species, cooked, dry heat",,,SEAFOOD,117.0,24.86,0.0,1.18,,USDA_FDC_SR_LEGACY,15061,2018-04,True,
"Fish, perch, mixed species, raw",,,SEAFOOD,91.0,19.39,0.0,0.92,,USDA_FDC_SR_LEGACY,15060,2018-04,True,
"Fish, pike, northern, cooked, dry heat",,,SEAFOOD,113.0,24.69,0.0,0.88,,USDA_FDC_SR_LEGACY,15063,2018-04,True,
"Fish, pike, northern, raw",,,SEAFOOD,88.0,19.26,0.0,0.69,,USDA_FDC_SR_LEGACY,15062,2018-04,True,
"Fish, pike, walleye, cooked, dry heat",,,SEAFOOD,119.0,24.54,0.0,1.56,,USDA_FDC_SR_LEGACY,15204,2018-04,True,
"Fish, pike, walleye, raw",,,SEAFOOD,93.0,19.14,0.0,1.22,,USDA_FDC_SR_LEGACY,15064,2018-04,True,
"Fish, pollock, Alaska, cooked",,,SEAFOOD,86.62,19.42,0.0,0.99,,USDA_FDC_SR_LEGACY,15267,2018-04,True,
"Fish, pollock, Alaska, cooked, dry heat (may contain additives to retain moisture)",,,SEAFOOD,111.0,23.48,0.0,1.18,,USDA_FDC_SR_LEGACY,15067,2018-04,True,
"Fish, pollock, Alaska, raw",,,SEAFOOD,76.0,17.17,0.0,0.82,,USDA_FDC_SR_LEGACY,15266,2018-04,True,
"Fish, pollock, Alaska, raw (may contain additives to retain moisture)",,,SEAFOOD,56.0,12.19,0.0,0.41,,USDA_FDC_SR_LEGACY,15066,2018-04,True,
"Fish, pollock, Atlantic, cooked, dry heat",,,SEAFOOD,118.0,24.92,0.0,1.26,,USDA_FDC_SR_LEGACY,15205,2018-04,True,
"Fish, pollock, Atlantic, raw",,,SEAFOOD,92.0,19.44,0.0,0.98,,USDA_FDC_SR_LEGACY,15065,2018-04,True,
"Fish, pollock, raw",,,SEAFOOD,56.0,12.3,0.0,0.41,,USDA_FDC_FOUNDATION,15066,2026-04-30,True,
"Fish, pompano, florida, cooked, dry heat",,,SEAFOOD,211.0,23.69,0.0,12.14,,USDA_FDC_SR_LEGACY,15069,2018-04,True,
"Fish, pompano, florida, raw",,,SEAFOOD,164.0,18.48,0.0,9.47,,USDA_FDC_SR_LEGACY,15068,2018-04,True,
"Fish, pout, ocean, cooked, dry heat",,,SEAFOOD,102.0,21.33,0.0,1.17,,USDA_FDC_SR_LEGACY,15206,2018-04,True,
"Fish, pout, ocean, raw",,,SEAFOOD,79.0,16.64,0.0,0.91,,USDA_FDC_SR_LEGACY,15059,2018-04,True,
"Fish, rockfish, Pacific, mixed species, cooked, dry heat",,,SEAFOOD,109.0,22.23,0.0,1.62,,USDA_FDC_SR_LEGACY,15071,2018-04,True,
"Fish, rockfish, Pacific, mixed species, raw",,,SEAFOOD,90.0,18.36,0.0,1.34,,USDA_FDC_SR_LEGACY,15070,2018-04,True,
"Fish, roe, mixed species, cooked, dry heat",,,SEAFOOD,204.0,28.62,1.92,8.23,,USDA_FDC_SR_LEGACY,15207,2018-04,True,
"Fish, roe, mixed species, raw",,,SEAFOOD,143.0,22.32,1.5,6.42,,USDA_FDC_SR_LEGACY,15072,2018-04,True,
"Fish, roughy, orange, cooked, dry heat",,,SEAFOOD,105.0,22.64,0.0,0.9,,USDA_FDC_SR_LEGACY,15232,2018-04,True,
"Fish, roughy, orange, raw",,,SEAFOOD,76.0,16.41,0.0,0.7,,USDA_FDC_SR_LEGACY,15073,2018-04,True,
"Fish, sablefish, cooked, dry heat",,,SEAFOOD,250.0,17.19,0.0,19.62,,USDA_FDC_SR_LEGACY,15208,2018-04,True,
"Fish, sablefish, raw",,,SEAFOOD,195.0,13.41,0.0,15.3,,USDA_FDC_SR_LEGACY,15074,2018-04,True,
"Fish, sablefish, smoked",,,SEAFOOD,257.0,17.65,0.0,20.14,,USDA_FDC_SR_LEGACY,15075,2018-04,True,
"Fish, salmon, Atlantic, farm raised, raw",,,SEAFOOD,203.11,20.32,0.0,13.11,,USDA_FDC_FOUNDATION,15236,2026-04-30,True,
"Fish, salmon, Atlantic, farmed, cooked, dry heat",,,SEAFOOD,206.0,22.1,0.0,12.35,,USDA_FDC_SR_LEGACY,15237,2018-04,True,
"Fish, salmon, Atlantic, farmed, raw",,,SEAFOOD,208.0,20.42,0.0,13.42,,USDA_FDC_SR_LEGACY,15236,2018-04,True,
"Fish, salmon, Atlantic, wild, cooked, dry heat",,,SEAFOOD,182.0,25.44,0.0,8.13,,USDA_FDC_SR_LEGACY,15209,2018-04,True,
"Fish, salmon, Atlantic, wild, raw",,,SEAFOOD,142.0,19.84,0.0,6.34,,USDA_FDC_SR_LEGACY,15076,2018-04,True,
"Fish, salmon, chinook, cooked, dry heat",,,SEAFOOD,231.0,25.72,0.0,13.38,,USDA_FDC_SR_LEGACY,15210,2018-04,True,
"Fish, salmon, chinook, raw",,,SEAFOOD,179.0,19.93,0.0,10.43,,USDA_FDC_SR_LEGACY,15078,2018-04,True,
"Fish, salmon, chinook, smoked",,,SEAFOOD,117.0,18.28,0.0,4.32,,USDA_FDC_SR_LEGACY,15077,2018-04,True,
"Fish, salmon, chinook, smoked, (lox), regular",,,SEAFOOD,117.0,18.28,0.0,4.32,,USDA_FDC_SR_LEGACY,15179,2018-04,True,
"Fish, salmon, chum, canned, drained solids with bone",,,SEAFOOD,141.0,21.43,0.0,5.5,,USDA_FDC_SR_LEGACY,15080,2018-04,True,
"Fish, salmon, chum, canned, without salt, drained solids with bone",,,SEAFOOD,141.0,21.43,0.0,5.5,,USDA_FDC_SR_LEGACY,15180,2018-04,True,
"Fish, salmon, chum, cooked, dry heat",,,SEAFOOD,154.0,25.82,0.0,4.83,,USDA_FDC_SR_LEGACY,15211,2018-04,True,
"Fish, salmon, chum, raw",,,SEAFOOD,120.0,20.14,0.0,3.77,,USDA_FDC_SR_LEGACY,15079,2018-04,True,
"Fish, salmon, coho, farmed, cooked, dry heat",,,SEAFOOD,178.0,24.3,0.0,8.23,,USDA_FDC_SR_LEGACY,15239,2018-04,True,
"Fish, salmon, coho, farmed, raw",,,SEAFOOD,160.0,21.27,0.0,7.67,,USDA_FDC_SR_LEGACY,15238,2018-04,True,
"Fish, salmon, coho, wild, cooked, dry heat",,,SEAFOOD,139.0,23.45,0.0,4.3,,USDA_FDC_SR_LEGACY,15247,2018-04,True,
"Fish, salmon, coho, wild, cooked, moist heat",,,SEAFOOD,184.0,27.36,0.0,7.5,,USDA_FDC_SR_LEGACY,15082,2018-04,True,
"Fish, salmon, coho, wild, raw",,,SEAFOOD,146.0,21.62,0.0,5.93,,USDA_FDC_SR_LEGACY,15081,2018-04,True,
"Fish, salmon, pink, canned, drained solids",,,SEAFOOD,138.0,23.1,0.0,5.02,,USDA_FDC_SR_LEGACY,15260,2018-04,True,
"Fish, salmon, pink, canned, total can contents",,,SEAFOOD,129.0,19.68,0.0,4.97,,USDA_FDC_SR_LEGACY,15084,2018-04,True,
"Fish, salmon, pink, canned, without salt, solids with bone and liquid",,,SEAFOOD,139.0,19.78,0.0,6.05,,USDA_FDC_SR_LEGACY,15181,2018-04,True,
"Fish, salmon, pink, cooked, dry heat",,,SEAFOOD,153.0,24.58,0.0,5.28,,USDA_FDC_SR_LEGACY,15212,2018-04,True,
"Fish, salmon, pink, raw",,,SEAFOOD,127.0,20.5,0.0,4.4,,USDA_FDC_SR_LEGACY,15083,2018-04,True,
"Fish, salmon, sockeye, canned, drained solids",,,SEAFOOD,167.0,23.59,0.0,7.39,,USDA_FDC_SR_LEGACY,15087,2018-04,True,
"Fish, salmon, sockeye, canned, without salt, drained solids with bone",,,SEAFOOD,153.0,20.47,0.0,7.31,,USDA_FDC_SR_LEGACY,15182,2018-04,True,
"Fish, salmon, sockeye, cooked, dry heat",,,SEAFOOD,156.0,26.48,0.0,5.57,,USDA_FDC_SR_LEGACY,15086,2018-04,True,
"Fish, salmon, sockeye, raw",,,SEAFOOD,131.0,22.25,0.0,4.69,,USDA_FDC_SR_LEGACY,15085,2018-04,True,
"Fish, salmon, sockeye, wild caught, raw",,,SEAFOOD,136.22,22.3,0.0,4.94,,USDA_FDC_FOUNDATION,100324,2026-04-30,True,
"Fish, sardine, Atlantic, canned in oil, drained solids with bone",,,SEAFOOD,208.0,24.62,0.0,11.45,,USDA_FDC_SR_LEGACY,15088,2018-04,True,
"Fish, sardine, Pacific, canned in tomato sauce, drained solids with bone",,,SEAFOOD,185.0,20.86,0.54,10.45,,USDA_FDC_SR_LEGACY,15089,2018-04,True,
"Fish, scup, cooked, dry heat",,,SEAFOOD,135.0,24.21,0.0,3.5,,USDA_FDC_SR_LEGACY,15213,2018-04,True,
"Fish, scup, raw",,,SEAFOOD,105.0,18.88,0.0,2.73,,USDA_FDC_SR_LEGACY,15090,2018-04,True,
"Fish, sea bass, mixed species, cooked, dry heat",,,SEAFOOD,124.0,23.63,0.0,2.56,,USDA_FDC_SR_LEGACY,15092,2018-04,True,
"Fish, sea bass, mixed species, raw",,,SEAFOOD,97.0,18.43,0.0,2.0,,USDA_FDC_SR_LEGACY,15091,2018-04,True,
"Fish, seatrout, mixed species, cooked, dry heat",,,SEAFOOD,133.0,21.46,0.0,4.63,,USDA_FDC_SR_LEGACY,15214,2018-04,True,
"Fish, seatrout, mixed species, raw",,,SEAFOOD,104.0,16.74,0.0,3.61,,USDA_FDC_SR_LEGACY,15093,2018-04,True,
"Fish, shad, american, cooked, dry heat",,,SEAFOOD,252.0,21.71,0.0,17.65,,USDA_FDC_SR_LEGACY,15215,2018-04,True,
"Fish, shad, american, raw",,,SEAFOOD,197.0,16.93,0.0,13.77,,USDA_FDC_SR_LEGACY,15094,2018-04,True,
"Fish, shark, mixed species, cooked, batter-dipped and fried",,,SEAFOOD,228.0,18.62,6.39,13.82,,USDA_FDC_SR_LEGACY,15096,2018-04,True,
"Fish, shark, mixed species, raw",,,SEAFOOD,130.0,20.98,0.0,4.51,,USDA_FDC_SR_LEGACY,15095,2018-04,True,
"Fish, sheepshead, cooked, dry heat",,,SEAFOOD,126.0,26.02,0.0,1.63,,USDA_FDC_SR_LEGACY,15098,2018-04,True,
"Fish, sheepshead, raw",,,SEAFOOD,108.0,20.21,0.0,2.41,,USDA_FDC_SR_LEGACY,15097,2018-04,True,
"Fish, smelt, rainbow, cooked, dry heat",,,SEAFOOD,124.0,22.6,0.0,3.1,,USDA_FDC_SR_LEGACY,15100,2018-04,True,
"Fish, smelt, rainbow, raw",,,SEAFOOD,97.0,17.63,0.0,2.42,,USDA_FDC_SR_LEGACY,15099,2018-04,True,
"Fish, snapper, mixed species, cooked, dry heat",,,SEAFOOD,128.0,26.3,0.0,1.72,,USDA_FDC_SR_LEGACY,15102,2018-04,True,
"Fish, snapper, mixed species, raw",,,SEAFOOD,100.0,20.51,0.0,1.34,,USDA_FDC_SR_LEGACY,15101,2018-04,True,
"Fish, spot, cooked, dry heat",,,SEAFOOD,158.0,23.73,0.0,6.28,,USDA_FDC_SR_LEGACY,15216,2018-04,True,
"Fish, spot, raw",,,SEAFOOD,123.0,18.51,0.0,4.9,,USDA_FDC_SR_LEGACY,15103,2018-04,True,
"Fish, sturgeon, mixed species, cooked, dry heat",,,SEAFOOD,135.0,20.7,0.0,5.18,,USDA_FDC_SR_LEGACY,15105,2018-04,True,
"Fish, sturgeon, mixed species, raw",,,SEAFOOD,105.0,16.14,0.0,4.04,,USDA_FDC_SR_LEGACY,15104,2018-04,True,
"Fish, sturgeon, mixed species, smoked",,,SEAFOOD,173.0,31.2,0.0,4.4,,USDA_FDC_SR_LEGACY,15106,2018-04,True,
"Fish, sucker, white, cooked, dry heat",,,SEAFOOD,119.0,21.49,0.0,2.97,,USDA_FDC_SR_LEGACY,15217,2018-04,True,
"Fish, sucker, white, raw",,,SEAFOOD,92.0,16.76,0.0,2.32,,USDA_FDC_SR_LEGACY,15107,2018-04,True,
"Fish, sunfish, pumpkin seed, cooked, dry heat",,,SEAFOOD,114.0,24.87,0.0,0.9,,USDA_FDC_SR_LEGACY,15218,2018-04,True,
"Fish, sunfish, pumpkin seed, raw",,,SEAFOOD,89.0,19.4,0.0,0.7,,USDA_FDC_SR_LEGACY,15108,2018-04,True,
"Fish, surimi",,,SEAFOOD,99.0,15.18,6.85,0.9,,USDA_FDC_SR_LEGACY,15109,2018-04,True,
"Fish, swordfish, cooked, dry heat",,,SEAFOOD,172.0,23.45,0.0,7.93,,USDA_FDC_SR_LEGACY,15111,2018-04,True,
"Fish, swordfish, raw",,,SEAFOOD,144.0,19.66,0.0,6.65,,USDA_FDC_SR_LEGACY,15110,2018-04,True,
"Fish, tilapia, cooked, dry heat",,,SEAFOOD,128.0,26.15,0.0,2.65,,USDA_FDC_SR_LEGACY,15262,2018-04,True,
"Fish, tilapia, farm raised, raw",,,SEAFOOD,99.96,19.0,0.0,2.48,,USDA_FDC_FOUNDATION,100326,2026-04-30,True,
"Fish, tilapia, raw",,,SEAFOOD,96.0,20.08,0.0,1.7,,USDA_FDC_SR_LEGACY,15261,2018-04,True,
"Fish, tilefish, cooked, dry heat",,,SEAFOOD,147.0,24.49,0.0,4.69,,USDA_FDC_SR_LEGACY,15113,2018-04,True,
"Fish, tilefish, raw",,,SEAFOOD,96.0,17.5,0.0,2.31,,USDA_FDC_SR_LEGACY,15112,2018-04,True,
"Fish, trout, brook, raw, New York State",,,SEAFOOD,110.0,21.23,0.0,2.73,,USDA_FDC_SR_LEGACY,15274,2018-04,True,
"Fish, trout, mixed species, cooked, dry heat",,,SEAFOOD,190.0,26.63,0.0,8.47,,USDA_FDC_SR_LEGACY,15219,2018-04,True,
"Fish, trout, mixed species, raw",,,SEAFOOD,148.0,20.77,0.0,6.61,,USDA_FDC_SR_LEGACY,15114,2018-04,True,
"Fish, trout, rainbow, farmed, cooked, dry heat",,,SEAFOOD,168.0,23.8,0.0,7.38,,USDA_FDC_SR_LEGACY,15241,2018-04,True,
"Fish, trout, rainbow, farmed, raw",,,SEAFOOD,141.0,19.94,0.0,6.18,,USDA_FDC_SR_LEGACY,15240,2018-04,True,
"Fish, trout, rainbow, wild, cooked, dry heat",,,SEAFOOD,150.0,22.92,0.0,5.82,,USDA_FDC_SR_LEGACY,15116,2018-04,True,
"Fish, trout, rainbow, wild, raw",,,SEAFOOD,119.0,20.48,0.0,3.46,,USDA_FDC_SR_LEGACY,15115,2018-04,True,
"Fish, tuna salad",,,SEAFOOD,187.0,16.04,9.41,9.26,,USDA_FDC_SR_LEGACY,15128,2018-04,True,
"Fish, tuna, fresh, bluefin, cooked, dry heat",,,SEAFOOD,184.0,29.91,0.0,6.28,,USDA_FDC_SR_LEGACY,15118,2018-04,True,
"Fish, tuna, fresh, bluefin, raw",,,SEAFOOD,144.0,23.33,0.0,4.9,,USDA_FDC_SR_LEGACY,15117,2018-04,True,
"Fish, tuna, fresh, skipjack, raw",,,SEAFOOD,103.0,22.0,0.0,1.01,,USDA_FDC_SR_LEGACY,15123,2018-04,True,
"Fish, tuna, fresh, yellowfin, raw",,,SEAFOOD,109.0,24.4,0.0,0.49,,USDA_FDC_SR_LEGACY,15127,2018-04,True,
"Fish, tuna, light, canned in oil, drained solids",,,SEAFOOD,198.0,29.13,0.0,8.21,,USDA_FDC_SR_LEGACY,15119,2018-04,True,
"Fish, tuna, light, canned in oil, without salt, drained solids",,,SEAFOOD,198.0,29.13,0.0,8.21,,USDA_FDC_SR_LEGACY,15183,2018-04,True,
"Fish, tuna, light, canned in water, drained solids",,,SEAFOOD,90.0,19.0,0.08,0.94,,USDA_FDC_FOUNDATION,15121,2026-04-30,True,
"Fish, tuna, light, canned in water, drained solids (Includes foods for USDA's Food Distribution Program)",,,SEAFOOD,86.0,19.44,0.0,0.96,,USDA_FDC_SR_LEGACY,15121,2018-04,True,
"Fish, tuna, light, canned in water, without salt, drained solids",,,SEAFOOD,116.0,25.51,0.0,0.82,,USDA_FDC_SR_LEGACY,15184,2018-04,True,
"Fish, tuna, skipjack, fresh, cooked, dry heat",,,SEAFOOD,132.0,28.21,0.0,1.29,,USDA_FDC_SR_LEGACY,15220,2018-04,True,
"Fish, tuna, white, canned in oil, drained solids",,,SEAFOOD,186.0,26.53,0.0,8.08,,USDA_FDC_SR_LEGACY,15124,2018-04,True,
"Fish, tuna, white, canned in oil, without salt, drained solids",,,SEAFOOD,186.0,26.53,0.0,8.08,,USDA_FDC_SR_LEGACY,15185,2018-04,True,
"Fish, tuna, white, canned in water, drained solids",,,SEAFOOD,128.0,23.62,0.0,2.97,,USDA_FDC_SR_LEGACY,15126,2018-04,True,
"Fish, tuna, white, canned in water, without salt, drained solids",,,SEAFOOD,128.0,23.62,0.0,2.97,,USDA_FDC_SR_LEGACY,15186,2018-04,True,
"Fish, tuna, yellowfin, fresh, cooked, dry heat",,,SEAFOOD,130.0,29.15,0.0,0.59,,USDA_FDC_SR_LEGACY,15221,2018-04,True,
"Fish, turbot, european, cooked, dry heat",,,SEAFOOD,122.0,20.58,0.0,3.78,,USDA_FDC_SR_LEGACY,15222,2018-04,True,
"Fish, turbot, european, raw",,,SEAFOOD,95.0,16.05,0.0,2.95,,USDA_FDC_SR_LEGACY,15129,2018-04,True,
"Fish, whitefish, mixed species, cooked, dry heat",,,SEAFOOD,172.0,24.47,0.0,7.51,,USDA_FDC_SR_LEGACY,15223,2018-04,True,
"Fish, whitefish, mixed species, raw",,,SEAFOOD,134.0,19.09,0.0,5.86,,USDA_FDC_SR_LEGACY,15130,2018-04,True,
"Fish, whitefish, mixed species, smoked",,,SEAFOOD,108.0,23.4,0.0,0.93,,USDA_FDC_SR_LEGACY,15131,2018-04,True,
"Fish, whiting, mixed species, cooked, dry heat",,,SEAFOOD,116.0,23.48,0.0,1.69,,USDA_FDC_SR_LEGACY,15133,2018-04,True,
"Fish, whiting, mixed species, raw",,,SEAFOOD,90.0,18.31,0.0,1.31,,USDA_FDC_SR_LEGACY,15132,2018-04,True,
"Fish, wolffish, Atlantic, cooked, dry heat",,,SEAFOOD,123.0,22.44,0.0,3.06,,USDA_FDC_SR_LEGACY,15224,2018-04,True,
"Fish, wolffish, Atlantic, raw",,,SEAFOOD,96.0,17.5,0.0,2.39,,USDA_FDC_SR_LEGACY,15134,2018-04,True,
"Fish, yellowtail, mixed species, cooked, dry heat",,,SEAFOOD,187.0,29.67,0.0,6.72,,USDA_FDC_SR_LEGACY,15225,2018-04,True,
"Fish, yellowtail, mixed species, raw",,,SEAFOOD,146.0,23.14,0.0,5.24,,USDA_FDC_SR_LEGACY,15135,2018-04,True,
"Frog legs, raw",,,SEAFOOD,73.0,16.4,0.0,0.3,,USDA_FDC_SR_LEGACY,80200,2018-04,True,
"Jellyfish, dried, salted",,,SEAFOOD,36.0,5.5,0.0,1.4,,USDA_FDC_SR_LEGACY,43497,2018-04,True,
"Lobster, tail only, frozen, wild caught",,,SEAFOOD,58.82,12.99,0.89,0.37,,USDA_FDC_FOUNDATION,100411,2026-04-30,True,
"Mahi mahi, frozen, wild caught",,,SEAFOOD,83.71,19.79,0.29,0.38,,USDA_FDC_FOUNDATION,100401,2026-04-30,True,
"Mollusks, abalone, mixed species, cooked, fried",,,SEAFOOD,189.0,19.63,11.05,6.78,,USDA_FDC_SR_LEGACY,15156,2018-04,True,
"Mollusks, abalone, mixed species, raw",,,SEAFOOD,105.0,17.1,6.01,0.76,,USDA_FDC_SR_LEGACY,15155,2018-04,True,
"Mollusks, clam, mixed species, canned, drained solids",,,SEAFOOD,142.0,24.25,5.9,1.59,,USDA_FDC_SR_LEGACY,15160,2018-04,True,
"Mollusks, clam, mixed species, canned, liquid",,,SEAFOOD,2.0,0.4,0.1,0.02,,USDA_FDC_SR_LEGACY,15162,2018-04,True,
"Mollusks, clam, mixed species, cooked, breaded and fried",,,SEAFOOD,202.0,14.24,10.33,11.15,,USDA_FDC_SR_LEGACY,15158,2018-04,True,
"Mollusks, clam, mixed species, cooked, moist heat",,,SEAFOOD,148.0,25.55,5.13,1.95,,USDA_FDC_SR_LEGACY,15159,2018-04,True,
"Mollusks, clam, mixed species, raw",,,SEAFOOD,86.0,14.67,3.57,0.96,,USDA_FDC_SR_LEGACY,15157,2018-04,True,
"Mollusks, conch, baked or broiled",,,SEAFOOD,130.0,26.3,1.7,1.2,,USDA_FDC_SR_LEGACY,15250,2018-04,True,
"Mollusks, cuttlefish, mixed species, cooked, moist heat",,,SEAFOOD,158.0,32.48,1.64,1.4,,USDA_FDC_SR_LEGACY,15229,2018-04,True,
"Mollusks, cuttlefish, mixed species, raw",,,SEAFOOD,79.0,16.24,0.82,0.7,,USDA_FDC_SR_LEGACY,15163,2018-04,True,
"Mollusks, mussel, blue, cooked, moist heat",,,SEAFOOD,172.0,23.8,7.39,4.48,,USDA_FDC_SR_LEGACY,15165,2018-04,True,
"Mollusks, mussel, blue, raw",,,SEAFOOD,86.0,11.9,3.69,2.24,,USDA_FDC_SR_LEGACY,15164,2018-04,True,
"Mollusks, octopus, common, cooked, moist heat",,,SEAFOOD,164.0,29.82,4.4,2.08,,USDA_FDC_SR_LEGACY,15230,2018-04,True,
"Mollusks, octopus, common, raw",,,SEAFOOD,82.0,14.91,2.2,1.04,,USDA_FDC_SR_LEGACY,15166,2018-04,True,
"Mollusks, oyster, Pacific, cooked, moist heat",,,SEAFOOD,163.0,18.9,9.9,4.6,,USDA_FDC_SR_LEGACY,15231,2018-04,True,
"Mollusks, oyster, Pacific, raw",,,SEAFOOD,81.0,9.45,4.95,2.3,,USDA_FDC_SR_LEGACY,15171,2018-04,True,
"Mollusks, oyster, eastern, canned",,,SEAFOOD,68.0,7.06,3.91,2.47,,USDA_FDC_SR_LEGACY,15170,2018-04,True,
"Mollusks, oyster, eastern, cooked, breaded and fried",,,SEAFOOD,199.0,8.77,11.62,12.58,,USDA_FDC_SR_LEGACY,15168,2018-04,True,
"Mollusks, oyster, eastern, farmed, cooked, dry heat",,,SEAFOOD,79.0,7.0,7.28,2.12,,USDA_FDC_SR_LEGACY,15246,2018-04,True,
"Mollusks, oyster, eastern, farmed, raw",,,SEAFOOD,59.0,5.22,5.53,1.55,,USDA_FDC_SR_LEGACY,15245,2018-04,True,
"Mollusks, oyster, eastern, wild, cooked, dry heat",,,SEAFOOD,79.0,8.87,4.23,2.65,,USDA_FDC_SR_LEGACY,15244,2018-04,True,
"Mollusks, oyster, eastern, wild, cooked, moist heat",,,SEAFOOD,102.0,11.42,5.45,3.42,,USDA_FDC_SR_LEGACY,15169,2018-04,True,
"Mollusks, oyster, eastern, wild, raw",,,SEAFOOD,51.0,5.71,2.72,1.71,,USDA_FDC_SR_LEGACY,15167,2018-04,True,
"Mollusks, scallop, (bay and sea), cooked, steamed",,,SEAFOOD,111.0,20.54,5.41,0.84,,USDA_FDC_SR_LEGACY,90240,2018-04,True,
"Mollusks, scallop, mixed species, cooked, breaded and fried",,,SEAFOOD,216.0,18.07,10.13,10.94,,USDA_FDC_SR_LEGACY,15173,2018-04,True,
"Mollusks, scallop, mixed species, imitation, made from surimi",,,SEAFOOD,99.0,12.77,10.62,0.41,,USDA_FDC_SR_LEGACY,15174,2018-04,True,
"Mollusks, scallop, mixed species, raw",,,SEAFOOD,69.0,12.06,3.18,0.49,,USDA_FDC_SR_LEGACY,15172,2018-04,True,
"Mollusks, snail, raw",,,SEAFOOD,90.0,16.1,2.0,1.4,,USDA_FDC_SR_LEGACY,90560,2018-04,True,
"Mollusks, squid, mixed species, cooked, fried",,,SEAFOOD,175.0,17.94,7.79,7.48,,USDA_FDC_SR_LEGACY,15176,2018-04,True,
"Mollusks, squid, mixed species, raw",,,SEAFOOD,92.0,15.58,3.08,1.38,,USDA_FDC_SR_LEGACY,15175,2018-04,True,
"Mollusks, whelk, unspecified, cooked, moist heat",,,SEAFOOD,275.0,47.68,15.52,0.8,,USDA_FDC_SR_LEGACY,15178,2018-04,True,
"Mollusks, whelk, unspecified, raw",,,SEAFOOD,137.0,23.84,7.76,0.4,,USDA_FDC_SR_LEGACY,15177,2018-04,True,
"Salmon nuggets, breaded, frozen, heated",,,SEAFOOD,212.0,12.69,13.96,11.72,,USDA_FDC_SR_LEGACY,15251,2018-04,True,
"Salmon nuggets, cooked as purchased, unheated",,,SEAFOOD,189.0,11.97,11.85,10.43,,USDA_FDC_SR_LEGACY,15252,2018-04,True,
"Salmon, sockeye, canned, drained solids, without skin and bones",,,SEAFOOD,158.0,26.33,0.0,5.87,,USDA_FDC_SR_LEGACY,15264,2018-04,True,
"Salmon, sockeye, canned, total can contents",,,SEAFOOD,153.0,20.63,0.0,7.17,,USDA_FDC_SR_LEGACY,15253,2018-04,True,
"Scallops, bay, Patagonian, frozen, wild caught",,,SEAFOOD,78.46,16.39,2.28,0.42,,USDA_FDC_FOUNDATION,100409,2026-04-30,True,
"Scallops, sea, frozen, wild caught",,,SEAFOOD,66.35,13.51,1.97,0.49,,USDA_FDC_FOUNDATION,100408,2026-04-30,True,
"Sea bass, Chilean, frozen, wild caught",,,SEAFOOD,209.39,14.92,0.14,16.57,,USDA_FDC_FOUNDATION,100405,2026-04-30,True,
"Snapper, frozen, wild caught",,,SEAFOOD,89.54,20.66,0.44,0.57,,USDA_FDC_FOUNDATION,100404,2026-04-30,True,
"Snow crab, legs only, frozen",,,SEAFOOD,69.22,15.54,1.11,0.29,,USDA_FDC_FOUNDATION,100410,2026-04-30,True,
"Squid (calamari), frozen, tubes only",,,SEAFOOD,43.91,8.81,0.93,0.55,,USDA_FDC_FOUNDATION,100403,2026-04-30,True,
"Swordfish, frozen, wild caught",,,SEAFOOD,151.85,19.24,0.45,8.12,,USDA_FDC_FOUNDATION,100402,2026-04-30,True,
"Turtle, green, raw",,,SEAFOOD,89.0,19.8,0.0,0.5,,USDA_FDC_SR_LEGACY,93600,2018-04,True,
"Baking chocolate, MARS SNACKFOOD US, M&M's Milk Chocolate Mini Baking Bits",,,SWEETS_SNACKS,502.0,4.78,68.4,23.36,,USDA_FDC_SR_LEGACY,19146,2018-04,True,
"Baking chocolate, MARS SNACKFOOD US, M&M's Semisweet Chocolate Mini Baking Bits",,,SWEETS_SNACKS,517.0,4.44,65.96,26.15,,USDA_FDC_SR_LEGACY,19139,2018-04,True,
"Baking chocolate, mexican, squares",,,SWEETS_SNACKS,426.0,3.64,77.41,15.59,,USDA_FDC_SR_LEGACY,19124,2018-04,True,
"Baking chocolate, unsweetened, liquid",,,SWEETS_SNACKS,472.0,12.1,36.2,47.7,,USDA_FDC_SR_LEGACY,19077,2018-04,True,
"Baking chocolate, unsweetened, squares",,,SWEETS_SNACKS,642.0,14.32,28.42,52.31,,USDA_FDC_SR_LEGACY,19078,2018-04,True,
"Breakfast bar, corn flake crust with fruit",,,SWEETS_SNACKS,376.0,4.4,72.8,7.5,,USDA_FDC_SR_LEGACY,43595,2018-04,True,
"Breakfast bars, oats, sugar, raisins, coconut (include granola bar)",,,SWEETS_SNACKS,464.0,9.8,66.7,17.6,,USDA_FDC_SR_LEGACY,43100,2018-04,True,
"Candies, 5TH AVENUE Candy Bar",,,SWEETS_SNACKS,482.0,8.78,62.68,23.98,,USDA_FDC_SR_LEGACY,19098,2018-04,True,
"Candies, ALMOND JOY Candy Bar",,,SWEETS_SNACKS,479.0,4.13,59.51,26.93,,USDA_FDC_SR_LEGACY,19065,2018-04,True,
"Candies, CARAMELLO Candy Bar",,,SWEETS_SNACKS,462.0,6.19,63.81,21.19,,USDA_FDC_SR_LEGACY,19075,2018-04,True,
"Candies, HEATH BITES",,,SWEETS_SNACKS,530.0,3.94,63.39,30.38,,USDA_FDC_SR_LEGACY,19243,2018-04,True,
"Candies, HERSHEY'S GOLDEN ALMOND SOLITAIRES",,,SWEETS_SNACKS,569.0,11.97,46.85,37.13,,USDA_FDC_SR_LEGACY,19084,2018-04,True,
"Candies, HERSHEY'S MILK CHOCOLATE WITH ALMOND BITES",,,SWEETS_SNACKS,568.0,9.76,51.72,35.73,,USDA_FDC_SR_LEGACY,19236,2018-04,True,
"Candies, HERSHEY'S POT OF GOLD Almond Bar",,,SWEETS_SNACKS,577.0,12.82,44.89,38.46,,USDA_FDC_SR_LEGACY,19130,2018-04,True,
"Candies, HERSHEY'S SKOR Toffee Bar",,,SWEETS_SNACKS,541.0,3.13,63.73,30.37,,USDA_FDC_SR_LEGACY,19136,2018-04,True,
"Candies, HERSHEY'S, ALMOND JOY BITES",,,SWEETS_SNACKS,563.0,5.58,57.54,34.5,,USDA_FDC_SR_LEGACY,19248,2018-04,True,
"Candies, HERSHEY, KIT KAT BIG KAT Bar",,,SWEETS_SNACKS,520.0,6.24,63.64,27.84,,USDA_FDC_SR_LEGACY,19250,2018-04,True,
"Candies, HERSHEY, REESESTICKS crispy wafers, peanut butter, milk chocolate",,,SWEETS_SNACKS,521.0,9.53,55.38,31.34,,USDA_FDC_SR_LEGACY,19249,2018-04,True,
"Candies, HERSHEYS, PAYDAY Bar",,,SWEETS_SNACKS,490.0,13.44,52.88,25.0,,USDA_FDC_SR_LEGACY,19923,2018-04,True,
"Candies, KIT KAT Wafer Bar",,,SWEETS_SNACKS,518.0,6.51,64.59,25.99,,USDA_FDC_SR_LEGACY,19109,2018-04,True,
"Candies, KRACKEL Chocolate Bar",,,SWEETS_SNACKS,523.0,6.62,64.34,26.58,,USDA_FDC_SR_LEGACY,19110,2018-04,True,
"Candies, M&M MARS 3 MUSKETEERS Truffle Crisp",,,SWEETS_SNACKS,538.0,6.41,63.15,28.85,,USDA_FDC_SR_LEGACY,19914,2018-04,True,
"Candies, M&M MARS Pretzel Chocolate Candies",,,SWEETS_SNACKS,447.0,5.0,72.94,15.0,,USDA_FDC_SR_LEGACY,19917,2018-04,True,
"Candies, MARS SNACKFOOD US, 3 MUSKETEERS Bar",,,SWEETS_SNACKS,436.0,2.6,77.77,12.75,,USDA_FDC_SR_LEGACY,19159,2018-04,True,
"Candies, MARS SNACKFOOD US, COCOAVIA Blueberry and Almond Chocolate Bar",,,SWEETS_SNACKS,525.0,6.35,60.37,28.68,,USDA_FDC_SR_LEGACY,19327,2018-04,True,
"Candies, MARS SNACKFOOD US, COCOAVIA Chocolate Bar",,,SWEETS_SNACKS,539.0,5.81,62.99,29.3,,USDA_FDC_SR_LEGACY,19326,2018-04,True,
"Candies, MARS SNACKFOOD US, COCOAVIA Chocolate Covered Almonds",,,SWEETS_SNACKS,573.0,9.51,50.22,37.07,,USDA_FDC_SR_LEGACY,19897,2018-04,True,
"Candies, MARS SNACKFOOD US, COCOAVIA Crispy Chocolate Bar",,,SWEETS_SNACKS,517.0,8.21,62.06,26.23,,USDA_FDC_SR_LEGACY,19328,2018-04,True,
"Candies, MARS SNACKFOOD US, DOVE Dark Chocolate",,,SWEETS_SNACKS,520.0,5.19,59.4,32.45,,USDA_FDC_SR_LEGACY,19255,2018-04,True,
"Candies, MARS SNACKFOOD US, DOVE Milk Chocolate",,,SWEETS_SNACKS,546.0,5.94,59.78,31.72,,USDA_FDC_SR_LEGACY,19254,2018-04,True,
"Candies, MARS SNACKFOOD US, M&M's Almond Chocolate Candies",,,SWEETS_SNACKS,522.0,7.53,60.5,27.76,,USDA_FDC_SR_LEGACY,42227,2018-04,True,
"Candies, MARS SNACKFOOD US, M&M's Crispy Chocolate Candies",,,SWEETS_SNACKS,475.0,4.28,72.4,19.32,,USDA_FDC_SR_LEGACY,19292,2018-04,True,
"Candies, MARS SNACKFOOD US, M&M's MINIs Milk Chocolate Candies",,,SWEETS_SNACKS,502.0,4.78,68.4,23.36,,USDA_FDC_SR_LEGACY,19157,2018-04,True,
"Candies, MARS SNACKFOOD US, M&M's Milk Chocolate Candies",,,SWEETS_SNACKS,492.0,4.33,71.19,21.13,,USDA_FDC_SR_LEGACY,19141,2018-04,True,
"Candies, MARS SNACKFOOD US, M&M's Peanut Butter Chocolate Candies",,,SWEETS_SNACKS,529.0,10.16,56.89,29.32,,USDA_FDC_SR_LEGACY,42148,2018-04,True,
"Candies, MARS SNACKFOOD US, M&M's Peanut Chocolate Candies",,,SWEETS_SNACKS,515.0,9.57,60.48,26.13,,USDA_FDC_SR_LEGACY,19140,2018-04,True,
"Candies, MARS SNACKFOOD US, MARS Almond Bar",,,SWEETS_SNACKS,467.0,8.1,62.7,23.0,,USDA_FDC_SR_LEGACY,19115,2018-04,True,
"Candies, MARS SNACKFOOD US, MILKY WAY Bar",,,SWEETS_SNACKS,456.0,4.01,71.17,17.23,,USDA_FDC_SR_LEGACY,19135,2018-04,True,
"Candies, MARS SNACKFOOD US, MILKY WAY Caramels, milk chocolate covered",,,SWEETS_SNACKS,463.0,4.28,68.49,19.17,,USDA_FDC_SR_LEGACY,19256,2018-04,True,
"Candies, MARS SNACKFOOD US, MILKY WAY Caramels. dark chocolate covered",,,SWEETS_SNACKS,458.0,3.82,67.56,20.42,,USDA_FDC_SR_LEGACY,19258,2018-04,True,
"Candies, MARS SNACKFOOD US, MILKY WAY Midnight Bar",,,SWEETS_SNACKS,443.0,3.2,71.22,17.5,,USDA_FDC_SR_LEGACY,42196,2018-04,True,
"Candies, MARS SNACKFOOD US, POP'ABLES 3 MUSKETEERS Brand Bite Size Candies",,,SWEETS_SNACKS,443.0,2.59,75.94,15.17,,USDA_FDC_SR_LEGACY,19308,2018-04,True,
"Candies, MARS SNACKFOOD US, POP'ABLES MILKY WAY Brand Bite Size Candies",,,SWEETS_SNACKS,463.0,3.3,71.85,18.0,,USDA_FDC_SR_LEGACY,19307,2018-04,True,
"Candies, MARS SNACKFOOD US, POP'ABLES SNICKERS Brand Bite Size Candies",,,SWEETS_SNACKS,480.0,7.15,61.07,24.32,,USDA_FDC_SR_LEGACY,19306,2018-04,True,
"Candies, MARS SNACKFOOD US, SKITTLES Original Bite Size Candies",,,SWEETS_SNACKS,405.0,0.19,90.78,4.37,,USDA_FDC_SR_LEGACY,19370,2018-04,True,
"Candies, MARS SNACKFOOD US, SKITTLES Sours Original",,,SWEETS_SNACKS,401.0,0.18,91.02,4.0,,USDA_FDC_SR_LEGACY,19369,2018-04,True,
"Candies, MARS SNACKFOOD US, SKITTLES Tropical Bite Size Candies",,,SWEETS_SNACKS,405.0,0.19,90.77,4.34,,USDA_FDC_SR_LEGACY,19368,2018-04,True,
"Candies, MARS SNACKFOOD US, SKITTLES Wild Berry Bite Size Candies",,,SWEETS_SNACKS,402.0,0.19,90.76,4.25,,USDA_FDC_SR_LEGACY,19363,2018-04,True,
"Candies, MARS SNACKFOOD US, SNICKERS Almond bar",,,SWEETS_SNACKS,472.0,5.4,64.67,22.4,,USDA_FDC_SR_LEGACY,19302,2018-04,True,
"Candies, MARS SNACKFOOD US, SNICKERS Bar",,,SWEETS_SNACKS,491.0,7.53,61.51,23.85,,USDA_FDC_SR_LEGACY,19155,2018-04,True,
"Candies, MARS SNACKFOOD US, SNICKERS CRUNCHER",,,SWEETS_SNACKS,488.0,6.86,62.85,24.38,,USDA_FDC_SR_LEGACY,19359,2018-04,True,
"Candies, MARS SNACKFOOD US, SNICKERS MUNCH bar",,,SWEETS_SNACKS,536.0,15.25,43.64,36.22,,USDA_FDC_SR_LEGACY,19295,2018-04,True,
"Candies, MARS SNACKFOOD US, STARBURST Fruit Chews, Fruit and Creme",,,SWEETS_SNACKS,408.0,0.41,82.43,8.36,,USDA_FDC_SR_LEGACY,19309,2018-04,True,
"Candies, MARS SNACKFOOD US, STARBURST Fruit Chews, Original fruits",,,SWEETS_SNACKS,408.0,0.41,82.57,8.21,,USDA_FDC_SR_LEGACY,19156,2018-04,True,
"Candies, MARS SNACKFOOD US, STARBURST Fruit Chews, Tropical fruits",,,SWEETS_SNACKS,409.0,0.41,82.76,8.31,,USDA_FDC_SR_LEGACY,19313,2018-04,True,
"Candies, MARS SNACKFOOD US, STARBURST Sour Fruit Chews",,,SWEETS_SNACKS,400.0,0.39,79.73,7.78,,USDA_FDC_SR_LEGACY,19315,2018-04,True,
"Candies, MARS SNACKFOOD US, TWIX Caramel Cookie Bars",,,SWEETS_SNACKS,502.0,4.91,64.8,24.85,,USDA_FDC_SR_LEGACY,19160,2018-04,True,
"Candies, MARS SNACKFOOD US, TWIX Peanut Butter Cookie Bars",,,SWEETS_SNACKS,547.0,9.18,54.14,32.67,,USDA_FDC_SR_LEGACY,19161,2018-04,True,
"Candies, MARS SNACKFOOD US, TWIX chocolate fudge cookie bars",,,SWEETS_SNACKS,553.0,7.3,56.0,33.3,,USDA_FDC_SR_LEGACY,42183,2018-04,True,
"Candies, MOUNDS Candy Bar",,,SWEETS_SNACKS,493.0,4.6,58.88,26.6,,USDA_FDC_SR_LEGACY,19142,2018-04,True,
"Candies, MR. GOODBAR Chocolate Bar",,,SWEETS_SNACKS,538.0,10.22,54.34,33.21,,USDA_FDC_SR_LEGACY,19143,2018-04,True,
"Candies, NESTLE, 100 GRAND Bar",,,SWEETS_SNACKS,468.0,2.5,70.97,19.33,,USDA_FDC_SR_LEGACY,19144,2018-04,True,
"Candies, NESTLE, AFTER EIGHT Mints",,,SWEETS_SNACKS,432.0,1.67,79.53,11.9,,USDA_FDC_SR_LEGACY,19153,2018-04,True,
"Candies, NESTLE, BABY RUTH Bar",,,SWEETS_SNACKS,475.0,5.4,64.8,21.6,,USDA_FDC_SR_LEGACY,19111,2018-04,True,
"Candies, NESTLE, BIT-O'-HONEY Candy Chews",,,SWEETS_SNACKS,388.0,2.0,80.89,7.5,,USDA_FDC_SR_LEGACY,19068,2018-04,True,
"Candies, NESTLE, BUTTERFINGER Bar",,,SWEETS_SNACKS,459.0,5.4,72.9,18.9,,USDA_FDC_SR_LEGACY,19069,2018-04,True,
"Candies, NESTLE, BUTTERFINGER Crisp",,,SWEETS_SNACKS,465.0,6.67,68.45,18.33,,USDA_FDC_SR_LEGACY,19913,2018-04,True,
"Candies, NESTLE, CHUNKY Bar",,,SWEETS_SNACKS,519.0,7.5,60.4,27.5,,USDA_FDC_SR_LEGACY,19119,2018-04,True,
"Candies, NESTLE, CRUNCH Bar and Dessert Topping",,,SWEETS_SNACKS,500.0,5.0,67.0,26.0,,USDA_FDC_SR_LEGACY,19145,2018-04,True,
"Candies, NESTLE, GOOBERS Chocolate Covered Peanuts",,,SWEETS_SNACKS,512.0,9.7,53.0,34.0,,USDA_FDC_SR_LEGACY,19105,2018-04,True,
"Candies, NESTLE, OH HENRY! Bar",,,SWEETS_SNACKS,462.0,7.7,65.5,23.0,,USDA_FDC_SR_LEGACY,19118,2018-04,True,
"Candies, NESTLE, RAISINETS Chocolate Covered Raisins",,,SWEETS_SNACKS,422.0,4.4,71.0,17.0,,USDA_FDC_SR_LEGACY,19149,2018-04,True,
"Candies, REESE'S BITES",,,SWEETS_SNACKS,521.0,11.34,55.18,29.85,,USDA_FDC_SR_LEGACY,19238,2018-04,True,
"Candies, REESE'S NUTRAGEOUS Candy Bar",,,SWEETS_SNACKS,517.0,11.28,52.8,32.09,,USDA_FDC_SR_LEGACY,19239,2018-04,True,
"Candies, REESE'S PIECES Candy",,,SWEETS_SNACKS,497.0,12.46,59.86,24.77,,USDA_FDC_SR_LEGACY,19151,2018-04,True,
"Candies, REESE'S Peanut Butter Cups",,,SWEETS_SNACKS,515.0,10.24,55.36,30.53,,USDA_FDC_SR_LEGACY,19150,2018-04,True,
"Candies, REESE'S, FAST BREAK, milk chocolate peanut butter and soft nougats",,,SWEETS_SNACKS,474.0,8.66,61.6,23.42,,USDA_FDC_SR_LEGACY,19252,2018-04,True,
"Candies, REESE's Fast Break, milk chocolate, peanut butter, soft nougats, candy bar",,,SWEETS_SNACKS,495.0,8.93,63.9,23.21,,USDA_FDC_SR_LEGACY,19896,2018-04,True,
"Candies, ROLO Caramels in Milk Chocolate",,,SWEETS_SNACKS,474.0,5.08,67.95,20.93,,USDA_FDC_SR_LEGACY,19152,2018-04,True,
"Candies, SPECIAL DARK Chocolate Bar",,,SWEETS_SNACKS,556.0,5.54,60.49,32.4,,USDA_FDC_SR_LEGACY,19164,2018-04,True,
"Candies, SYMPHONY Milk Chocolate Bar",,,SWEETS_SNACKS,531.0,8.51,58.01,30.57,,USDA_FDC_SR_LEGACY,19093,2018-04,True,
"Candies, TOBLERONE, milk chocolate with honey and almond nougat",,,SWEETS_SNACKS,489.0,5.71,61.21,28.57,,USDA_FDC_SR_LEGACY,19001,2018-04,True,
"Candies, TOOTSIE ROLL, chocolate-flavor roll",,,SWEETS_SNACKS,387.0,1.59,87.73,3.31,,USDA_FDC_SR_LEGACY,19064,2018-04,True,
"Candies, TWIZZLERS CHERRY BITES",,,SWEETS_SNACKS,338.0,2.97,79.38,1.7,,USDA_FDC_SR_LEGACY,19067,2018-04,True,
"Candies, TWIZZLERS NIBS CHERRY BITS",,,SWEETS_SNACKS,347.0,2.3,79.37,2.64,,USDA_FDC_SR_LEGACY,19092,2018-04,True,
"Candies, TWIZZLERS Strawberry Twists Candy",,,SWEETS_SNACKS,348.0,2.56,79.16,2.32,,USDA_FDC_SR_LEGACY,19112,2018-04,True,
"Candies, Tamarind",,,SWEETS_SNACKS,331.0,0.0,91.96,0.0,,USDA_FDC_SR_LEGACY,19921,2018-04,True,
"Candies, WHATCHAMACALLIT Candy Bar",,,SWEETS_SNACKS,494.0,8.04,63.23,23.68,,USDA_FDC_SR_LEGACY,19162,2018-04,True,
"Candies, YORK BITES",,,SWEETS_SNACKS,394.0,1.78,81.64,7.32,,USDA_FDC_SR_LEGACY,19181,2018-04,True,
"Candies, YORK Peppermint Pattie",,,SWEETS_SNACKS,384.0,2.19,80.99,7.17,,USDA_FDC_SR_LEGACY,19091,2018-04,True,
"Candies, butterscotch",,,SWEETS_SNACKS,391.0,0.03,90.4,3.3,,USDA_FDC_SR_LEGACY,19070,2018-04,True,
"Candies, caramels",,,SWEETS_SNACKS,382.0,4.6,77.0,8.1,,USDA_FDC_SR_LEGACY,19074,2018-04,True,
"Candies, caramels, chocolate-flavor roll",,,SWEETS_SNACKS,387.0,1.59,87.73,3.31,,USDA_FDC_SR_LEGACY,19076,2018-04,True,
"Candies, carob, unsweetened",,,SWEETS_SNACKS,540.0,8.15,56.29,31.36,,USDA_FDC_SR_LEGACY,19071,2018-04,True,
"Candies, chocolate covered, caramel with nuts",,,SWEETS_SNACKS,470.0,9.5,60.67,21.0,,USDA_FDC_SR_LEGACY,43031,2018-04,True,
"Candies, chocolate covered, low sugar or low calorie",,,SWEETS_SNACKS,590.0,12.39,37.68,43.27,,USDA_FDC_SR_LEGACY,43059,2018-04,True,
"Candies, chocolate, dark, NFS (45-59% cacao solids 90%; 60-69% cacao solids 5%; 70-85% cacao solids 5%)",,,SWEETS_SNACKS,550.0,5.09,59.97,32.2,,USDA_FDC_SR_LEGACY,19905,2018-04,True,
"Candies, coconut bar, not chocolate covered",,,SWEETS_SNACKS,481.0,2.13,55.87,27.65,,USDA_FDC_SR_LEGACY,19922,2018-04,True,
"Candies, confectioner's coating, butterscotch",,,SWEETS_SNACKS,539.0,2.2,67.1,29.05,,USDA_FDC_SR_LEGACY,19085,2018-04,True,
"Candies, confectioner's coating, peanut butter",,,SWEETS_SNACKS,529.0,18.3,46.88,29.8,,USDA_FDC_SR_LEGACY,19086,2018-04,True,
"Candies, confectioner's coating, yogurt",,,SWEETS_SNACKS,522.0,5.87,63.94,27.0,,USDA_FDC_SR_LEGACY,19079,2018-04,True,
"Candies, crispy bar with peanut butter filling",,,SWEETS_SNACKS,542.0,9.53,55.53,31.34,,USDA_FDC_SR_LEGACY,19910,2018-04,True,
"Candies, dark chocolate coated coffee beans",,,SWEETS_SNACKS,540.0,7.5,59.95,30.0,,USDA_FDC_SR_LEGACY,19268,2018-04,True,
"Candies, divinity, prepared-from-recipe",,,SWEETS_SNACKS,364.0,1.32,89.05,0.06,,USDA_FDC_SR_LEGACY,19384,2018-04,True,
"Candies, fondant, prepared-from-recipe",,,SWEETS_SNACKS,373.0,0.0,93.18,0.02,,USDA_FDC_SR_LEGACY,19099,2018-04,True,
"Candies, fruit snacks, with high vitamin C",,,SWEETS_SNACKS,352.0,0.08,87.97,0.0,,USDA_FDC_SR_LEGACY,19919,2018-04,True,
"Candies, fudge, chocolate marshmallow, prepared-from-recipe",,,SWEETS_SNACKS,453.0,2.26,71.34,17.48,,USDA_FDC_SR_LEGACY,19379,2018-04,True,
"Candies, fudge, chocolate marshmallow, with nuts, prepared-by-recipe",,,SWEETS_SNACKS,474.0,3.24,67.69,21.11,,USDA_FDC_SR_LEGACY,19301,2018-04,True,
"Candies, fudge, chocolate, prepared-from-recipe",,,SWEETS_SNACKS,410.0,2.39,76.7,10.41,,USDA_FDC_SR_LEGACY,19100,2018-04,True,
"Candies, fudge, chocolate, with nuts, prepared-from-recipe",,,SWEETS_SNACKS,460.0,4.38,68.15,18.93,,USDA_FDC_SR_LEGACY,19101,2018-04,True,
"Candies, fudge, peanut butter, prepared-from-recipe",,,SWEETS_SNACKS,387.0,3.78,77.75,6.59,,USDA_FDC_SR_LEGACY,19102,2018-04,True,
"Candies, fudge, vanilla with nuts",,,SWEETS_SNACKS,435.0,3.0,74.61,13.69,,USDA_FDC_SR_LEGACY,19104,2018-04,True,
"Candies, fudge, vanilla, prepared-from-recipe",,,SWEETS_SNACKS,383.0,1.05,82.15,5.45,,USDA_FDC_SR_LEGACY,19103,2018-04,True,
"Candies, gum drops, no sugar or low calorie (sorbitol)",,,SWEETS_SNACKS,354.0,0.0,88.1,0.2,,USDA_FDC_SR_LEGACY,43057,2018-04,True,
"Candies, gumdrops, starch jelly pieces",,,SWEETS_SNACKS,396.0,0.0,98.9,0.0,,USDA_FDC_SR_LEGACY,19106,2018-04,True,
"Candies, halavah, plain",,,SWEETS_SNACKS,469.0,12.49,60.49,21.52,,USDA_FDC_SR_LEGACY,19117,2018-04,True,
"Candies, hard",,,SWEETS_SNACKS,394.0,0.0,98.0,0.2,,USDA_FDC_SR_LEGACY,19107,2018-04,True,
"Candies, hard, dietetic or low calorie (sorbitol)",,,SWEETS_SNACKS,394.0,0.0,98.6,0.0,,USDA_FDC_SR_LEGACY,43058,2018-04,True,
"Candies, honey-combed, with peanut butter",,,SWEETS_SNACKS,473.0,8.72,67.41,20.18,,USDA_FDC_SR_LEGACY,19025,2018-04,True,
"Candies, jellybeans",,,SWEETS_SNACKS,375.0,0.0,93.55,0.05,,USDA_FDC_SR_LEGACY,19108,2018-04,True,
"Candies, marshmallows",,,SWEETS_SNACKS,318.0,1.8,81.3,0.2,,USDA_FDC_SR_LEGACY,19116,2018-04,True,
"Candies, milk chocolate",,,SWEETS_SNACKS,535.0,7.65,59.4,29.66,,USDA_FDC_SR_LEGACY,19120,2018-04,True,
"Candies, milk chocolate coated coffee beans",,,SWEETS_SNACKS,549.0,7.41,55.25,33.18,,USDA_FDC_SR_LEGACY,19279,2018-04,True,
"Candies, milk chocolate coated peanuts",,,SWEETS_SNACKS,519.0,13.1,49.7,33.5,,USDA_FDC_SR_LEGACY,19126,2018-04,True,
"Candies, milk chocolate coated raisins",,,SWEETS_SNACKS,390.0,4.1,68.4,14.8,,USDA_FDC_SR_LEGACY,19127,2018-04,True,
"Candies, milk chocolate, with almonds",,,SWEETS_SNACKS,526.0,9.0,53.4,34.4,,USDA_FDC_SR_LEGACY,19132,2018-04,True,
"Candies, milk chocolate, with rice cereal",,,SWEETS_SNACKS,511.0,7.64,59.67,29.37,,USDA_FDC_SR_LEGACY,19134,2018-04,True,
"Candies, nougat, with almonds",,,SWEETS_SNACKS,398.0,3.33,92.39,1.67,,USDA_FDC_SR_LEGACY,43046,2018-04,True,
"Candies, peanut bar",,,SWEETS_SNACKS,522.0,15.5,47.4,33.7,,USDA_FDC_SR_LEGACY,19147,2018-04,True,
"Candies, peanut brittle, prepared-from-recipe",,,SWEETS_SNACKS,486.0,7.57,71.24,18.98,,USDA_FDC_SR_LEGACY,19148,2018-04,True,
"Candies, praline, prepared-from-recipe",,,SWEETS_SNACKS,485.0,3.3,59.59,25.9,,USDA_FDC_SR_LEGACY,19216,2018-04,True,
"Candies, semisweet chocolate",,,SWEETS_SNACKS,480.0,4.2,63.9,30.0,,USDA_FDC_SR_LEGACY,19080,2018-04,True,
"Candies, semisweet chocolate, made with butter",,,SWEETS_SNACKS,477.0,4.2,63.4,29.7,,USDA_FDC_SR_LEGACY,19701,2018-04,True,
"Candies, sesame crunch",,,SWEETS_SNACKS,516.0,11.6,50.3,33.3,,USDA_FDC_SR_LEGACY,19154,2018-04,True,
"Candies, soft fruit and nut squares",,,SWEETS_SNACKS,390.0,2.31,73.81,9.52,,USDA_FDC_SR_LEGACY,19866,2018-04,True,
"Candies, sugar-coated almonds",,,SWEETS_SNACKS,465.0,10.0,68.26,17.93,,USDA_FDC_SR_LEGACY,19858,2018-04,True,
"Candies, sweet chocolate",,,SWEETS_SNACKS,507.0,3.9,60.4,34.2,,USDA_FDC_SR_LEGACY,19081,2018-04,True,
"Candies, sweet chocolate coated fondant",,,SWEETS_SNACKS,366.0,2.2,80.4,9.3,,USDA_FDC_SR_LEGACY,19083,2018-04,True,
"Candies, taffy, prepared-from-recipe",,,SWEETS_SNACKS,397.0,0.03,91.56,3.33,,USDA_FDC_SR_LEGACY,19382,2018-04,True,
"Candies, toffee, prepared-from-recipe",,,SWEETS_SNACKS,560.0,1.07,64.72,32.75,,USDA_FDC_SR_LEGACY,19383,2018-04,True,
"Candies, truffles, prepared-from-recipe",,,SWEETS_SNACKS,510.0,6.21,44.88,33.76,,USDA_FDC_SR_LEGACY,19138,2018-04,True,
"Candies, white chocolate",,,SWEETS_SNACKS,539.0,5.87,59.24,32.09,,USDA_FDC_SR_LEGACY,19087,2018-04,True,
"Cheese puffs and twists, corn based, baked, low fat",,,SWEETS_SNACKS,432.0,8.5,72.35,12.1,,USDA_FDC_SR_LEGACY,19434,2018-04,True,
Chewing gum,,,SWEETS_SNACKS,360.0,0.0,96.7,0.3,,USDA_FDC_SR_LEGACY,19163,2018-04,True,
"Chewing gum, sugarless",,,SWEETS_SNACKS,268.0,0.0,94.8,0.4,,USDA_FDC_SR_LEGACY,43060,2018-04,True,
"Chocolate, dark, 45- 59% cacao solids",,,SWEETS_SNACKS,546.0,4.88,61.17,31.28,,USDA_FDC_SR_LEGACY,19902,2018-04,True,
"Chocolate, dark, 60-69% cacao solids",,,SWEETS_SNACKS,579.0,6.12,52.42,38.31,,USDA_FDC_SR_LEGACY,19903,2018-04,True,
"Chocolate, dark, 70-85% cacao solids",,,SWEETS_SNACKS,598.0,7.79,45.9,42.63,,USDA_FDC_SR_LEGACY,19904,2018-04,True,
Chocolate-flavored hazelnut spread,,,SWEETS_SNACKS,539.0,5.41,62.36,29.73,,USDA_FDC_SR_LEGACY,19125,2018-04,True,
"Cocoa, dry powder, hi-fat or breakfast, processed with alkali",,,SWEETS_SNACKS,479.0,16.8,49.71,23.71,,USDA_FDC_SR_LEGACY,19860,2018-04,True,
"Cocoa, dry powder, unsweetened",,,SWEETS_SNACKS,228.0,19.6,57.9,13.7,,USDA_FDC_SR_LEGACY,19165,2018-04,True,
"Cocoa, dry powder, unsweetened, HERSHEY'S European Style Cocoa",,,SWEETS_SNACKS,410.0,20.0,60.0,10.0,,USDA_FDC_SR_LEGACY,19171,2018-04,True,
"Cocoa, dry powder, unsweetened, processed with alkali",,,SWEETS_SNACKS,220.0,18.1,58.3,13.1,,USDA_FDC_SR_LEGACY,19166,2018-04,True,
"Desserts, apple crisp, prepared-from-recipe",,,SWEETS_SNACKS,161.0,1.75,30.84,3.43,,USDA_FDC_SR_LEGACY,19186,2018-04,True,
"Desserts, egg custard, baked, prepared-from-recipe",,,SWEETS_SNACKS,104.0,5.02,11.0,4.58,,USDA_FDC_SR_LEGACY,19168,2018-04,True,
"Desserts, flan, caramel custard, prepared-from-recipe",,,SWEETS_SNACKS,145.0,4.53,22.78,4.03,,USDA_FDC_SR_LEGACY,19094,2018-04,True,
"Desserts, mousse, chocolate, prepared-from-recipe",,,SWEETS_SNACKS,225.0,4.14,16.07,16.0,,USDA_FDC_SR_LEGACY,19182,2018-04,True,
"Desserts, rennin, chocolate, dry mix",,,SWEETS_SNACKS,363.0,2.4,91.5,3.3,,USDA_FDC_SR_LEGACY,19220,2018-04,True,
"Desserts, rennin, tablets, unsweetened",,,SWEETS_SNACKS,84.0,1.0,19.8,0.1,,USDA_FDC_SR_LEGACY,19225,2018-04,True,
"Desserts, rennin, vanilla, dry mix",,,SWEETS_SNACKS,383.0,0.0,99.0,0.0,,USDA_FDC_SR_LEGACY,19222,2018-04,True,
"Egg custards, dry mix",,,SWEETS_SNACKS,410.0,6.9,82.8,6.4,,USDA_FDC_SR_LEGACY,19169,2018-04,True,
"Egg custards, dry mix, prepared with 2% milk",,,SWEETS_SNACKS,112.0,4.13,17.61,2.83,,USDA_FDC_SR_LEGACY,19205,2018-04,True,
"Egg custards, dry mix, prepared with whole milk",,,SWEETS_SNACKS,122.0,3.99,17.6,4.0,,USDA_FDC_SR_LEGACY,19170,2018-04,True,
"Flan, caramel custard, dry mix",,,SWEETS_SNACKS,348.0,0.0,91.6,0.0,,USDA_FDC_SR_LEGACY,19187,2018-04,True,
"Flan, caramel custard, dry mix, prepared with 2% milk",,,SWEETS_SNACKS,103.0,2.99,18.82,1.72,,USDA_FDC_SR_LEGACY,19231,2018-04,True,
"Flan, caramel custard, dry mix, prepared with whole milk",,,SWEETS_SNACKS,113.0,2.95,18.68,3.0,,USDA_FDC_SR_LEGACY,19232,2018-04,True,
"Formulated Bar, SOUTH BEACH protein bar",,,SWEETS_SNACKS,412.0,30.34,38.4,15.17,,USDA_FDC_SR_LEGACY,25067,2018-04,True,
"Formulated bar, LUNA BAR, NUTZ OVER CHOCOLATE",,,SWEETS_SNACKS,403.0,20.75,52.49,12.19,,USDA_FDC_SR_LEGACY,25021,2018-04,True,
"Formulated bar, MARS SNACKFOOD US, COCOAVIA, Chocolate Almond Snack Bar",,,SWEETS_SNACKS,347.0,7.72,51.68,14.19,,USDA_FDC_SR_LEGACY,25010,2018-04,True,
"Formulated bar, MARS SNACKFOOD US, COCOAVIA, Chocolate Blueberry Snack Bar",,,SWEETS_SNACKS,325.0,6.21,57.87,9.27,,USDA_FDC_SR_LEGACY,25018,2018-04,True,
"Formulated bar, MARS SNACKFOOD US, SNICKERS MARATHON Chewy Chocolate Peanut Bar",,,SWEETS_SNACKS,396.0,24.29,47.24,13.12,,USDA_FDC_SR_LEGACY,25004,2018-04,True,
"Formulated bar, MARS SNACKFOOD US, SNICKERS MARATHON Double Chocolate Nut Bar",,,SWEETS_SNACKS,377.0,22.35,51.66,8.99,,USDA_FDC_SR_LEGACY,25006,2018-04,True,
"Formulated bar, MARS SNACKFOOD US, SNICKERS MARATHON Energy Bar, all flavors",,,SWEETS_SNACKS,386.0,21.91,50.3,10.79,,USDA_FDC_SR_LEGACY,25016,2018-04,True,
"Formulated bar, MARS SNACKFOOD US, SNICKERS MARATHON Honey Nut Oat Bar",,,SWEETS_SNACKS,381.0,22.5,55.13,7.87,,USDA_FDC_SR_LEGACY,25008,2018-04,True,
"Formulated bar, MARS SNACKFOOD US, SNICKERS MARATHON MULTIGRAIN CRUNCH BAR",,,SWEETS_SNACKS,422.0,18.49,57.27,13.18,,USDA_FDC_SR_LEGACY,25005,2018-04,True,
"Formulated bar, MARS SNACKFOOD US, SNICKERS MARATHON Protein Performance Bar, Caramel Nut Rush",,,SWEETS_SNACKS,415.0,25.0,50.5,12.5,,USDA_FDC_SR_LEGACY,25015,2018-04,True,
"Formulated bar, POWER BAR, chocolate",,,SWEETS_SNACKS,363.0,14.15,69.63,3.11,,USDA_FDC_SR_LEGACY,25017,2018-04,True,
"Formulated bar, SLIM-FAST OPTIMA meal bar, milk chocolate peanut",,,SWEETS_SNACKS,386.0,16.19,60.21,8.92,,USDA_FDC_SR_LEGACY,25020,2018-04,True,
"Formulated bar, ZONE PERFECT CLASSIC CRUNCH BAR, mixed flavors",,,SWEETS_SNACKS,426.0,30.0,45.0,14.0,,USDA_FDC_SR_LEGACY,25031,2018-04,True,
"Formulated bar, high fiber, chewy, oats and chocolate",,,SWEETS_SNACKS,389.0,5.0,69.82,10.0,,USDA_FDC_SR_LEGACY,25045,2018-04,True,
"Frostings, chocolate, creamy, dry mix",,,SWEETS_SNACKS,389.0,1.3,92.0,5.2,,USDA_FDC_SR_LEGACY,19240,2018-04,True,
"Frostings, chocolate, creamy, dry mix, prepared with butter",,,SWEETS_SNACKS,408.0,1.11,71.8,13.06,,USDA_FDC_SR_LEGACY,19241,2018-04,True,
"Frostings, chocolate, creamy, dry mix, prepared with margarine",,,SWEETS_SNACKS,404.0,1.1,71.02,12.87,,USDA_FDC_SR_LEGACY,19372,2018-04,True,
"Frostings, chocolate, creamy, ready-to-eat",,,SWEETS_SNACKS,397.0,1.1,63.2,17.6,,USDA_FDC_SR_LEGACY,19226,2018-04,True,
"Frostings, coconut-nut, ready-to-eat",,,SWEETS_SNACKS,433.0,1.5,52.7,24.0,,USDA_FDC_SR_LEGACY,19227,2018-04,True,
"Frostings, cream cheese-flavor, ready-to-eat",,,SWEETS_SNACKS,415.0,0.1,67.32,17.3,,USDA_FDC_SR_LEGACY,19228,2018-04,True,
"Frostings, glaze, chocolate, prepared-from-recipe, with butter, NFSMI Recipe No. C-32",,,SWEETS_SNACKS,359.0,1.42,72.18,7.17,,USDA_FDC_SR_LEGACY,19409,2018-04,True,
"Frostings, glaze, prepared-from-recipe",,,SWEETS_SNACKS,341.0,0.44,83.65,0.53,,USDA_FDC_SR_LEGACY,19375,2018-04,True,
"Frostings, vanilla, creamy, dry mix",,,SWEETS_SNACKS,410.0,0.3,93.8,4.9,,USDA_FDC_SR_LEGACY,19244,2018-04,True,
"Frostings, vanilla, creamy, dry mix, prepared with margarine",,,SWEETS_SNACKS,413.0,0.34,74.28,12.74,,USDA_FDC_SR_LEGACY,19371,2018-04,True,
"Frostings, vanilla, creamy, ready-to-eat",,,SWEETS_SNACKS,418.0,0.0,67.89,16.23,,USDA_FDC_SR_LEGACY,19230,2018-04,True,
"Frostings, white, fluffy, dry mix",,,SWEETS_SNACKS,371.0,2.3,94.9,0.0,,USDA_FDC_SR_LEGACY,19246,2018-04,True,
"Frostings, white, fluffy, dry mix, prepared with water",,,SWEETS_SNACKS,244.0,1.5,62.6,0.0,,USDA_FDC_SR_LEGACY,19247,2018-04,True,
"Frozen novelties, KLONDIKE, SLIM-A-BEAR Chocolate Cone",,,SWEETS_SNACKS,224.0,4.09,45.32,4.1,,USDA_FDC_SR_LEGACY,19886,2018-04,True,
"Frozen novelties, KLONDIKE, SLIM-A-BEAR Fudge Bar, 98% fat free, no sugar added",,,SWEETS_SNACKS,124.0,4.31,30.07,1.88,,USDA_FDC_SR_LEGACY,19874,2018-04,True,
"Frozen novelties, KLONDIKE, SLIM-A-BEAR Vanilla Sandwich",,,SWEETS_SNACKS,239.0,3.9,42.75,5.85,,USDA_FDC_SR_LEGACY,19887,2018-04,True,
"Frozen novelties, KLONDIKE, SLIM-A-BEAR, No Sugar Added, Stickless Bar",,,SWEETS_SNACKS,242.0,5.2,25.98,13.0,,USDA_FDC_SR_LEGACY,19890,2018-04,True,
"Frozen novelties, No Sugar Added CREAMSICLE Pops",,,SWEETS_SNACKS,72.0,3.69,12.88,0.61,,USDA_FDC_SR_LEGACY,19891,2018-04,True,
"Frozen novelties, No Sugar Added, FUDGSICLE pops",,,SWEETS_SNACKS,124.0,3.67,23.11,1.87,,USDA_FDC_SR_LEGACY,19871,2018-04,True,
"Frozen novelties, Sugar Free, CREAMSICLE Pops",,,SWEETS_SNACKS,49.0,1.37,11.95,2.33,,USDA_FDC_SR_LEGACY,19892,2018-04,True,
"Frozen novelties, fruit and juice bars",,,SWEETS_SNACKS,87.0,1.2,20.2,0.1,,USDA_FDC_SR_LEGACY,19263,2018-04,True,
"Frozen novelties, ice cream type, chocolate or caramel covered, with nuts",,,SWEETS_SNACKS,323.0,4.4,30.9,20.2,,USDA_FDC_SR_LEGACY,43506,2018-04,True,
"Frozen novelties, ice cream type, sundae, prepackaged",,,SWEETS_SNACKS,190.0,4.3,29.64,6.0,,USDA_FDC_SR_LEGACY,43269,2018-04,True,
"Frozen novelties, ice cream type, vanilla ice cream, light, no sugar added, chocolate coated",,,SWEETS_SNACKS,221.0,6.4,26.11,10.1,,USDA_FDC_SR_LEGACY,42074,2018-04,True,
"Frozen novelties, ice type, fruit, no sugar added",,,SWEETS_SNACKS,24.0,0.5,6.2,0.1,,USDA_FDC_SR_LEGACY,19217,2018-04,True,
"Frozen novelties, ice type, italian, restaurant-prepared",,,SWEETS_SNACKS,53.0,0.03,13.5,0.02,,USDA_FDC_SR_LEGACY,19281,2018-04,True,
"Frozen novelties, ice type, lime",,,SWEETS_SNACKS,128.0,0.4,32.6,0.0,,USDA_FDC_SR_LEGACY,19280,2018-04,True,
"Frozen novelties, ice type, pineapple-coconut",,,SWEETS_SNACKS,113.0,0.0,23.9,2.6,,USDA_FDC_SR_LEGACY,19387,2018-04,True,
"Frozen novelties, ice type, pop",,,SWEETS_SNACKS,79.0,0.0,19.23,0.24,,USDA_FDC_SR_LEGACY,19283,2018-04,True,
"Frozen novelties, ice type, pop, with low calorie sweetener",,,SWEETS_SNACKS,24.0,0.0,5.92,0.0,,USDA_FDC_SR_LEGACY,43514,2018-04,True,
"Frozen novelties, ice type, sugar free, orange, cherry, and grape POPSICLE pops",,,SWEETS_SNACKS,21.0,0.0,5.14,0.0,,USDA_FDC_SR_LEGACY,19873,2018-04,True,
"Frozen novelties, juice type, POPSICLE SCRIBBLERS",,,SWEETS_SNACKS,81.0,0.0,19.68,0.24,,USDA_FDC_SR_LEGACY,19856,2018-04,True,
"Frozen novelties, juice type, juice with cream",,,SWEETS_SNACKS,115.0,1.41,24.11,1.41,,USDA_FDC_SR_LEGACY,43450,2018-04,True,
"Frozen novelties, juice type, orange",,,SWEETS_SNACKS,95.0,0.5,23.17,0.0,,USDA_FDC_SR_LEGACY,43346,2018-04,True,
"Frozen yogurts, chocolate",,,SWEETS_SNACKS,131.0,3.0,21.6,3.6,,USDA_FDC_SR_LEGACY,42186,2018-04,True,
"Frozen yogurts, chocolate, nonfat milk, sweetened without sugar",,,SWEETS_SNACKS,107.0,4.4,19.7,0.8,,USDA_FDC_SR_LEGACY,42185,2018-04,True,
"Frozen yogurts, chocolate, soft-serve",,,SWEETS_SNACKS,160.0,4.0,24.9,6.0,,USDA_FDC_SR_LEGACY,19393,2018-04,True,
"Frozen yogurts, flavors other than chocolate",,,SWEETS_SNACKS,127.0,3.0,21.6,3.6,,USDA_FDC_SR_LEGACY,42187,2018-04,True,
"Frozen yogurts, vanilla, soft-serve",,,SWEETS_SNACKS,159.0,4.0,24.2,5.6,,USDA_FDC_SR_LEGACY,19293,2018-04,True,
"Fruit butters, apple",,,SWEETS_SNACKS,173.0,0.39,42.47,0.3,,USDA_FDC_SR_LEGACY,19294,2018-04,True,
Fruit syrup,,,SWEETS_SNACKS,341.0,0.0,85.13,0.0,,USDA_FDC_SR_LEGACY,19018,2018-04,True,
"Gelatin desserts, dry mix",,,SWEETS_SNACKS,381.0,7.8,90.5,0.0,,USDA_FDC_SR_LEGACY,19172,2018-04,True,
"Gelatin desserts, dry mix, prepared with water",,,SWEETS_SNACKS,60.0,1.22,14.19,0.0,,USDA_FDC_SR_LEGACY,19173,2018-04,True,
"Gelatin desserts, dry mix, reduced calorie, with aspartame",,,SWEETS_SNACKS,198.0,15.67,80.21,0.0,,USDA_FDC_SR_LEGACY,19175,2018-04,True,
"Gelatin desserts, dry mix, reduced calorie, with aspartame, added phosphorus, potassium, sodium, vitamin C",,,SWEETS_SNACKS,345.0,55.3,33.3,0.0,,USDA_FDC_SR_LEGACY,19703,2018-04,True,
"Gelatin desserts, dry mix, reduced calorie, with aspartame, no added sodium",,,SWEETS_SNACKS,345.0,55.3,33.3,0.0,,USDA_FDC_SR_LEGACY,19704,2018-04,True,
"Gelatin desserts, dry mix, reduced calorie, with aspartame, prepared with water",,,SWEETS_SNACKS,20.0,0.83,4.22,0.0,,USDA_FDC_SR_LEGACY,19176,2018-04,True,
"Gelatin desserts, dry mix, with added ascorbic acid, sodium-citrate and salt",,,SWEETS_SNACKS,381.0,7.8,90.5,0.0,,USDA_FDC_SR_LEGACY,19702,2018-04,True,
"Gelatins, dry powder, unsweetened",,,SWEETS_SNACKS,335.0,85.6,0.0,0.1,,USDA_FDC_SR_LEGACY,19177,2018-04,True,
"Granola bar, soft, milk chocolate coated, peanut butter",,,SWEETS_SNACKS,536.0,9.6,54.1,31.2,,USDA_FDC_SR_LEGACY,42139,2018-04,True,
"Gums, seed gums (includes locust bean, guar)",,,SWEETS_SNACKS,332.0,4.6,77.3,0.5,,USDA_FDC_SR_LEGACY,42281,2018-04,True,
Honey,,,SWEETS_SNACKS,304.0,0.3,82.4,0.0,,USDA_FDC_SR_LEGACY,19296,2018-04,True,
"Ice creams, BREYERS, 98% Fat Free Chocolate",,,SWEETS_SNACKS,136.0,3.89,30.18,2.17,,USDA_FDC_SR_LEGACY,19894,2018-04,True,
"Ice creams, BREYERS, 98% Fat Free Vanilla",,,SWEETS_SNACKS,137.0,3.3,30.51,2.2,,USDA_FDC_SR_LEGACY,19877,2018-04,True,
"Ice creams, BREYERS, All Natural Light French Chocolate",,,SWEETS_SNACKS,201.0,5.3,29.68,7.28,,USDA_FDC_SR_LEGACY,19893,2018-04,True,
"Ice creams, BREYERS, All Natural Light French Vanilla",,,SWEETS_SNACKS,173.0,4.82,26.03,5.56,,USDA_FDC_SR_LEGACY,19876,2018-04,True,
"Ice creams, BREYERS, All Natural Light Mint Chocolate Chip",,,SWEETS_SNACKS,196.0,4.69,28.39,7.09,,USDA_FDC_SR_LEGACY,19879,2018-04,True,
"Ice creams, BREYERS, All Natural Light Vanilla",,,SWEETS_SNACKS,162.0,4.84,25.3,4.59,,USDA_FDC_SR_LEGACY,19875,2018-04,True,
"Ice creams, BREYERS, All Natural Light Vanilla Chocolate Strawberry",,,SWEETS_SNACKS,161.0,4.69,26.06,4.35,,USDA_FDC_SR_LEGACY,19878,2018-04,True,
"Ice creams, BREYERS, No Sugar Added, Butter Pecan",,,SWEETS_SNACKS,180.0,3.99,21.3,10.3,,USDA_FDC_SR_LEGACY,19880,2018-04,True,
"Ice creams, BREYERS, No Sugar Added, Chocolate Caramel",,,SWEETS_SNACKS,151.0,3.54,25.17,5.8,,USDA_FDC_SR_LEGACY,19895,2018-04,True,
"Ice creams, BREYERS, No Sugar Added, French Vanilla",,,SWEETS_SNACKS,154.0,4.5,20.75,7.05,,USDA_FDC_SR_LEGACY,19881,2018-04,True,
"Ice creams, BREYERS, No Sugar Added, Vanilla",,,SWEETS_SNACKS,143.0,3.68,21.92,6.2,,USDA_FDC_SR_LEGACY,19882,2018-04,True,
"Ice creams, BREYERS, No Sugar Added, Vanilla Chocolate Strawberry",,,SWEETS_SNACKS,143.0,3.71,21.7,6.26,,USDA_FDC_SR_LEGACY,19884,2018-04,True,
"Ice creams, BREYERS, No Sugar Added, Vanilla Fudge Twirl",,,SWEETS_SNACKS,153.0,3.53,25.63,5.68,,USDA_FDC_SR_LEGACY,19883,2018-04,True,
"Ice creams, chocolate",,,SWEETS_SNACKS,216.0,3.8,28.2,11.0,,USDA_FDC_SR_LEGACY,19270,2018-04,True,
"Ice creams, chocolate, light",,,SWEETS_SNACKS,187.0,5.0,25.7,7.19,,USDA_FDC_SR_LEGACY,19114,2018-04,True,
"Ice creams, chocolate, light, no sugar added",,,SWEETS_SNACKS,173.0,3.54,26.79,5.74,,USDA_FDC_SR_LEGACY,19265,2018-04,True,
"Ice creams, chocolate, rich",,,SWEETS_SNACKS,251.0,4.72,19.78,16.98,,USDA_FDC_SR_LEGACY,43541,2018-04,True,
"Ice creams, french vanilla, soft-serve",,,SWEETS_SNACKS,222.0,4.1,22.2,13.0,,USDA_FDC_SR_LEGACY,19090,2018-04,True,
"Ice creams, regular, low carbohydrate, chocolate",,,SWEETS_SNACKS,237.0,3.8,26.8,12.7,,USDA_FDC_SR_LEGACY,19899,2018-04,True,
"Ice creams, regular, low carbohydrate, vanilla",,,SWEETS_SNACKS,216.0,3.17,22.23,12.7,,USDA_FDC_SR_LEGACY,19898,2018-04,True,
"Ice creams, strawberry",,,SWEETS_SNACKS,192.0,3.2,27.6,8.4,,USDA_FDC_SR_LEGACY,19271,2018-04,True,
"Ice creams, vanilla",,,SWEETS_SNACKS,207.0,3.5,23.6,11.0,,USDA_FDC_SR_LEGACY,19095,2018-04,True,
"Ice creams, vanilla, fat free",,,SWEETS_SNACKS,138.0,4.48,30.06,0.0,,USDA_FDC_SR_LEGACY,19867,2018-04,True,
"Ice creams, vanilla, light",,,SWEETS_SNACKS,180.0,4.78,29.46,4.83,,USDA_FDC_SR_LEGACY,19088,2018-04,True,
"Ice creams, vanilla, light, no sugar added",,,SWEETS_SNACKS,169.0,3.97,21.42,7.45,,USDA_FDC_SR_LEGACY,19260,2018-04,True,
"Ice creams, vanilla, light, soft-serve",,,SWEETS_SNACKS,126.0,4.9,21.8,2.6,,USDA_FDC_SR_LEGACY,19096,2018-04,True,
"Ice creams, vanilla, rich",,,SWEETS_SNACKS,249.0,3.5,22.29,16.2,,USDA_FDC_SR_LEGACY,19089,2018-04,True,
Jams and preserves,,,SWEETS_SNACKS,278.0,0.37,68.86,0.07,,USDA_FDC_SR_LEGACY,19297,2018-04,True,
"Jams and preserves, apricot",,,SWEETS_SNACKS,242.0,0.7,64.4,0.2,,USDA_FDC_SR_LEGACY,19719,2018-04,True,
"Jams and preserves, no sugar (with sodium saccharin), any flavor",,,SWEETS_SNACKS,132.0,0.3,53.42,0.3,,USDA_FDC_SR_LEGACY,43028,2018-04,True,
"Jams, preserves, marmalade, reduced sugar",,,SWEETS_SNACKS,151.0,0.0,37.6,0.1,,USDA_FDC_SR_LEGACY,43344,2018-04,True,
"Jams, preserves, marmalades, sweetened with fruit juice",,,SWEETS_SNACKS,212.0,0.0,52.93,0.0,,USDA_FDC_SR_LEGACY,19920,2018-04,True,
Jellies,,,SWEETS_SNACKS,266.0,0.15,69.95,0.02,,USDA_FDC_SR_LEGACY,19300,2018-04,True,
"Jellies, no sugar (with sodium saccharin), any flavors",,,SWEETS_SNACKS,121.0,0.55,29.6,0.0,,USDA_FDC_SR_LEGACY,43027,2018-04,True,
"Jellies, reduced sugar, home preserved",,,SWEETS_SNACKS,179.0,0.3,46.1,0.03,,USDA_FDC_SR_LEGACY,44110,2018-04,True,
"Marmalade, orange",,,SWEETS_SNACKS,246.0,0.3,66.3,0.0,,USDA_FDC_SR_LEGACY,19303,2018-04,True,
Milk and cereal bar,,,SWEETS_SNACKS,413.0,6.47,72.05,10.98,,USDA_FDC_SR_LEGACY,8510,2018-04,True,
"Milk dessert, frozen, milk-fat free, chocolate",,,SWEETS_SNACKS,167.0,4.3,37.7,1.0,,USDA_FDC_SR_LEGACY,42131,2018-04,True,
Molasses,,,SWEETS_SNACKS,290.0,0.0,74.73,0.1,,USDA_FDC_SR_LEGACY,19304,2018-04,True,
"Pectin, liquid",,,SWEETS_SNACKS,11.0,0.0,2.1,0.0,,USDA_FDC_SR_LEGACY,42063,2018-04,True,
"Pectin, unsweetened, dry mix",,,SWEETS_SNACKS,325.0,0.3,90.4,0.3,,USDA_FDC_SR_LEGACY,19310,2018-04,True,
"Pie fillings, apple, canned",,,SWEETS_SNACKS,100.0,0.1,26.1,0.1,,USDA_FDC_SR_LEGACY,19312,2018-04,True,
"Pie fillings, blueberry, canned",,,SWEETS_SNACKS,181.0,0.41,44.38,0.2,,USDA_FDC_SR_LEGACY,44158,2018-04,True,
"Pie fillings, canned, cherry",,,SWEETS_SNACKS,115.0,0.37,28.0,0.07,,USDA_FDC_SR_LEGACY,19314,2018-04,True,
"Pie fillings, cherry, low calorie",,,SWEETS_SNACKS,53.0,0.82,11.98,0.16,,USDA_FDC_SR_LEGACY,43098,2018-04,True,
"Popcorn, microwave, low fat and sodium",,,SWEETS_SNACKS,429.0,12.6,73.39,9.5,,USDA_FDC_SR_LEGACY,43572,2018-04,True,
"Popcorn, microwave, regular (butter) flavor, made with palm oil",,,SWEETS_SNACKS,535.0,8.38,57.26,30.22,,USDA_FDC_SR_LEGACY,25026,2018-04,True,
"Popcorn, sugar syrup/caramel, fat-free",,,SWEETS_SNACKS,381.0,2.0,90.06,1.4,,USDA_FDC_SR_LEGACY,19436,2018-04,True,
"Potato chips, without salt, reduced fat",,,SWEETS_SNACKS,487.0,7.1,67.8,20.8,,USDA_FDC_SR_LEGACY,19823,2018-04,True,
"Pretzels, soft",,,SWEETS_SNACKS,338.0,8.2,69.39,3.1,,USDA_FDC_SR_LEGACY,43109,2018-04,True,
"Pretzels, soft, unsalted",,,SWEETS_SNACKS,345.0,8.2,71.04,3.1,,USDA_FDC_SR_LEGACY,25024,2018-04,True,
"Pudding, lemon, dry mix, regular, prepared with sugar, egg yolk and water",,,SWEETS_SNACKS,109.0,0.65,24.2,1.12,,USDA_FDC_SR_LEGACY,19333,2018-04,True,
"Puddings, all flavors except chocolate, low calorie, instant, dry mix",,,SWEETS_SNACKS,350.0,0.81,84.66,0.9,,USDA_FDC_SR_LEGACY,44260,2018-04,True,
"Puddings, all flavors except chocolate, low calorie, regular, dry mix",,,SWEETS_SNACKS,351.0,1.6,86.04,0.1,,USDA_FDC_SR_LEGACY,44259,2018-04,True,
"Puddings, banana, dry mix, instant",,,SWEETS_SNACKS,367.0,0.0,92.7,0.6,,USDA_FDC_SR_LEGACY,19318,2018-04,True,
"Puddings, banana, dry mix, instant, prepared with 2% milk",,,SWEETS_SNACKS,105.0,2.76,19.74,1.7,,USDA_FDC_SR_LEGACY,19121,2018-04,True,
"Puddings, banana, dry mix, instant, prepared with whole milk",,,SWEETS_SNACKS,115.0,2.62,19.76,2.8,,USDA_FDC_SR_LEGACY,19319,2018-04,True,
"Puddings, banana, dry mix, instant, with added oil",,,SWEETS_SNACKS,386.0,0.0,89.0,4.4,,USDA_FDC_SR_LEGACY,19705,2018-04,True,
"Puddings, banana, dry mix, regular",,,SWEETS_SNACKS,366.0,0.0,93.0,0.4,,USDA_FDC_SR_LEGACY,19320,2018-04,True,
"Puddings, banana, dry mix, regular, prepared with 2% milk",,,SWEETS_SNACKS,101.0,2.9,18.43,1.73,,USDA_FDC_SR_LEGACY,19122,2018-04,True,
"Puddings, banana, dry mix, regular, prepared with whole milk",,,SWEETS_SNACKS,111.0,2.74,18.44,2.89,,USDA_FDC_SR_LEGACY,19321,2018-04,True,
"Puddings, banana, dry mix, regular, with added oil",,,SWEETS_SNACKS,387.0,0.0,88.4,5.0,,USDA_FDC_SR_LEGACY,19706,2018-04,True,
"Puddings, chocolate flavor, low calorie, instant, dry mix",,,SWEETS_SNACKS,356.0,5.3,78.2,2.4,,USDA_FDC_SR_LEGACY,44061,2018-04,True,
"Puddings, chocolate flavor, low calorie, regular, dry mix",,,SWEETS_SNACKS,365.0,10.08,74.42,3.0,,USDA_FDC_SR_LEGACY,44258,2018-04,True,
"Puddings, chocolate, dry mix, instant",,,SWEETS_SNACKS,378.0,2.3,87.9,1.9,,USDA_FDC_SR_LEGACY,19184,2018-04,True,
"Puddings, chocolate, dry mix, instant, prepared with 2% milk",,,SWEETS_SNACKS,105.0,3.15,18.89,1.92,,USDA_FDC_SR_LEGACY,19123,2018-04,True,
"Puddings, chocolate, dry mix, instant, prepared with whole milk",,,SWEETS_SNACKS,111.0,3.1,18.8,3.1,,USDA_FDC_SR_LEGACY,19185,2018-04,True,
"Puddings, chocolate, dry mix, regular",,,SWEETS_SNACKS,362.0,2.6,89.3,2.1,,USDA_FDC_SR_LEGACY,19188,2018-04,True,
"Puddings, chocolate, dry mix, regular, prepared with 2% milk",,,SWEETS_SNACKS,111.0,3.28,19.76,2.06,,USDA_FDC_SR_LEGACY,19190,2018-04,True,
"Puddings, chocolate, dry mix, regular, prepared with whole milk",,,SWEETS_SNACKS,120.0,3.16,19.64,3.15,,USDA_FDC_SR_LEGACY,19189,2018-04,True,
"Puddings, chocolate, ready-to-eat",,,SWEETS_SNACKS,142.0,2.09,23.01,4.6,,USDA_FDC_SR_LEGACY,19183,2018-04,True,
"Puddings, chocolate, ready-to-eat, fat free",,,SWEETS_SNACKS,93.0,1.93,20.87,0.3,,USDA_FDC_SR_LEGACY,19235,2018-04,True,
"Puddings, coconut cream, dry mix, instant",,,SWEETS_SNACKS,415.0,0.9,83.5,10.0,,USDA_FDC_SR_LEGACY,19322,2018-04,True,
"Puddings, coconut cream, dry mix, instant, prepared with 2% milk",,,SWEETS_SNACKS,107.0,2.9,19.2,2.3,,USDA_FDC_SR_LEGACY,19191,2018-04,True,
"Puddings, coconut cream, dry mix, instant, prepared with whole milk",,,SWEETS_SNACKS,117.0,2.9,19.1,3.5,,USDA_FDC_SR_LEGACY,19323,2018-04,True,
"Puddings, coconut cream, dry mix, regular",,,SWEETS_SNACKS,434.0,1.0,81.84,11.36,,USDA_FDC_SR_LEGACY,19324,2018-04,True,
"Puddings, coconut cream, dry mix, regular, prepared with 2% milk",,,SWEETS_SNACKS,104.0,3.1,17.8,2.5,,USDA_FDC_SR_LEGACY,19219,2018-04,True,
"Puddings, coconut cream, dry mix, regular, prepared with whole milk",,,SWEETS_SNACKS,114.0,3.0,17.7,3.8,,USDA_FDC_SR_LEGACY,19325,2018-04,True,
"Puddings, lemon, dry mix, instant",,,SWEETS_SNACKS,378.0,0.0,95.4,0.7,,USDA_FDC_SR_LEGACY,19330,2018-04,True,
"Puddings, lemon, dry mix, instant, prepared with 2% milk",,,SWEETS_SNACKS,107.0,2.76,20.2,1.71,,USDA_FDC_SR_LEGACY,19204,2018-04,True,
"Puddings, lemon, dry mix, instant, prepared with whole milk",,,SWEETS_SNACKS,115.0,2.7,20.1,2.9,,USDA_FDC_SR_LEGACY,19331,2018-04,True,
"Puddings, lemon, dry mix, regular",,,SWEETS_SNACKS,363.0,0.1,91.8,0.5,,USDA_FDC_SR_LEGACY,19332,2018-04,True,
"Puddings, lemon, dry mix, regular, with added oil, potassium, sodium",,,SWEETS_SNACKS,366.0,0.1,90.3,1.5,,USDA_FDC_SR_LEGACY,19708,2018-04,True,
"Puddings, rice, dry mix",,,SWEETS_SNACKS,376.0,2.7,91.2,0.1,,USDA_FDC_SR_LEGACY,19194,2018-04,True,
"Puddings, rice, dry mix, prepared with 2% milk",,,SWEETS_SNACKS,111.0,3.29,20.81,1.63,,USDA_FDC_SR_LEGACY,19208,2018-04,True,
"Puddings, rice, dry mix, prepared with whole milk",,,SWEETS_SNACKS,121.0,3.25,20.68,2.82,,USDA_FDC_SR_LEGACY,19195,2018-04,True,
"Puddings, rice, ready-to-eat",,,SWEETS_SNACKS,108.0,3.23,18.39,2.15,,USDA_FDC_SR_LEGACY,19193,2018-04,True,
"Puddings, tapioca, dry mix",,,SWEETS_SNACKS,369.0,0.1,94.3,0.1,,USDA_FDC_SR_LEGACY,19198,2018-04,True,
"Puddings, tapioca, dry mix, prepared with 2% milk",,,SWEETS_SNACKS,105.0,2.88,19.56,1.67,,USDA_FDC_SR_LEGACY,19209,2018-04,True,
"Puddings, tapioca, dry mix, prepared with whole milk",,,SWEETS_SNACKS,115.0,2.84,19.43,2.89,,USDA_FDC_SR_LEGACY,19199,2018-04,True,
"Puddings, tapioca, dry mix, with no added salt",,,SWEETS_SNACKS,369.0,0.1,94.3,0.1,,USDA_FDC_SR_LEGACY,19709,2018-04,True,
"Puddings, tapioca, ready-to-eat",,,SWEETS_SNACKS,130.0,1.95,21.69,3.88,,USDA_FDC_SR_LEGACY,19218,2018-04,True,
"Puddings, tapioca, ready-to-eat, fat free",,,SWEETS_SNACKS,94.0,1.44,21.31,0.35,,USDA_FDC_SR_LEGACY,19234,2018-04,True,
"Puddings, vanilla, dry mix, instant",,,SWEETS_SNACKS,377.0,0.0,92.9,0.6,,USDA_FDC_SR_LEGACY,19202,2018-04,True,
"Puddings, vanilla, dry mix, instant, prepared with whole milk",,,SWEETS_SNACKS,114.0,2.7,19.7,2.9,,USDA_FDC_SR_LEGACY,19203,2018-04,True,
"Puddings, vanilla, dry mix, regular",,,SWEETS_SNACKS,379.0,0.3,93.5,0.4,,USDA_FDC_SR_LEGACY,19206,2018-04,True,
"Puddings, vanilla, dry mix, regular, prepared with 2% milk",,,SWEETS_SNACKS,101.0,2.94,18.53,1.73,,USDA_FDC_SR_LEGACY,19212,2018-04,True,
"Puddings, vanilla, dry mix, regular, prepared with whole milk",,,SWEETS_SNACKS,113.0,2.8,18.92,2.9,,USDA_FDC_SR_LEGACY,19207,2018-04,True,
"Puddings, vanilla, dry mix, regular, with added oil",,,SWEETS_SNACKS,369.0,0.3,92.4,1.1,,USDA_FDC_SR_LEGACY,19710,2018-04,True,
"Puddings, vanilla, ready-to-eat",,,SWEETS_SNACKS,130.0,1.45,22.6,3.78,,USDA_FDC_SR_LEGACY,19201,2018-04,True,
"Puddings, vanilla, ready-to-eat, fat free",,,SWEETS_SNACKS,89.0,2.02,20.16,0.0,,USDA_FDC_SR_LEGACY,19233,2018-04,True,
"Rennin, chocolate, dry mix, prepared with 2% milk",,,SWEETS_SNACKS,85.0,3.24,13.47,2.06,,USDA_FDC_SR_LEGACY,19213,2018-04,True,
"Rennin, chocolate, dry mix, prepared with whole milk",,,SWEETS_SNACKS,96.0,3.2,13.34,3.34,,USDA_FDC_SR_LEGACY,19221,2018-04,True,
"Rennin, vanilla, dry mix, prepared with 2% milk",,,SWEETS_SNACKS,77.0,3.06,12.34,1.77,,USDA_FDC_SR_LEGACY,19214,2018-04,True,
"Rennin, vanilla, dry mix, prepared with whole milk",,,SWEETS_SNACKS,89.0,3.03,12.21,3.07,,USDA_FDC_SR_LEGACY,19223,2018-04,True,
Rice and Wheat cereal bar,,,SWEETS_SNACKS,409.0,9.09,72.73,9.09,,USDA_FDC_SR_LEGACY,8546,2018-04,True,
"Rice cake, cracker (include hain mini rice cakes)",,,SWEETS_SNACKS,392.0,7.1,81.1,4.3,,USDA_FDC_SR_LEGACY,42204,2018-04,True,
Rice crackers,,,SWEETS_SNACKS,416.0,10.0,82.64,5.0,,USDA_FDC_SR_LEGACY,25071,2018-04,True,
"SCHIFF,TIGER'S MILK BAR",,,SWEETS_SNACKS,387.0,16.8,56.46,14.29,,USDA_FDC_SR_LEGACY,19000,2018-04,True,
"Sherbet, orange",,,SWEETS_SNACKS,144.0,1.1,30.4,2.0,,USDA_FDC_SR_LEGACY,19097,2018-04,True,
"Snack, BALANCE, original bar",,,SWEETS_SNACKS,415.0,28.0,48.73,12.0,,USDA_FDC_SR_LEGACY,25068,2018-04,True,
"Snack, Mixed Berry Bar",,,SWEETS_SNACKS,383.0,13.16,58.84,10.53,,USDA_FDC_SR_LEGACY,25062,2018-04,True,
"Snack, Pretzel, hard chocolate coated",,,SWEETS_SNACKS,467.0,7.05,70.07,17.64,,USDA_FDC_SR_LEGACY,25060,2018-04,True,
"Snack, potato chips, made from dried potatoes, plain",,,SWEETS_SNACKS,545.0,4.62,55.38,35.28,,USDA_FDC_SR_LEGACY,19410,2018-04,True,
"Snacks, CLIF BAR, mixed flavors",,,SWEETS_SNACKS,346.0,14.71,65.44,5.88,,USDA_FDC_SR_LEGACY,25051,2018-04,True,
"Snacks, FARLEY CANDY, FARLEY Fruit Snacks, with vitamins A, C, and E",,,SWEETS_SNACKS,341.0,4.4,80.9,0.0,,USDA_FDC_SR_LEGACY,19272,2018-04,True,
"Snacks, FRITOLAY, SUNCHIPS, Multigrain Snack, Harvest Cheddar flavor",,,SWEETS_SNACKS,491.0,8.08,64.7,22.22,,USDA_FDC_SR_LEGACY,25023,2018-04,True,
"Snacks, FRITOLAY, SUNCHIPS, Multigrain Snack, original flavor",,,SWEETS_SNACKS,491.0,7.95,67.26,21.11,,USDA_FDC_SR_LEGACY,25013,2018-04,True,
"Snacks, FRITOLAY, SUNCHIPS, multigrain, French onion flavor",,,SWEETS_SNACKS,496.0,8.68,65.49,22.15,,USDA_FDC_SR_LEGACY,25022,2018-04,True,
"Snacks, GENERAL MILLS, BETTY CROCKER Fruit Roll Ups, berry flavored, with vitamin C",,,SWEETS_SNACKS,373.0,0.1,85.2,3.5,,USDA_FDC_SR_LEGACY,19269,2018-04,True,
"Snacks, KELLOGG, KELLOGG'S Low Fat Granola Bar, Crunchy Almond/Brown Sugar",,,SWEETS_SNACKS,390.0,8.0,78.0,7.4,,USDA_FDC_SR_LEGACY,19439,2018-04,True,
"Snacks, KELLOGG, KELLOGG'S RICE KRISPIES TREATS Squares",,,SWEETS_SNACKS,417.0,3.4,80.5,9.0,,USDA_FDC_SR_LEGACY,19438,2018-04,True,
"Snacks, KELLOGG, KELLOGG'S, NUTRI-GRAIN Cereal Bars, fruit",,,SWEETS_SNACKS,365.0,4.22,67.61,8.67,,USDA_FDC_SR_LEGACY,19441,2018-04,True,
"Snacks, KRAFT, CORNNUTS, plain",,,SWEETS_SNACKS,446.0,8.5,71.86,15.64,,USDA_FDC_SR_LEGACY,19009,2018-04,True,
"Snacks, M&M MARS, COMBOS Snacks Cheddar Cheese Pretzel",,,SWEETS_SNACKS,463.0,9.85,66.5,16.92,,USDA_FDC_SR_LEGACY,19049,2018-04,True,
"Snacks, M&M MARS, KUDOS Whole Grain Bar, M&M's milk chocolate",,,SWEETS_SNACKS,415.0,3.78,73.01,11.95,,USDA_FDC_SR_LEGACY,25009,2018-04,True,
"Snacks, M&M MARS, KUDOS Whole Grain Bar, chocolate chip",,,SWEETS_SNACKS,420.0,4.47,72.31,13.02,,USDA_FDC_SR_LEGACY,19440,2018-04,True,
"Snacks, M&M MARS, KUDOS Whole Grain Bars, peanut butter",,,SWEETS_SNACKS,463.0,5.88,64.69,20.78,,USDA_FDC_SR_LEGACY,25007,2018-04,True,
"Snacks, NUTRI-GRAIN FRUIT AND NUT BAR",,,SWEETS_SNACKS,403.0,9.38,66.72,10.93,,USDA_FDC_SR_LEGACY,25048,2018-04,True,
"Snacks, Pretzels, gluten- free made with cornstarch and potato flour",,,SWEETS_SNACKS,389.0,3.52,78.62,6.67,,USDA_FDC_SR_LEGACY,25065,2018-04,True,
"Snacks, SUNKIST, SUNKIST Fruit Roll, strawberry, with vitamins A, C, and E",,,SWEETS_SNACKS,342.0,0.6,82.7,1.0,,USDA_FDC_SR_LEGACY,19273,2018-04,True,
"Snacks, bagel chips, plain",,,SWEETS_SNACKS,451.0,12.34,66.36,15.14,,USDA_FDC_SR_LEGACY,25046,2018-04,True,
"Snacks, banana chips",,,SWEETS_SNACKS,519.0,2.3,58.4,33.6,,USDA_FDC_SR_LEGACY,19400,2018-04,True,
"Snacks, beef jerky, chopped and formed",,,SWEETS_SNACKS,410.0,33.2,11.0,25.6,,USDA_FDC_SR_LEGACY,19002,2018-04,True,
"Snacks, beef sticks, smoked",,,SWEETS_SNACKS,550.0,21.5,5.4,49.6,,USDA_FDC_SR_LEGACY,19407,2018-04,True,
"Snacks, brown rice chips",,,SWEETS_SNACKS,384.0,8.2,81.5,2.8,,USDA_FDC_SR_LEGACY,25059,2018-04,True,
"Snacks, candy bits, yogurt covered with vitamin C",,,SWEETS_SNACKS,415.0,0.0,86.9,7.5,,USDA_FDC_SR_LEGACY,25043,2018-04,True,
"Snacks, candy rolls, yogurt-covered, fruit flavored with high vitamin C",,,SWEETS_SNACKS,359.0,0.46,74.64,6.53,,USDA_FDC_SR_LEGACY,25003,2018-04,True,
"Snacks, corn cakes",,,SWEETS_SNACKS,387.0,8.1,83.4,2.4,,USDA_FDC_SR_LEGACY,19419,2018-04,True,
"Snacks, corn cakes, very low sodium",,,SWEETS_SNACKS,387.0,8.1,83.4,2.4,,USDA_FDC_SR_LEGACY,19800,2018-04,True,
"Snacks, corn-based, extruded, chips, barbecue-flavor",,,SWEETS_SNACKS,523.0,7.0,56.2,32.7,,USDA_FDC_SR_LEGACY,19004,2018-04,True,
"Snacks, corn-based, extruded, chips, barbecue-flavor, made with enriched masa flour",,,SWEETS_SNACKS,523.0,7.0,56.2,32.7,,USDA_FDC_SR_LEGACY,19804,2018-04,True,
"Snacks, corn-based, extruded, chips, plain",,,SWEETS_SNACKS,539.0,6.17,57.27,33.36,,USDA_FDC_SR_LEGACY,19003,2018-04,True,
"Snacks, corn-based, extruded, chips, unsalted",,,SWEETS_SNACKS,557.0,6.6,57.4,33.4,,USDA_FDC_SR_LEGACY,43447,2018-04,True,
"Snacks, corn-based, extruded, cones, plain",,,SWEETS_SNACKS,510.0,5.8,62.9,26.9,,USDA_FDC_SR_LEGACY,19005,2018-04,True,
"Snacks, corn-based, extruded, onion-flavor",,,SWEETS_SNACKS,499.0,7.7,65.1,22.6,,USDA_FDC_SR_LEGACY,19007,2018-04,True,
"Snacks, corn-based, extruded, puffs or twists, cheese-flavor",,,SWEETS_SNACKS,567.0,5.46,54.54,36.54,,USDA_FDC_SR_LEGACY,19008,2018-04,True,
"Snacks, corn-based, extruded, puffs or twists, cheese-flavor, unenriched",,,SWEETS_SNACKS,558.0,5.76,54.1,35.76,,USDA_FDC_SR_LEGACY,19802,2018-04,True,
"Snacks, cornnuts, barbecue-flavor",,,SWEETS_SNACKS,436.0,9.0,71.7,14.3,,USDA_FDC_SR_LEGACY,19401,2018-04,True,
"Snacks, crisped rice bar, almond",,,SWEETS_SNACKS,458.0,7.0,64.6,20.4,,USDA_FDC_SR_LEGACY,19403,2018-04,True,
"Snacks, crisped rice bar, chocolate chip",,,SWEETS_SNACKS,404.0,5.1,73.0,13.5,,USDA_FDC_SR_LEGACY,19010,2018-04,True,
"Snacks, fruit leather, pieces",,,SWEETS_SNACKS,359.0,1.0,82.82,2.68,,USDA_FDC_SR_LEGACY,19013,2018-04,True,
"Snacks, fruit leather, pieces, with vitamin C",,,SWEETS_SNACKS,373.0,0.1,85.2,3.5,,USDA_FDC_SR_LEGACY,19274,2018-04,True,
"Snacks, fruit leather, rolls",,,SWEETS_SNACKS,371.0,0.1,85.8,3.0,,USDA_FDC_SR_LEGACY,19014,2018-04,True,
"Snacks, granola bar, GENERAL MILLS NATURE VALLEY, SWEET&SALTY NUT, peanut",,,SWEETS_SNACKS,487.0,9.14,61.14,22.86,,USDA_FDC_SR_LEGACY,25053,2018-04,True,
"Snacks, granola bar, GENERAL MILLS, NATURE VALLEY, CHEWY TRAIL MIX",,,SWEETS_SNACKS,415.0,5.71,72.27,11.43,,USDA_FDC_SR_LEGACY,25055,2018-04,True,
"Snacks, granola bar, GENERAL MILLS, NATURE VALLEY, with yogurt coating",,,SWEETS_SNACKS,423.0,5.71,74.29,11.43,,USDA_FDC_SR_LEGACY,25054,2018-04,True,
"Snacks, granola bar, KASHI GOLEAN, chewy, mixed flavors",,,SWEETS_SNACKS,390.0,16.67,63.42,7.69,,USDA_FDC_SR_LEGACY,25032,2018-04,True,
"Snacks, granola bar, KASHI GOLEAN, crunchy, mixed flavors",,,SWEETS_SNACKS,393.0,17.88,59.58,9.23,,USDA_FDC_SR_LEGACY,25034,2018-04,True,
"Snacks, granola bar, KASHI TLC Bar, chewy, mixed flavors",,,SWEETS_SNACKS,429.0,18.57,53.26,15.71,,USDA_FDC_SR_LEGACY,25033,2018-04,True,
"Snacks, granola bar, KASHI TLC Bar, crunchy, mixed flavors",,,SWEETS_SNACKS,446.0,15.0,62.78,15.0,,USDA_FDC_SR_LEGACY,25041,2018-04,True,
"Snacks, granola bar, QUAKER, DIPPS, all flavors",,,SWEETS_SNACKS,480.0,7.52,64.96,20.42,,USDA_FDC_SR_LEGACY,25056,2018-04,True,
"Snacks, granola bar, QUAKER, chewy, 90 Calorie Bar",,,SWEETS_SNACKS,408.0,4.17,79.17,8.33,,USDA_FDC_SR_LEGACY,25052,2018-04,True,
"Snacks, granola bar, chewy, reduced sugar, all flavors",,,SWEETS_SNACKS,412.0,5.55,69.4,12.5,,USDA_FDC_SR_LEGACY,25035,2018-04,True,
"Snacks, granola bar, fruit-filled, nonfat",,,SWEETS_SNACKS,342.0,5.9,77.6,0.9,,USDA_FDC_SR_LEGACY,19435,2018-04,True,
"Snacks, granola bar, with coconut, chocolate coated",,,SWEETS_SNACKS,531.0,5.2,55.2,32.2,,USDA_FDC_SR_LEGACY,42272,2018-04,True,
"Snacks, granola bars, QUAKER OATMEAL TO GO, all flavors",,,SWEETS_SNACKS,389.0,6.67,75.47,6.67,,USDA_FDC_SR_LEGACY,25039,2018-04,True,
"Snacks, granola bars, hard, almond",,,SWEETS_SNACKS,495.0,7.7,62.0,25.5,,USDA_FDC_SR_LEGACY,19016,2018-04,True,
"Snacks, granola bars, hard, chocolate chip",,,SWEETS_SNACKS,438.0,7.3,72.1,16.3,,USDA_FDC_SR_LEGACY,19017,2018-04,True,
"Snacks, granola bars, hard, peanut butter",,,SWEETS_SNACKS,483.0,9.8,62.3,23.8,,USDA_FDC_SR_LEGACY,19420,2018-04,True,
"Snacks, granola bars, hard, plain",,,SWEETS_SNACKS,471.0,10.1,64.4,19.8,,USDA_FDC_SR_LEGACY,19015,2018-04,True,
"Snacks, granola bars, soft, almond, confectioners coating",,,SWEETS_SNACKS,455.0,8.6,60.13,20.0,,USDA_FDC_SR_LEGACY,25038,2018-04,True,
"Snacks, granola bars, soft, coated, milk chocolate coating, chocolate chip",,,SWEETS_SNACKS,466.0,5.8,63.8,24.9,,USDA_FDC_SR_LEGACY,19024,2018-04,True,
"Snacks, granola bars, soft, coated, milk chocolate coating, peanut butter",,,SWEETS_SNACKS,508.0,10.2,53.4,31.1,,USDA_FDC_SR_LEGACY,19026,2018-04,True,
"Snacks, granola bars, soft, uncoated, chocolate chip",,,SWEETS_SNACKS,418.0,5.65,70.2,16.57,,USDA_FDC_SR_LEGACY,19404,2018-04,True,
"Snacks, granola bars, soft, uncoated, chocolate chip, graham and marshmallow",,,SWEETS_SNACKS,427.0,6.1,70.8,15.5,,USDA_FDC_SR_LEGACY,19405,2018-04,True,
"Snacks, granola bars, soft, uncoated, nut and raisin",,,SWEETS_SNACKS,454.0,8.0,63.6,20.4,,USDA_FDC_SR_LEGACY,19406,2018-04,True,
"Snacks, granola bars, soft, uncoated, peanut butter",,,SWEETS_SNACKS,426.0,10.5,64.4,15.8,,USDA_FDC_SR_LEGACY,19021,2018-04,True,
"Snacks, granola bars, soft, uncoated, peanut butter and chocolate chip",,,SWEETS_SNACKS,432.0,9.8,62.2,20.0,,USDA_FDC_SR_LEGACY,19027,2018-04,True,
"Snacks, granola bars, soft, uncoated, plain",,,SWEETS_SNACKS,443.0,7.4,67.3,17.2,,USDA_FDC_SR_LEGACY,19020,2018-04,True,
"Snacks, granola bars, soft, uncoated, raisin",,,SWEETS_SNACKS,448.0,7.6,66.4,17.8,,USDA_FDC_SR_LEGACY,19022,2018-04,True,
"Snacks, granola bites, mixed flavors",,,SWEETS_SNACKS,451.0,7.17,66.27,17.5,,USDA_FDC_SR_LEGACY,25036,2018-04,True,
"Snacks, oriental mix, rice-based",,,SWEETS_SNACKS,506.0,17.31,51.62,25.58,,USDA_FDC_SR_LEGACY,19031,2018-04,True,
"Snacks, peas, roasted, wasabi-flavored",,,SWEETS_SNACKS,432.0,14.11,62.2,14.11,,USDA_FDC_SR_LEGACY,25066,2018-04,True,
"Snacks, pita chips, salted",,,SWEETS_SNACKS,457.0,11.79,68.26,15.2,,USDA_FDC_SR_LEGACY,25037,2018-04,True,
"Snacks, plantain chips, salted",,,SWEETS_SNACKS,531.0,2.28,63.84,29.59,,USDA_FDC_SR_LEGACY,25027,2018-04,True,
"Snacks, popcorn, air-popped",,,SWEETS_SNACKS,387.0,12.94,77.78,4.54,,USDA_FDC_SR_LEGACY,19034,2018-04,True,
"Snacks, popcorn, air-popped (Unsalted)",,,SWEETS_SNACKS,382.0,12.0,77.9,4.2,,USDA_FDC_SR_LEGACY,19806,2018-04,True,
"Snacks, popcorn, cakes",,,SWEETS_SNACKS,384.0,9.7,80.1,3.1,,USDA_FDC_SR_LEGACY,19036,2018-04,True,
"Snacks, popcorn, caramel-coated, with peanuts",,,SWEETS_SNACKS,400.0,6.4,80.7,7.8,,USDA_FDC_SR_LEGACY,19038,2018-04,True,
"Snacks, popcorn, caramel-coated, without peanuts",,,SWEETS_SNACKS,431.0,3.8,79.1,12.8,,USDA_FDC_SR_LEGACY,19039,2018-04,True,
"Snacks, popcorn, cheese-flavor",,,SWEETS_SNACKS,526.0,9.3,51.6,33.2,,USDA_FDC_SR_LEGACY,19040,2018-04,True,
"Snacks, popcorn, home-prepared, oil-popped, unsalted",,,SWEETS_SNACKS,500.0,9.0,58.1,28.1,,USDA_FDC_SR_LEGACY,42259,2018-04,True,
"Snacks, popcorn, microwave, 94% fat free",,,SWEETS_SNACKS,402.0,10.72,76.04,6.1,,USDA_FDC_SR_LEGACY,25000,2018-04,True,
"Snacks, popcorn, microwave, low fat",,,SWEETS_SNACKS,424.0,12.6,72.0,9.5,,USDA_FDC_SR_LEGACY,25001,2018-04,True,
"Snacks, popcorn, microwave, regular (butter) flavor, made with partially hydrogenated oil",,,SWEETS_SNACKS,557.0,7.5,55.16,34.02,,USDA_FDC_SR_LEGACY,25014,2018-04,True,
"Snacks, popcorn, oil-popped, microwave, regular flavor, no trans fat",,,SWEETS_SNACKS,583.0,7.29,45.06,43.55,,USDA_FDC_SR_LEGACY,19035,2018-04,True,
"Snacks, popcorn, oil-popped, white popcorn, salt added",,,SWEETS_SNACKS,500.0,9.0,57.2,28.1,,USDA_FDC_SR_LEGACY,19807,2018-04,True,
"Snacks, pork skins, barbecue-flavor",,,SWEETS_SNACKS,538.0,57.9,1.6,31.8,,USDA_FDC_SR_LEGACY,19408,2018-04,True,
"Snacks, pork skins, plain",,,SWEETS_SNACKS,544.0,61.3,0.0,31.3,,USDA_FDC_SR_LEGACY,19041,2018-04,True,
"Snacks, potato chips, barbecue-flavor",,,SWEETS_SNACKS,487.0,6.51,55.92,31.06,,USDA_FDC_SR_LEGACY,19042,2018-04,True,
"Snacks, potato chips, cheese-flavor",,,SWEETS_SNACKS,496.0,8.5,57.7,27.2,,USDA_FDC_SR_LEGACY,19421,2018-04,True,
"Snacks, potato chips, fat free, salted",,,SWEETS_SNACKS,379.0,9.64,83.76,0.6,,USDA_FDC_SR_LEGACY,19437,2018-04,True,
"Snacks, potato chips, fat-free, made with olestra",,,SWEETS_SNACKS,274.0,7.74,65.0,0.7,,USDA_FDC_SR_LEGACY,19423,2018-04,True,
"Snacks, potato chips, lightly salted",,,SWEETS_SNACKS,560.0,6.72,53.54,35.39,,USDA_FDC_SR_LEGACY,25064,2018-04,True,
"Snacks, potato chips, made from dried potatoes (preformed), multigrain",,,SWEETS_SNACKS,505.0,5.3,65.34,24.74,,USDA_FDC_SR_LEGACY,25063,2018-04,True,
"Snacks, potato chips, made from dried potatoes, cheese-flavor",,,SWEETS_SNACKS,551.0,7.0,50.6,37.0,,USDA_FDC_SR_LEGACY,19412,2018-04,True,
"Snacks, potato chips, made from dried potatoes, fat-free, made with olestra",,,SWEETS_SNACKS,253.0,5.06,56.0,0.93,,USDA_FDC_SR_LEGACY,19445,2018-04,True,
"Snacks, potato chips, made from dried potatoes, reduced fat",,,SWEETS_SNACKS,502.0,4.56,64.76,26.14,,USDA_FDC_SR_LEGACY,19045,2018-04,True,
"Snacks, potato chips, made from dried potatoes, sour-cream and onion-flavor",,,SWEETS_SNACKS,547.0,6.6,51.3,37.0,,USDA_FDC_SR_LEGACY,19046,2018-04,True,
"Snacks, potato chips, plain, made with partially hydrogenated soybean oil, salted",,,SWEETS_SNACKS,536.0,7.0,52.9,34.6,,USDA_FDC_SR_LEGACY,19809,2018-04,True,
"Snacks, potato chips, plain, made with partially hydrogenated soybean oil, unsalted",,,SWEETS_SNACKS,536.0,7.0,52.9,34.6,,USDA_FDC_SR_LEGACY,19810,2018-04,True,
"Snacks, potato chips, plain, salted",,,SWEETS_SNACKS,532.0,6.39,53.83,33.98,,USDA_FDC_SR_LEGACY,19411,2018-04,True,
"Snacks, potato chips, plain, unsalted",,,SWEETS_SNACKS,536.0,7.0,52.9,34.6,,USDA_FDC_SR_LEGACY,19811,2018-04,True,
"Snacks, potato chips, reduced fat",,,SWEETS_SNACKS,471.0,7.1,66.9,20.8,,USDA_FDC_SR_LEGACY,19422,2018-04,True,
"Snacks, potato chips, sour-cream-and-onion-flavor",,,SWEETS_SNACKS,531.0,8.1,51.5,33.9,,USDA_FDC_SR_LEGACY,19043,2018-04,True,
"Snacks, potato chips, white, restructured, baked",,,SWEETS_SNACKS,469.0,5.0,71.4,18.2,,USDA_FDC_SR_LEGACY,42283,2018-04,True,
"Snacks, potato sticks",,,SWEETS_SNACKS,522.0,6.7,53.3,34.4,,USDA_FDC_SR_LEGACY,19415,2018-04,True,
"Snacks, pretzels, hard, confectioner's coating, chocolate-flavor",,,SWEETS_SNACKS,457.0,7.5,70.9,16.7,,USDA_FDC_SR_LEGACY,19048,2018-04,True,
"Snacks, pretzels, hard, plain, made with enriched flour, unsalted",,,SWEETS_SNACKS,381.0,9.1,79.2,3.5,,USDA_FDC_SR_LEGACY,19814,2018-04,True,
"Snacks, pretzels, hard, plain, made with unenriched flour, salted",,,SWEETS_SNACKS,381.0,9.1,79.2,3.5,,USDA_FDC_SR_LEGACY,19812,2018-04,True,
"Snacks, pretzels, hard, plain, made with unenriched flour, unsalted",,,SWEETS_SNACKS,381.0,9.1,79.2,3.5,,USDA_FDC_SR_LEGACY,19813,2018-04,True,
"Snacks, pretzels, hard, plain, salted",,,SWEETS_SNACKS,384.0,10.04,80.39,2.93,,USDA_FDC_SR_LEGACY,19047,2018-04,True,
"Snacks, pretzels, hard, whole-wheat including both salted and unsalted",,,SWEETS_SNACKS,362.0,11.1,81.3,2.6,,USDA_FDC_SR_LEGACY,19050,2018-04,True,
"Snacks, rice cakes, brown rice, buckwheat",,,SWEETS_SNACKS,380.0,9.0,80.1,3.5,,USDA_FDC_SR_LEGACY,19052,2018-04,True,
"Snacks, rice cakes, brown rice, buckwheat, unsalted",,,SWEETS_SNACKS,380.0,9.0,80.1,3.5,,USDA_FDC_SR_LEGACY,19817,2018-04,True,
"Snacks, rice cakes, brown rice, corn",,,SWEETS_SNACKS,385.0,8.4,81.2,3.2,,USDA_FDC_SR_LEGACY,19413,2018-04,True,
"Snacks, rice cakes, brown rice, multigrain",,,SWEETS_SNACKS,387.0,8.5,80.1,3.5,,USDA_FDC_SR_LEGACY,19414,2018-04,True,
"Snacks, rice cakes, brown rice, multigrain, unsalted",,,SWEETS_SNACKS,387.0,8.5,80.1,3.5,,USDA_FDC_SR_LEGACY,19818,2018-04,True,
"Snacks, rice cakes, brown rice, plain, unsalted",,,SWEETS_SNACKS,387.0,8.2,81.5,2.8,,USDA_FDC_SR_LEGACY,19816,2018-04,True,
"Snacks, rice cakes, brown rice, rye",,,SWEETS_SNACKS,386.0,8.1,79.9,3.8,,USDA_FDC_SR_LEGACY,19416,2018-04,True,
"Snacks, rice cakes, brown rice, sesame seed",,,SWEETS_SNACKS,392.0,7.6,81.5,3.8,,USDA_FDC_SR_LEGACY,19053,2018-04,True,
"Snacks, rice cakes, brown rice, sesame seed, unsalted",,,SWEETS_SNACKS,392.0,7.6,81.5,3.8,,USDA_FDC_SR_LEGACY,19819,2018-04,True,
"Snacks, rice cracker brown rice, plain",,,SWEETS_SNACKS,387.0,8.2,81.5,2.8,,USDA_FDC_SR_LEGACY,19051,2018-04,True,
"Snacks, sesame sticks, wheat-based, salted",,,SWEETS_SNACKS,541.0,10.9,46.5,36.7,,USDA_FDC_SR_LEGACY,19418,2018-04,True,
"Snacks, sesame sticks, wheat-based, unsalted",,,SWEETS_SNACKS,541.0,10.9,46.5,36.7,,USDA_FDC_SR_LEGACY,19820,2018-04,True,
"Snacks, shrimp cracker",,,SWEETS_SNACKS,426.0,7.14,59.09,17.86,,USDA_FDC_SR_LEGACY,25070,2018-04,True,
"Snacks, soy chips or crisps, salted",,,SWEETS_SNACKS,385.0,26.5,53.15,7.35,,USDA_FDC_SR_LEGACY,25025,2018-04,True,
"Snacks, sweet potato chips, unsalted",,,SWEETS_SNACKS,532.0,2.94,56.82,32.35,,USDA_FDC_SR_LEGACY,25012,2018-04,True,
"Snacks, taro chips",,,SWEETS_SNACKS,498.0,2.3,68.1,24.9,,USDA_FDC_SR_LEGACY,19524,2018-04,True,
"Snacks, tortilla chips, light (baked with less oil)",,,SWEETS_SNACKS,465.0,8.7,73.4,15.2,,USDA_FDC_SR_LEGACY,43566,2018-04,True,
"Snacks, tortilla chips, low fat, made with olestra, nacho cheese",,,SWEETS_SNACKS,318.0,8.44,65.22,3.53,,USDA_FDC_SR_LEGACY,19444,2018-04,True,
"Snacks, tortilla chips, low fat, unsalted",,,SWEETS_SNACKS,416.0,11.0,80.1,5.7,,USDA_FDC_SR_LEGACY,19833,2018-04,True,
"Snacks, tortilla chips, nacho cheese",,,SWEETS_SNACKS,519.0,7.36,60.81,27.42,,USDA_FDC_SR_LEGACY,19057,2018-04,True,
"Snacks, tortilla chips, nacho-flavor, made with enriched masa flour",,,SWEETS_SNACKS,511.0,7.8,62.3,25.6,,USDA_FDC_SR_LEGACY,19857,2018-04,True,
"Snacks, tortilla chips, nacho-flavor, reduced fat",,,SWEETS_SNACKS,445.0,8.7,71.6,15.2,,USDA_FDC_SR_LEGACY,19424,2018-04,True,
"Snacks, tortilla chips, plain, white corn, salted",,,SWEETS_SNACKS,472.0,7.1,67.78,20.68,,USDA_FDC_SR_LEGACY,19056,2018-04,True,
"Snacks, tortilla chips, ranch-flavor",,,SWEETS_SNACKS,501.0,7.19,62.74,24.63,,USDA_FDC_SR_LEGACY,19058,2018-04,True,
"Snacks, tortilla chips, taco-flavor",,,SWEETS_SNACKS,480.0,7.9,63.1,24.2,,USDA_FDC_SR_LEGACY,19063,2018-04,True,
"Snacks, tortilla chips, unsalted, white corn",,,SWEETS_SNACKS,503.0,7.79,65.32,23.36,,USDA_FDC_SR_LEGACY,43364,2018-04,True,
"Snacks, trail mix, regular",,,SWEETS_SNACKS,462.0,13.8,44.9,29.4,,USDA_FDC_SR_LEGACY,19059,2018-04,True,
"Snacks, trail mix, regular, unsalted",,,SWEETS_SNACKS,462.0,13.8,44.9,29.4,,USDA_FDC_SR_LEGACY,19821,2018-04,True,
"Snacks, trail mix, regular, with chocolate chips, salted nuts and seeds",,,SWEETS_SNACKS,484.0,14.2,44.9,31.9,,USDA_FDC_SR_LEGACY,19062,2018-04,True,
"Snacks, trail mix, regular, with chocolate chips, unsalted nuts and seeds",,,SWEETS_SNACKS,484.0,14.2,44.9,31.9,,USDA_FDC_SR_LEGACY,19822,2018-04,True,
"Snacks, trail mix, tropical",,,SWEETS_SNACKS,442.0,6.3,65.6,17.1,,USDA_FDC_SR_LEGACY,19061,2018-04,True,
"Snacks, vegetable chips, HAIN CELESTIAL GROUP, TERRA CHIPS",,,SWEETS_SNACKS,517.0,4.13,57.97,29.81,,USDA_FDC_SR_LEGACY,25030,2018-04,True,
"Snacks, vegetable chips, made from garden vegetables",,,SWEETS_SNACKS,473.0,5.32,60.43,23.3,,USDA_FDC_SR_LEGACY,25040,2018-04,True,
"Snacks, yucca (cassava) chips, salted",,,SWEETS_SNACKS,515.0,1.34,69.23,25.91,,USDA_FDC_SR_LEGACY,25050,2018-04,True,
"Sugar, turbinado",,,SWEETS_SNACKS,399.0,0.0,99.8,0.0,,USDA_FDC_SR_LEGACY,19908,2018-04,True,
"Sugars, brown",,,SWEETS_SNACKS,380.0,0.12,98.09,0.0,,USDA_FDC_SR_LEGACY,19334,2018-04,True,
"Sugars, granulated",,,SWEETS_SNACKS,385.0,0.0,99.6,0.32,,USDA_FDC_FOUNDATION,19335,2026-04-30,True,
"Sugars, maple",,,SWEETS_SNACKS,354.0,0.1,90.9,0.2,,USDA_FDC_SR_LEGACY,19340,2018-04,True,
"Sugars, powdered",,,SWEETS_SNACKS,389.0,0.0,99.77,0.0,,USDA_FDC_SR_LEGACY,19336,2018-04,True,
"Sweetener, herbal extract powder from Stevia leaf",,,SWEETS_SNACKS,0.0,0.0,100.0,0.0,,USDA_FDC_SR_LEGACY,19918,2018-04,True,
"Sweetener, syrup, agave",,,SWEETS_SNACKS,310.0,0.09,76.37,0.45,,USDA_FDC_SR_LEGACY,19912,2018-04,True,
"Sweeteners, for baking, brown, contains sugar and sucralose",,,SWEETS_SNACKS,388.0,0.0,97.11,0.0,,USDA_FDC_SR_LEGACY,19906,2018-04,True,
"Sweeteners, for baking, contains sugar and sucralose",,,SWEETS_SNACKS,398.0,0.0,99.53,0.0,,USDA_FDC_SR_LEGACY,19907,2018-04,True,
"Sweeteners, sugar substitute, granulated, brown",,,SWEETS_SNACKS,347.0,2.06,84.77,0.0,,USDA_FDC_SR_LEGACY,19909,2018-04,True,
"Sweeteners, tabletop, aspartame, EQUAL, packets",,,SWEETS_SNACKS,365.0,2.17,89.08,0.0,,USDA_FDC_SR_LEGACY,19337,2018-04,True,
"Sweeteners, tabletop, fructose, dry, powder",,,SWEETS_SNACKS,368.0,0.0,100.0,0.0,,USDA_FDC_SR_LEGACY,43216,2018-04,True,
"Sweeteners, tabletop, fructose, liquid",,,SWEETS_SNACKS,279.0,0.0,76.1,0.0,,USDA_FDC_SR_LEGACY,44018,2018-04,True,
"Sweeteners, tabletop, saccharin (sodium saccharin)",,,SWEETS_SNACKS,360.0,0.94,89.11,0.0,,USDA_FDC_SR_LEGACY,43158,2018-04,True,
"Sweeteners, tabletop, sucralose, SPLENDA packets",,,SWEETS_SNACKS,336.0,0.0,91.17,0.0,,USDA_FDC_SR_LEGACY,19868,2018-04,True,
"Syrup, Cane",,,SWEETS_SNACKS,269.0,0.0,73.14,0.0,,USDA_FDC_SR_LEGACY,90480,2018-04,True,
"Syrup, NESTLE, chocolate",,,SWEETS_SNACKS,269.0,0.0,67.21,0.0,,USDA_FDC_SR_LEGACY,19924,2018-04,True,
"Syrup, fruit flavored",,,SWEETS_SNACKS,261.0,0.0,65.1,0.02,,USDA_FDC_SR_LEGACY,19030,2018-04,True,
"Syrup, maple, Canadian",,,SWEETS_SNACKS,270.0,0.0,67.38,0.0,,USDA_FDC_SR_LEGACY,19911,2018-04,True,
"Syrups, chocolate, HERSHEY'S Genuine Chocolate Flavored Lite Syrup",,,SWEETS_SNACKS,153.0,1.4,34.56,0.97,,USDA_FDC_SR_LEGACY,19345,2018-04,True,
"Syrups, chocolate, HERSHEY'S Sugar free, Genuine Chocolate Flavored, Lite Syrup",,,SWEETS_SNACKS,43.0,2.87,14.2,2.03,,USDA_FDC_SR_LEGACY,19916,2018-04,True,
"Syrups, chocolate, fudge-type",,,SWEETS_SNACKS,350.0,4.6,62.9,8.9,,USDA_FDC_SR_LEGACY,19348,2018-04,True,
"Syrups, corn, dark",,,SWEETS_SNACKS,286.0,0.0,77.59,0.0,,USDA_FDC_SR_LEGACY,19349,2018-04,True,
"Syrups, corn, high-fructose",,,SWEETS_SNACKS,281.0,0.0,76.0,0.0,,USDA_FDC_SR_LEGACY,19351,2018-04,True,
"Syrups, corn, light",,,SWEETS_SNACKS,283.0,0.0,76.79,0.2,,USDA_FDC_SR_LEGACY,19350,2018-04,True,
"Syrups, grenadine",,,SWEETS_SNACKS,268.0,0.0,66.91,0.0,,USDA_FDC_SR_LEGACY,42040,2018-04,True,
"Syrups, malt",,,SWEETS_SNACKS,318.0,6.2,71.3,0.0,,USDA_FDC_SR_LEGACY,19352,2018-04,True,
"Syrups, maple",,,SWEETS_SNACKS,260.0,0.04,67.04,0.06,,USDA_FDC_SR_LEGACY,19353,2018-04,True,
"Syrups, sorghum",,,SWEETS_SNACKS,290.0,0.0,74.9,0.0,,USDA_FDC_SR_LEGACY,19355,2018-04,True,
"Syrups, sugar free",,,SWEETS_SNACKS,51.0,0.8,11.99,0.0,,USDA_FDC_SR_LEGACY,43026,2018-04,True,
"Syrups, table blends, corn, refiner, and sugar",,,SWEETS_SNACKS,319.0,0.0,83.9,0.0,,USDA_FDC_SR_LEGACY,19362,2018-04,True,
"Syrups, table blends, pancake",,,SWEETS_SNACKS,234.0,0.0,61.47,0.0,,USDA_FDC_SR_LEGACY,19129,2018-04,True,
"Syrups, table blends, pancake, reduced-calorie",,,SWEETS_SNACKS,165.0,0.0,44.55,0.0,,USDA_FDC_SR_LEGACY,19128,2018-04,True,
"Syrups, table blends, pancake, with 2% maple",,,SWEETS_SNACKS,265.0,0.0,69.6,0.1,,USDA_FDC_SR_LEGACY,19360,2018-04,True,
"Syrups, table blends, pancake, with 2% maple, with added potassium",,,SWEETS_SNACKS,265.0,0.0,69.6,0.1,,USDA_FDC_SR_LEGACY,19720,2018-04,True,
"Syrups, table blends, pancake, with butter",,,SWEETS_SNACKS,291.0,0.0,72.43,0.09,,USDA_FDC_SR_LEGACY,19113,2018-04,True,
"Topping, SMUCKER'S MAGIC SHELL",,,SWEETS_SNACKS,609.0,2.94,50.07,44.1,,USDA_FDC_SR_LEGACY,19029,2018-04,True,
"Toppings, butterscotch or caramel",,,SWEETS_SNACKS,216.0,1.21,57.01,0.0,,USDA_FDC_SR_LEGACY,19364,2018-04,True,
"Toppings, marshmallow cream",,,SWEETS_SNACKS,322.0,0.8,79.0,0.3,,USDA_FDC_SR_LEGACY,19365,2018-04,True,
"Toppings, nuts in syrup",,,SWEETS_SNACKS,448.0,4.5,58.08,22.0,,USDA_FDC_SR_LEGACY,19367,2018-04,True,
"Toppings, pineapple",,,SWEETS_SNACKS,253.0,0.1,66.4,0.1,,USDA_FDC_SR_LEGACY,19366,2018-04,True,
"Toppings, strawberry",,,SWEETS_SNACKS,254.0,0.2,66.3,0.1,,USDA_FDC_SR_LEGACY,19137,2018-04,True,
"Tortilla chips, low fat, baked without fat",,,SWEETS_SNACKS,448.0,11.0,80.2,5.7,,USDA_FDC_SR_LEGACY,19433,2018-04,True,
"Tortilla chips, yellow, plain, salted",,,SWEETS_SNACKS,497.0,6.62,67.38,22.33,,USDA_FDC_SR_LEGACY,25028,2018-04,True,
"Alfalfa seeds, sprouted, raw",,,VEGETABLE,23.0,3.99,2.1,0.69,,USDA_FDC_SR_LEGACY,11001,2018-04,True,
"Amaranth leaves, cooked, boiled, drained, with salt",,,VEGETABLE,21.0,2.11,4.11,0.18,,USDA_FDC_SR_LEGACY,11700,2018-04,True,
"Amaranth leaves, cooked, boiled, drained, without salt",,,VEGETABLE,21.0,2.11,4.11,0.18,,USDA_FDC_SR_LEGACY,11004,2018-04,True,
"Amaranth leaves, raw",,,VEGETABLE,23.0,2.46,4.02,0.33,,USDA_FDC_SR_LEGACY,11003,2018-04,True,
"Arrowhead, cooked, boiled, drained, with salt",,,VEGETABLE,78.0,4.49,16.14,0.1,,USDA_FDC_SR_LEGACY,11701,2018-04,True,
"Arrowhead, cooked, boiled, drained, without salt",,,VEGETABLE,78.0,4.49,16.14,0.1,,USDA_FDC_SR_LEGACY,11006,2018-04,True,
"Arrowhead, raw",,,VEGETABLE,99.0,5.33,20.23,0.29,,USDA_FDC_SR_LEGACY,11005,2018-04,True,
"Arrowroot, raw",,,VEGETABLE,65.0,4.24,13.39,0.2,,USDA_FDC_SR_LEGACY,11697,2018-04,True,
"Artichokes, (globe or french), cooked, boiled, drained, with salt",,,VEGETABLE,51.0,2.89,11.39,0.34,,USDA_FDC_SR_LEGACY,11702,2018-04,True,
"Artichokes, (globe or french), cooked, boiled, drained, without salt",,,VEGETABLE,53.0,2.89,11.95,0.34,,USDA_FDC_SR_LEGACY,11008,2018-04,True,
"Artichokes, (globe or french), frozen, cooked, boiled, drained, with salt",,,VEGETABLE,45.0,3.11,9.18,0.5,,USDA_FDC_SR_LEGACY,11703,2018-04,True,
"Artichokes, (globe or french), frozen, cooked, boiled, drained, without salt",,,VEGETABLE,45.0,3.11,9.18,0.5,,USDA_FDC_SR_LEGACY,11010,2018-04,True,
"Artichokes, (globe or french), frozen, unprepared",,,VEGETABLE,38.0,2.63,7.75,0.43,,USDA_FDC_SR_LEGACY,11009,2018-04,True,
"Artichokes, (globe or french), raw",,,VEGETABLE,47.0,3.27,10.51,0.15,,USDA_FDC_SR_LEGACY,11007,2018-04,True,
"Arugula, baby, raw",,,VEGETABLE,25.91,1.65,5.37,0.32,,USDA_FDC_FOUNDATION,100346,2026-04-30,True,
"Arugula, raw",,,VEGETABLE,25.0,2.58,3.65,0.66,,USDA_FDC_SR_LEGACY,11959,2018-04,True,
"Asparagus, canned, drained solids",,,VEGETABLE,19.0,2.14,2.46,0.65,,USDA_FDC_SR_LEGACY,11015,2018-04,True,
"Asparagus, canned, no salt added, solids and liquids",,,VEGETABLE,15.0,1.8,2.48,0.18,,USDA_FDC_SR_LEGACY,11707,2018-04,True,
"Asparagus, canned, regular pack, solids and liquids",,,VEGETABLE,15.0,1.8,2.48,0.18,,USDA_FDC_SR_LEGACY,11013,2018-04,True,
"Asparagus, cooked, boiled, drained",,,VEGETABLE,22.0,2.4,4.11,0.22,,USDA_FDC_SR_LEGACY,11012,2018-04,True,
"Asparagus, cooked, boiled, drained, with salt",,,VEGETABLE,22.0,2.4,4.11,0.22,,USDA_FDC_SR_LEGACY,11705,2018-04,True,
"Asparagus, frozen, cooked, boiled, drained, with salt",,,VEGETABLE,18.0,2.95,1.92,0.42,,USDA_FDC_SR_LEGACY,11709,2018-04,True,
"Asparagus, frozen, cooked, boiled, drained, without salt",,,VEGETABLE,18.0,2.95,1.92,0.42,,USDA_FDC_SR_LEGACY,11019,2018-04,True,
"Asparagus, frozen, unprepared",,,VEGETABLE,24.0,3.23,4.1,0.23,,USDA_FDC_SR_LEGACY,11018,2018-04,True,
"Asparagus, green, raw",,,VEGETABLE,23.53,1.44,5.1,0.22,,USDA_FDC_FOUNDATION,100347,2026-04-30,True,
"Asparagus, raw",,,VEGETABLE,20.0,2.2,3.88,0.12,,USDA_FDC_SR_LEGACY,11011,2018-04,True,
"Balsam-pear (bitter gourd), leafy tips, cooked, boiled, drained, with salt",,,VEGETABLE,32.0,3.6,6.16,0.2,,USDA_FDC_SR_LEGACY,11710,2018-04,True,
"Balsam-pear (bitter gourd), leafy tips, cooked, boiled, drained, without salt",,,VEGETABLE,34.0,3.6,6.68,0.2,,USDA_FDC_SR_LEGACY,11023,2018-04,True,
"Balsam-pear (bitter gourd), leafy tips, raw",,,VEGETABLE,30.0,5.3,3.29,0.69,,USDA_FDC_SR_LEGACY,11022,2018-04,True,
"Balsam-pear (bitter gourd), pods, cooked, boiled, drained, with salt",,,VEGETABLE,19.0,0.84,4.32,0.18,,USDA_FDC_SR_LEGACY,11711,2018-04,True,
"Balsam-pear (bitter gourd), pods, cooked, boiled, drained, without salt",,,VEGETABLE,19.0,0.84,4.32,0.18,,USDA_FDC_SR_LEGACY,11025,2018-04,True,
"Balsam-pear (bitter gourd), pods, raw",,,VEGETABLE,17.0,1.0,3.7,0.17,,USDA_FDC_SR_LEGACY,11024,2018-04,True,
"Bamboo shoots, canned, drained solids",,,VEGETABLE,19.0,1.72,3.22,0.4,,USDA_FDC_SR_LEGACY,11028,2018-04,True,
"Bamboo shoots, cooked, boiled, drained, with salt",,,VEGETABLE,11.0,1.53,1.52,0.22,,USDA_FDC_SR_LEGACY,11712,2018-04,True,
"Bamboo shoots, cooked, boiled, drained, without salt",,,VEGETABLE,12.0,1.53,1.92,0.22,,USDA_FDC_SR_LEGACY,11027,2018-04,True,
"Bamboo shoots, raw",,,VEGETABLE,27.0,2.6,5.2,0.3,,USDA_FDC_SR_LEGACY,11026,2018-04,True,
"Beans, fava, in pod, raw",,,VEGETABLE,88.0,7.92,17.63,0.73,,USDA_FDC_SR_LEGACY,11973,2018-04,True,
"Beans, kidney, mature seeds, sprouted, cooked, boiled, drained, with salt",,,VEGETABLE,33.0,4.83,4.72,0.58,,USDA_FDC_SR_LEGACY,11713,2018-04,True,
"Beans, kidney, mature seeds, sprouted, cooked, boiled, drained, without salt",,,VEGETABLE,33.0,4.83,4.72,0.58,,USDA_FDC_SR_LEGACY,11030,2018-04,True,
"Beans, kidney, mature seeds, sprouted, raw",,,VEGETABLE,29.0,4.2,4.1,0.5,,USDA_FDC_SR_LEGACY,11029,2018-04,True,
"Beans, mung, mature seeds, sprouted, canned, drained solids",,,VEGETABLE,12.0,1.4,2.14,0.06,,USDA_FDC_SR_LEGACY,11626,2018-04,True,
"Beans, navy, mature seeds, sprouted, cooked, boiled, drained, with salt",,,VEGETABLE,78.0,7.07,15.01,0.81,,USDA_FDC_SR_LEGACY,11719,2018-04,True,
"Beans, navy, mature seeds, sprouted, cooked, boiled, drained, without salt",,,VEGETABLE,78.0,7.07,15.01,0.81,,USDA_FDC_SR_LEGACY,11047,2018-04,True,
"Beans, navy, mature seeds, sprouted, raw",,,VEGETABLE,67.0,6.15,13.05,0.7,,USDA_FDC_SR_LEGACY,11046,2018-04,True,
"Beans, pinto, immature seeds, frozen, cooked, boiled, drained, with salt",,,VEGETABLE,162.0,9.31,30.87,0.48,,USDA_FDC_SR_LEGACY,11720,2018-04,True,
"Beans, pinto, immature seeds, frozen, cooked, boiled, drained, without salt",,,VEGETABLE,162.0,9.31,30.87,0.48,,USDA_FDC_SR_LEGACY,11049,2018-04,True,
"Beans, pinto, immature seeds, frozen, unprepared",,,VEGETABLE,170.0,9.8,32.5,0.5,,USDA_FDC_SR_LEGACY,11048,2018-04,True,
"Beans, pinto, mature seeds, sprouted, cooked, boiled, drained, with salt",,,VEGETABLE,20.0,1.86,3.5,0.32,,USDA_FDC_SR_LEGACY,11721,2018-04,True,
"Beans, pinto, mature seeds, sprouted, cooked, boiled, drained, without salt",,,VEGETABLE,22.0,1.86,4.1,0.32,,USDA_FDC_SR_LEGACY,11654,2018-04,True,
"Beans, pinto, mature seeds, sprouted, raw",,,VEGETABLE,62.0,5.25,11.6,0.9,,USDA_FDC_SR_LEGACY,11653,2018-04,True,
"Beans, shellie, canned, solids and liquids",,,VEGETABLE,30.0,1.76,6.19,0.19,,USDA_FDC_SR_LEGACY,11050,2018-04,True,
"Beans, snap, canned, all styles, seasoned, solids and liquids",,,VEGETABLE,16.0,0.83,3.49,0.2,,USDA_FDC_SR_LEGACY,11058,2018-04,True,
"Beans, snap, green, canned, no salt added, drained solids",,,VEGETABLE,22.0,1.12,4.32,0.46,,USDA_FDC_SR_LEGACY,11729,2018-04,True,
"Beans, snap, green, canned, no salt added, solids and liquids",,,VEGETABLE,15.0,0.8,3.5,0.1,,USDA_FDC_SR_LEGACY,11726,2018-04,True,
"Beans, snap, green, canned, regular pack, drained solids",,,VEGETABLE,20.0,1.04,4.11,0.39,,USDA_FDC_FOUNDATION,11056,2026-04-30,True,
"Beans, snap, green, canned, regular pack, solids and liquids",,,VEGETABLE,15.0,0.72,3.27,0.17,,USDA_FDC_SR_LEGACY,11054,2018-04,True,
"Beans, snap, green, cooked, boiled, drained, with salt",,,VEGETABLE,35.0,1.89,7.88,0.28,,USDA_FDC_SR_LEGACY,11723,2018-04,True,
"Beans, snap, green, cooked, boiled, drained, without salt",,,VEGETABLE,35.0,1.89,7.88,0.28,,USDA_FDC_SR_LEGACY,11053,2018-04,True,
"Beans, snap, green, frozen, all styles, microwaved",,,VEGETABLE,33.0,1.98,6.98,0.41,,USDA_FDC_SR_LEGACY,11062,2018-04,True,
"Beans, snap, green, frozen, all styles, unprepared (Includes foods for USDA's Food Distribution Program)",,,VEGETABLE,33.0,1.79,7.54,0.21,,USDA_FDC_SR_LEGACY,11060,2018-04,True,
"Beans, snap, green, frozen, cooked, boiled, drained without salt",,,VEGETABLE,28.0,1.49,6.45,0.17,,USDA_FDC_SR_LEGACY,11061,2018-04,True,
"Beans, snap, green, frozen, cooked, boiled, drained, with salt",,,VEGETABLE,28.0,1.49,6.45,0.17,,USDA_FDC_SR_LEGACY,11731,2018-04,True,
"Beans, snap, green, microwaved",,,VEGETABLE,33.0,2.31,6.41,0.5,,USDA_FDC_SR_LEGACY,11063,2018-04,True,
"Beans, snap, green, raw",,,VEGETABLE,33.57,1.97,7.41,0.28,,USDA_FDC_FOUNDATION,11052,2026-04-30,True,
"Beans, snap, yellow, canned, no salt added, drained solids",,,VEGETABLE,20.0,1.15,4.5,0.1,,USDA_FDC_SR_LEGACY,11933,2018-04,True,
"Beans, snap, yellow, canned, no salt added, solids and liquids",,,VEGETABLE,15.0,0.8,3.5,0.1,,USDA_FDC_SR_LEGACY,11728,2018-04,True,
"Beans, snap, yellow, canned, regular pack, drained solids",,,VEGETABLE,20.0,1.15,4.5,0.1,,USDA_FDC_SR_LEGACY,11932,2018-04,True,
"Beans, snap, yellow, canned, regular pack, solids and liquids",,,VEGETABLE,15.0,0.8,3.5,0.1,,USDA_FDC_SR_LEGACY,11727,2018-04,True,
"Beans, snap, yellow, cooked, boiled, drained, with salt",,,VEGETABLE,35.0,1.89,7.88,0.28,,USDA_FDC_SR_LEGACY,11725,2018-04,True,
"Beans, snap, yellow, cooked, boiled, drained, without salt",,,VEGETABLE,35.0,1.89,7.88,0.28,,USDA_FDC_SR_LEGACY,11724,2018-04,True,
"Beans, snap, yellow, frozen, all styles, unprepared",,,VEGETABLE,33.0,1.8,7.58,0.21,,USDA_FDC_SR_LEGACY,11730,2018-04,True,
"Beans, snap, yellow, frozen, cooked, boiled, drained, with salt",,,VEGETABLE,28.0,1.49,6.45,0.17,,USDA_FDC_SR_LEGACY,11733,2018-04,True,
"Beans, snap, yellow, frozen, cooked, boiled, drained, without salt",,,VEGETABLE,28.0,1.49,6.45,0.17,,USDA_FDC_SR_LEGACY,11732,2018-04,True,
"Beans, snap, yellow, raw",,,VEGETABLE,31.0,1.82,7.13,0.12,,USDA_FDC_SR_LEGACY,11722,2018-04,True,
"Beet greens, cooked, boiled, drained, with salt",,,VEGETABLE,27.0,2.57,5.46,0.2,,USDA_FDC_SR_LEGACY,11736,2018-04,True,
"Beet greens, cooked, boiled, drained, without salt",,,VEGETABLE,27.0,2.57,5.46,0.2,,USDA_FDC_SR_LEGACY,11087,2018-04,True,
"Beet greens, raw",,,VEGETABLE,26.37,1.61,4.66,0.14,,USDA_FDC_FOUNDATION,11086,2026-04-30,True,
"Beets, canned, drained solids",,,VEGETABLE,31.0,0.91,7.21,0.14,,USDA_FDC_SR_LEGACY,11084,2018-04,True,
"Beets, canned, no salt added, solids and liquids",,,VEGETABLE,28.0,0.8,6.57,0.07,,USDA_FDC_SR_LEGACY,11735,2018-04,True,
"Beets, canned, regular pack, solids and liquids",,,VEGETABLE,30.0,0.73,7.14,0.09,,USDA_FDC_SR_LEGACY,11082,2018-04,True,
"Beets, cooked, boiled, drained",,,VEGETABLE,44.0,1.68,9.96,0.18,,USDA_FDC_SR_LEGACY,11081,2018-04,True,
"Beets, cooked, boiled. drained, with salt",,,VEGETABLE,44.0,1.68,9.96,0.18,,USDA_FDC_SR_LEGACY,11734,2018-04,True,
"Beets, harvard, canned, solids and liquids",,,VEGETABLE,73.0,0.84,18.18,0.06,,USDA_FDC_SR_LEGACY,11605,2018-04,True,
"Beets, pickled, canned, solids and liquids",,,VEGETABLE,65.0,0.8,16.28,0.08,,USDA_FDC_SR_LEGACY,11609,2018-04,True,
"Beets, raw",,,VEGETABLE,40.97,1.69,8.79,0.3,,USDA_FDC_FOUNDATION,11080,2026-04-30,True,
"Borage, cooked, boiled, drained, with salt",,,VEGETABLE,25.0,2.09,3.55,0.81,,USDA_FDC_SR_LEGACY,11737,2018-04,True,
"Borage, cooked, boiled, drained, without salt",,,VEGETABLE,25.0,2.09,3.55,0.81,,USDA_FDC_SR_LEGACY,11614,2018-04,True,
"Borage, raw",,,VEGETABLE,21.0,1.8,3.06,0.7,,USDA_FDC_SR_LEGACY,11613,2018-04,True,
"Broadbeans, immature seeds, cooked, boiled, drained, with salt",,,VEGETABLE,62.0,4.8,10.1,0.5,,USDA_FDC_SR_LEGACY,11738,2018-04,True,
"Broadbeans, immature seeds, cooked, boiled, drained, without salt",,,VEGETABLE,62.0,4.8,10.1,0.5,,USDA_FDC_SR_LEGACY,11089,2018-04,True,
"Broadbeans, immature seeds, raw",,,VEGETABLE,72.0,5.6,11.7,0.6,,USDA_FDC_SR_LEGACY,11088,2018-04,True,
"Broccoli raab, cooked",,,VEGETABLE,25.0,3.83,3.12,0.52,,USDA_FDC_SR_LEGACY,11097,2018-04,True,
"Broccoli raab, raw",,,VEGETABLE,22.0,3.17,2.85,0.49,,USDA_FDC_SR_LEGACY,11096,2018-04,True,
"Broccoli, chinese, cooked",,,VEGETABLE,22.0,1.14,3.81,0.72,,USDA_FDC_SR_LEGACY,11969,2018-04,True,
"Broccoli, chinese, raw",,,VEGETABLE,26.0,1.2,4.67,0.76,,USDA_FDC_SR_LEGACY,11994,2018-04,True,
"Broccoli, cooked, boiled, drained, with salt",,,VEGETABLE,35.0,2.38,7.18,0.41,,USDA_FDC_SR_LEGACY,11742,2018-04,True,
"Broccoli, cooked, boiled, drained, without salt",,,VEGETABLE,35.0,2.38,7.18,0.41,,USDA_FDC_SR_LEGACY,11091,2018-04,True,
"Broccoli, flower clusters, raw",,,VEGETABLE,28.0,2.98,5.06,0.35,,USDA_FDC_SR_LEGACY,11740,2018-04,True,
"Broccoli, frozen, chopped, cooked, boiled, drained, with salt",,,VEGETABLE,28.0,3.1,5.35,0.12,,USDA_FDC_SR_LEGACY,11743,2018-04,True,
"Broccoli, frozen, chopped, cooked, boiled, drained, without salt",,,VEGETABLE,28.0,3.1,5.35,0.12,,USDA_FDC_SR_LEGACY,11093,2018-04,True,
"Broccoli, frozen, chopped, unprepared",,,VEGETABLE,26.0,2.81,4.78,0.29,,USDA_FDC_SR_LEGACY,11092,2018-04,True,
"Broccoli, frozen, spears, cooked, boiled, drained, with salt",,,VEGETABLE,28.0,3.1,5.35,0.11,,USDA_FDC_SR_LEGACY,11744,2018-04,True,
"Broccoli, frozen, spears, cooked, boiled, drained, without salt",,,VEGETABLE,28.0,3.1,5.36,0.11,,USDA_FDC_SR_LEGACY,11095,2018-04,True,
"Broccoli, frozen, spears, unprepared (Includes foods for USDA's Food Distribution Program)",,,VEGETABLE,29.0,3.06,5.35,0.34,,USDA_FDC_SR_LEGACY,11094,2018-04,True,
"Broccoli, leaves, raw",,,VEGETABLE,28.0,2.98,5.06,0.35,,USDA_FDC_SR_LEGACY,11739,2018-04,True,
"Broccoli, raw",,,VEGETABLE,32.0,2.57,6.27,0.34,,USDA_FDC_FOUNDATION,11090,2026-04-30,True,
"Broccoli, stalks, raw",,,VEGETABLE,28.0,2.98,5.24,0.35,,USDA_FDC_SR_LEGACY,11741,2018-04,True,
"Brussels sprouts, cooked, boiled, drained, with salt",,,VEGETABLE,36.0,2.55,7.1,0.5,,USDA_FDC_SR_LEGACY,11745,2018-04,True,
"Brussels sprouts, cooked, boiled, drained, without salt",,,VEGETABLE,36.0,2.55,7.1,0.5,,USDA_FDC_SR_LEGACY,11099,2018-04,True,
"Brussels sprouts, frozen, cooked, boiled, drained, with salt",,,VEGETABLE,42.0,3.64,8.32,0.39,,USDA_FDC_SR_LEGACY,11746,2018-04,True,
"Brussels sprouts, frozen, cooked, boiled, drained, without salt",,,VEGETABLE,42.0,3.64,8.32,0.39,,USDA_FDC_SR_LEGACY,11101,2018-04,True,
"Brussels sprouts, frozen, unprepared",,,VEGETABLE,41.0,3.78,7.86,0.41,,USDA_FDC_SR_LEGACY,11100,2018-04,True,
"Brussels sprouts, raw",,,VEGETABLE,48.78,3.98,9.62,0.56,,USDA_FDC_FOUNDATION,11098,2026-04-30,True,
"Burdock root, cooked, boiled, drained, with salt",,,VEGETABLE,88.0,2.09,21.15,0.14,,USDA_FDC_SR_LEGACY,11747,2018-04,True,
"Burdock root, cooked, boiled, drained, without salt",,,VEGETABLE,88.0,2.09,21.15,0.14,,USDA_FDC_SR_LEGACY,11105,2018-04,True,
"Burdock root, raw",,,VEGETABLE,72.0,1.53,17.34,0.15,,USDA_FDC_SR_LEGACY,11104,2018-04,True,
"Butterbur, (fuki), raw",,,VEGETABLE,14.0,0.39,3.61,0.04,,USDA_FDC_SR_LEGACY,11106,2018-04,True,
"Butterbur, canned",,,VEGETABLE,3.0,0.11,0.38,0.13,,USDA_FDC_SR_LEGACY,11108,2018-04,True,
"Butterbur, cooked, boiled, drained, with salt",,,VEGETABLE,8.0,0.23,2.16,0.02,,USDA_FDC_SR_LEGACY,11748,2018-04,True,
"Butterbur, cooked, boiled, drained, without salt",,,VEGETABLE,8.0,0.23,2.16,0.02,,USDA_FDC_SR_LEGACY,11107,2018-04,True,
"Cabbage, bok choy, raw",,,VEGETABLE,17.0,1.02,3.51,0.23,,USDA_FDC_FOUNDATION,11116,2026-04-30,True,
"Cabbage, chinese (pak-choi), cooked, boiled, drained, with salt",,,VEGETABLE,12.0,1.56,1.78,0.16,,USDA_FDC_SR_LEGACY,11754,2018-04,True,
"Cabbage, chinese (pak-choi), cooked, boiled, drained, without salt",,,VEGETABLE,12.0,1.56,1.78,0.16,,USDA_FDC_SR_LEGACY,11117,2018-04,True,
"Cabbage, chinese (pak-choi), raw",,,VEGETABLE,13.0,1.5,2.18,0.2,,USDA_FDC_SR_LEGACY,11116,2018-04,True,
"Cabbage, chinese (pe-tsai), cooked, boiled, drained, with salt",,,VEGETABLE,14.0,1.5,2.41,0.17,,USDA_FDC_SR_LEGACY,11755,2018-04,True,
"Cabbage, chinese (pe-tsai), cooked, boiled, drained, without salt",,,VEGETABLE,14.0,1.5,2.41,0.17,,USDA_FDC_SR_LEGACY,11120,2018-04,True,
"Cabbage, chinese (pe-tsai), raw",,,VEGETABLE,16.0,1.2,3.23,0.2,,USDA_FDC_SR_LEGACY,11119,2018-04,True,
"Cabbage, common (danish, domestic, and pointed types), freshly harvest, raw",,,VEGETABLE,24.0,1.21,5.37,0.18,,USDA_FDC_SR_LEGACY,11749,2018-04,True,
"Cabbage, common (danish, domestic, and pointed types), stored, raw",,,VEGETABLE,24.0,1.21,5.37,0.18,,USDA_FDC_SR_LEGACY,11750,2018-04,True,
"Cabbage, common, cooked, boiled, drained, with salt",,,VEGETABLE,23.0,1.27,5.51,0.06,,USDA_FDC_SR_LEGACY,11751,2018-04,True,
"Cabbage, cooked, boiled, drained, without salt",,,VEGETABLE,23.0,1.27,5.51,0.06,,USDA_FDC_SR_LEGACY,11110,2018-04,True,
"Cabbage, green, raw",,,VEGETABLE,27.87,0.96,6.38,0.23,,USDA_FDC_FOUNDATION,11109,2026-04-30,True,
"Cabbage, japanese style, fresh, pickled",,,VEGETABLE,30.0,1.6,5.67,0.1,,USDA_FDC_SR_LEGACY,43143,2018-04,True,
"Cabbage, kimchi",,,VEGETABLE,15.0,1.1,2.4,0.5,,USDA_FDC_SR_LEGACY,11118,2018-04,True,
"Cabbage, mustard, salted",,,VEGETABLE,28.0,1.1,5.63,0.1,,USDA_FDC_SR_LEGACY,43144,2018-04,True,
"Cabbage, napa, cooked",,,VEGETABLE,12.0,1.1,2.23,0.17,,USDA_FDC_SR_LEGACY,11970,2018-04,True,
"Cabbage, raw",,,VEGETABLE,25.0,1.28,5.8,0.1,,USDA_FDC_SR_LEGACY,11109,2018-04,True,
"Cabbage, red, cooked, boiled, drained, with salt",,,VEGETABLE,29.0,1.51,6.94,0.09,,USDA_FDC_SR_LEGACY,11752,2018-04,True,
"Cabbage, red, cooked, boiled, drained, without salt",,,VEGETABLE,29.0,1.51,6.94,0.09,,USDA_FDC_SR_LEGACY,11113,2018-04,True,
"Cabbage, red, raw",,,VEGETABLE,29.94,1.24,6.79,0.21,,USDA_FDC_FOUNDATION,11112,2026-04-30,True,
"Cabbage, savoy, cooked, boiled, drained, with salt",,,VEGETABLE,24.0,1.8,5.41,0.09,,USDA_FDC_SR_LEGACY,11753,2018-04,True,
"Cabbage, savoy, cooked, boiled, drained, without salt",,,VEGETABLE,24.0,1.8,5.41,0.09,,USDA_FDC_SR_LEGACY,11115,2018-04,True,
"Cabbage, savoy, raw",,,VEGETABLE,27.0,2.0,6.1,0.1,,USDA_FDC_SR_LEGACY,11114,2018-04,True,
"Cardoon, cooked, boiled, drained, with salt",,,VEGETABLE,20.0,0.76,4.74,0.11,,USDA_FDC_SR_LEGACY,11756,2018-04,True,
"Cardoon, cooked, boiled, drained, without salt",,,VEGETABLE,22.0,0.76,5.33,0.11,,USDA_FDC_SR_LEGACY,11123,2018-04,True,
"Cardoon, raw",,,VEGETABLE,17.0,0.7,4.07,0.1,,USDA_FDC_SR_LEGACY,11122,2018-04,True,
"Carrot juice, canned",,,VEGETABLE,40.0,0.95,9.28,0.15,,USDA_FDC_SR_LEGACY,11655,2018-04,True,
"Carrot, dehydrated",,,VEGETABLE,341.0,8.1,79.57,1.49,,USDA_FDC_SR_LEGACY,11683,2018-04,True,
"Carrots, baby, raw",,,VEGETABLE,38.25,0.8,9.08,0.14,,USDA_FDC_FOUNDATION,11960,2026-04-30,True,
"Carrots, canned, no salt added, drained solids",,,VEGETABLE,25.0,0.64,5.54,0.19,,USDA_FDC_SR_LEGACY,11759,2018-04,True,
"Carrots, canned, no salt added, solids and liquids",,,VEGETABLE,23.0,0.59,5.36,0.14,,USDA_FDC_SR_LEGACY,11758,2018-04,True,
"Carrots, canned, regular pack, drained solids",,,VEGETABLE,25.0,0.64,5.54,0.19,,USDA_FDC_SR_LEGACY,11128,2018-04,True,
"Carrots, canned, regular pack, solids and liquids",,,VEGETABLE,23.0,0.58,5.37,0.14,,USDA_FDC_SR_LEGACY,11126,2018-04,True,
"Carrots, cooked, boiled, drained, with salt",,,VEGETABLE,35.0,0.76,8.22,0.18,,USDA_FDC_SR_LEGACY,11757,2018-04,True,
"Carrots, cooked, boiled, drained, without salt",,,VEGETABLE,35.0,0.76,8.22,0.18,,USDA_FDC_SR_LEGACY,11125,2018-04,True,
"Carrots, frozen, cooked, boiled, drained, with salt",,,VEGETABLE,37.0,0.58,7.73,0.68,,USDA_FDC_SR_LEGACY,11760,2018-04,True,
"Carrots, frozen, cooked, boiled, drained, without salt",,,VEGETABLE,37.0,0.58,7.73,0.68,,USDA_FDC_SR_LEGACY,11131,2018-04,True,
"Carrots, frozen, unprepared",,,VEGETABLE,37.0,0.81,7.92,0.47,,USDA_FDC_FOUNDATION,11130,2026-04-30,True,
"Carrots, frozen, unprepared (Includes foods for USDA's Food Distribution Program)",,,VEGETABLE,37.0,0.81,7.92,0.47,,USDA_FDC_FOUNDATION,326458,2026-04-30,True,
"Carrots, mature, raw",,,VEGETABLE,44.98,0.94,10.27,0.35,,USDA_FDC_FOUNDATION,11124,2026-04-30,True,
"Carrots, raw",,,VEGETABLE,41.0,0.93,9.58,0.24,,USDA_FDC_SR_LEGACY,11124,2018-04,True,
"Cassava, raw",,,VEGETABLE,160.0,1.36,38.06,0.28,,USDA_FDC_SR_LEGACY,11134,2018-04,True,
Catsup,,,VEGETABLE,101.0,1.04,27.4,0.1,,USDA_FDC_SR_LEGACY,11935,2018-04,True,
"Catsup, low sodium",,,VEGETABLE,101.0,1.04,27.4,0.1,,USDA_FDC_SR_LEGACY,11949,2018-04,True,
"Cauliflower, cooked, boiled, drained, with salt",,,VEGETABLE,23.0,1.84,4.11,0.45,,USDA_FDC_SR_LEGACY,11761,2018-04,True,
"Cauliflower, cooked, boiled, drained, without salt",,,VEGETABLE,23.0,1.84,4.11,0.45,,USDA_FDC_SR_LEGACY,11136,2018-04,True,
"Cauliflower, frozen, cooked, boiled, drained, with salt",,,VEGETABLE,17.0,1.61,3.16,0.22,,USDA_FDC_SR_LEGACY,11762,2018-04,True,
"Cauliflower, frozen, cooked, boiled, drained, without salt",,,VEGETABLE,19.0,1.61,3.75,0.22,,USDA_FDC_SR_LEGACY,11138,2018-04,True,
"Cauliflower, frozen, unprepared",,,VEGETABLE,24.0,2.01,4.68,0.27,,USDA_FDC_SR_LEGACY,11137,2018-04,True,
"Cauliflower, green, cooked, no salt added",,,VEGETABLE,32.0,3.04,6.28,0.31,,USDA_FDC_SR_LEGACY,11967,2018-04,True,
"Cauliflower, green, cooked, with salt",,,VEGETABLE,32.0,3.04,6.28,0.31,,USDA_FDC_SR_LEGACY,11968,2018-04,True,
"Cauliflower, green, raw",,,VEGETABLE,31.0,2.95,6.09,0.3,,USDA_FDC_SR_LEGACY,11965,2018-04,True,
"Cauliflower, raw",,,VEGETABLE,22.85,1.64,4.72,0.24,,USDA_FDC_FOUNDATION,11135,2026-04-30,True,
"Celeriac, cooked, boiled, drained, with salt",,,VEGETABLE,27.0,0.96,5.9,0.19,,USDA_FDC_SR_LEGACY,11763,2018-04,True,
"Celeriac, cooked, boiled, drained, without salt",,,VEGETABLE,27.0,0.96,5.9,0.19,,USDA_FDC_SR_LEGACY,11142,2018-04,True,
"Celeriac, raw",,,VEGETABLE,42.0,1.5,9.2,0.3,,USDA_FDC_SR_LEGACY,11141,2018-04,True,
"Celery, cooked, boiled, drained, with salt",,,VEGETABLE,18.0,0.83,4.0,0.16,,USDA_FDC_SR_LEGACY,11764,2018-04,True,
"Celery, cooked, boiled, drained, without salt",,,VEGETABLE,18.0,0.83,4.0,0.16,,USDA_FDC_SR_LEGACY,11144,2018-04,True,
"Celery, raw",,,VEGETABLE,14.83,0.49,3.32,0.16,,USDA_FDC_FOUNDATION,11143,2026-04-30,True,
"Celtuce, raw",,,VEGETABLE,18.0,0.85,3.65,0.3,,USDA_FDC_SR_LEGACY,11145,2018-04,True,
"Chard, swiss, cooked, boiled, drained, with salt",,,VEGETABLE,20.0,1.88,4.13,0.08,,USDA_FDC_SR_LEGACY,11765,2018-04,True,
"Chard, swiss, cooked, boiled, drained, without salt",,,VEGETABLE,20.0,1.88,4.13,0.08,,USDA_FDC_SR_LEGACY,11148,2018-04,True,
"Chard, swiss, raw",,,VEGETABLE,19.0,1.8,3.74,0.2,,USDA_FDC_SR_LEGACY,11147,2018-04,True,
"Chayote, fruit, cooked, boiled, drained, with salt",,,VEGETABLE,22.0,0.62,4.5,0.48,,USDA_FDC_SR_LEGACY,11766,2018-04,True,
"Chayote, fruit, cooked, boiled, drained, without salt",,,VEGETABLE,24.0,0.62,5.09,0.48,,USDA_FDC_SR_LEGACY,11150,2018-04,True,
"Chayote, fruit, raw",,,VEGETABLE,19.0,0.82,4.51,0.13,,USDA_FDC_SR_LEGACY,11149,2018-04,True,
"Chicory greens, raw",,,VEGETABLE,23.0,1.7,4.7,0.3,,USDA_FDC_SR_LEGACY,11152,2018-04,True,
"Chicory roots, raw",,,VEGETABLE,72.0,1.4,17.51,0.2,,USDA_FDC_SR_LEGACY,11154,2018-04,True,
"Chicory, witloof, raw",,,VEGETABLE,17.0,0.9,4.0,0.1,,USDA_FDC_SR_LEGACY,11151,2018-04,True,
"Chives, freeze-dried",,,VEGETABLE,311.0,21.2,64.29,3.5,,USDA_FDC_SR_LEGACY,11615,2018-04,True,
"Chives, raw",,,VEGETABLE,30.0,3.27,4.35,0.73,,USDA_FDC_SR_LEGACY,11156,2018-04,True,
"Chrysanthemum leaves, raw",,,VEGETABLE,24.0,3.36,3.01,0.56,,USDA_FDC_SR_LEGACY,11698,2018-04,True,
"Chrysanthemum, garland, cooked, boiled, drained, with salt",,,VEGETABLE,20.0,1.64,4.31,0.09,,USDA_FDC_SR_LEGACY,11767,2018-04,True,
"Chrysanthemum, garland, cooked, boiled, drained, without salt",,,VEGETABLE,20.0,1.64,4.31,0.09,,USDA_FDC_SR_LEGACY,11158,2018-04,True,
"Chrysanthemum, garland, raw",,,VEGETABLE,24.0,3.36,3.02,0.56,,USDA_FDC_SR_LEGACY,11157,2018-04,True,
"Collards, cooked, boiled, drained, with salt",,,VEGETABLE,33.0,2.71,5.65,0.72,,USDA_FDC_SR_LEGACY,11768,2018-04,True,
"Collards, cooked, boiled, drained, without salt",,,VEGETABLE,33.0,2.71,5.65,0.72,,USDA_FDC_SR_LEGACY,11162,2018-04,True,
"Collards, frozen, chopped, cooked, boiled, drained, with salt",,,VEGETABLE,36.0,2.97,7.1,0.41,,USDA_FDC_SR_LEGACY,11769,2018-04,True,
"Collards, frozen, chopped, cooked, boiled, drained, without salt",,,VEGETABLE,36.0,2.97,7.1,0.41,,USDA_FDC_SR_LEGACY,11164,2018-04,True,
"Collards, frozen, chopped, unprepared",,,VEGETABLE,33.0,2.69,6.46,0.37,,USDA_FDC_SR_LEGACY,11163,2018-04,True,
"Collards, raw",,,VEGETABLE,38.76,2.97,7.02,0.77,,USDA_FDC_FOUNDATION,11161,2026-04-30,True,
"Coriander (cilantro) leaves, raw",,,VEGETABLE,23.0,2.13,3.67,0.52,,USDA_FDC_SR_LEGACY,11165,2018-04,True,
"Corn pudding, home prepared",,,VEGETABLE,131.0,4.42,16.97,5.04,,USDA_FDC_SR_LEGACY,11656,2018-04,True,
"Corn with red and green peppers, canned, solids and liquids",,,VEGETABLE,75.0,2.33,18.17,0.55,,USDA_FDC_SR_LEGACY,11184,2018-04,True,
"Corn, sweet, white, canned, cream style, no salt added",,,VEGETABLE,72.0,1.74,18.13,0.42,,USDA_FDC_SR_LEGACY,11907,2018-04,True,
"Corn, sweet, white, canned, cream style, regular pack",,,VEGETABLE,74.0,1.74,18.62,0.42,,USDA_FDC_SR_LEGACY,11906,2018-04,True,
"Corn, sweet, white, canned, vacuum pack, no salt added",,,VEGETABLE,79.0,2.41,19.44,0.5,,USDA_FDC_SR_LEGACY,11909,2018-04,True,
"Corn, sweet, white, canned, vacuum pack, regular pack",,,VEGETABLE,79.0,2.41,19.44,0.5,,USDA_FDC_SR_LEGACY,11908,2018-04,True,
"Corn, sweet, white, canned, whole kernel, drained solids",,,VEGETABLE,67.0,2.29,14.34,1.22,,USDA_FDC_SR_LEGACY,11905,2018-04,True,
"Corn, sweet, white, canned, whole kernel, no salt added, solids and liquids",,,VEGETABLE,64.0,1.95,15.41,0.5,,USDA_FDC_SR_LEGACY,11904,2018-04,True,
"Corn, sweet, white, canned, whole kernel, regular pack, solids and liquids",,,VEGETABLE,64.0,1.95,15.41,0.5,,USDA_FDC_SR_LEGACY,11903,2018-04,True,
"Corn, sweet, white, cooked, boiled, drained, with salt",,,VEGETABLE,97.0,3.34,21.71,1.41,,USDA_FDC_SR_LEGACY,11902,2018-04,True,
"Corn, sweet, white, cooked, boiled, drained, without salt",,,VEGETABLE,97.0,3.34,21.71,1.41,,USDA_FDC_SR_LEGACY,11901,2018-04,True,
"Corn, sweet, white, frozen, kernels cut off cob, boiled, drained, with salt",,,VEGETABLE,80.0,2.75,19.56,0.43,,USDA_FDC_SR_LEGACY,11912,2018-04,True,
"Corn, sweet, white, frozen, kernels cut off cob, boiled, drained, without salt",,,VEGETABLE,80.0,2.75,19.56,0.43,,USDA_FDC_SR_LEGACY,11911,2018-04,True,
"Corn, sweet, white, frozen, kernels cut off cob, unprepared",,,VEGETABLE,88.0,3.02,20.73,0.77,,USDA_FDC_SR_LEGACY,11910,2018-04,True,
"Corn, sweet, white, frozen, kernels on cob, cooked, boiled, drained, with salt",,,VEGETABLE,94.0,3.11,22.33,0.74,,USDA_FDC_SR_LEGACY,11915,2018-04,True,
"Corn, sweet, white, frozen, kernels on cob, cooked, boiled, drained, without salt",,,VEGETABLE,94.0,3.11,22.33,0.74,,USDA_FDC_SR_LEGACY,11914,2018-04,True,
"Corn, sweet, white, frozen, kernels on cob, unprepared",,,VEGETABLE,98.0,3.28,23.5,0.78,,USDA_FDC_SR_LEGACY,11913,2018-04,True,
"Corn, sweet, white, raw",,,VEGETABLE,86.0,3.22,19.02,1.18,,USDA_FDC_SR_LEGACY,11900,2018-04,True,
"Corn, sweet, yellow and white kernels, fresh, raw",,,VEGETABLE,72.86,2.79,14.69,1.63,,USDA_FDC_FOUNDATION,100350,2026-04-30,True,
"Corn, sweet, yellow, canned, brine pack, regular pack, solids and liquids",,,VEGETABLE,61.0,1.95,13.86,0.77,,USDA_FDC_SR_LEGACY,11170,2018-04,True,
"Corn, sweet, yellow, canned, cream style, no salt added",,,VEGETABLE,72.0,1.74,18.13,0.42,,USDA_FDC_SR_LEGACY,11772,2018-04,True,
"Corn, sweet, yellow, canned, cream style, regular pack",,,VEGETABLE,72.0,1.74,18.13,0.42,,USDA_FDC_SR_LEGACY,11174,2018-04,True,
"Corn, sweet, yellow, canned, drained solids, rinsed with tap water",,,VEGETABLE,64.0,2.18,13.02,1.43,,USDA_FDC_SR_LEGACY,11177,2018-04,True,
"Corn, sweet, yellow, canned, no salt added, solids and liquids (Includes foods for USDA's Food Distribution Program)",,,VEGETABLE,61.0,1.95,13.86,0.77,,USDA_FDC_SR_LEGACY,11771,2018-04,True,
"Corn, sweet, yellow, canned, vacuum pack, no salt added",,,VEGETABLE,79.0,2.41,19.44,0.5,,USDA_FDC_SR_LEGACY,11773,2018-04,True,
"Corn, sweet, yellow, canned, vacuum pack, regular pack",,,VEGETABLE,79.0,2.41,19.44,0.5,,USDA_FDC_SR_LEGACY,11176,2018-04,True,
"Corn, sweet, yellow, canned, whole kernel, drained solids",,,VEGETABLE,67.0,2.29,14.34,1.22,,USDA_FDC_SR_LEGACY,11172,2018-04,True,
"Corn, sweet, yellow, cooked, boiled, drained, with salt",,,VEGETABLE,96.0,3.41,20.98,1.5,,USDA_FDC_SR_LEGACY,11770,2018-04,True,
"Corn, sweet, yellow, cooked, boiled, drained, without salt",,,VEGETABLE,96.0,3.41,20.98,1.5,,USDA_FDC_SR_LEGACY,11168,2018-04,True,
"Corn, sweet, yellow, frozen, kernels cut off cob, boiled, drained, without salt",,,VEGETABLE,81.0,2.55,19.3,0.67,,USDA_FDC_SR_LEGACY,11179,2018-04,True,
"Corn, sweet, yellow, frozen, kernels cut off cob, unprepared (Includes foods for USDA's Food Distribution Program)",,,VEGETABLE,88.0,3.02,20.71,0.78,,USDA_FDC_SR_LEGACY,11178,2018-04,True,
"Corn, sweet, yellow, frozen, kernels on cob, cooked, boiled, drained, with salt",,,VEGETABLE,94.0,3.11,22.33,0.74,,USDA_FDC_SR_LEGACY,11775,2018-04,True,
"Corn, sweet, yellow, frozen, kernels on cob, cooked, boiled, drained, without salt",,,VEGETABLE,94.0,3.11,22.33,0.74,,USDA_FDC_SR_LEGACY,11181,2018-04,True,
"Corn, sweet, yellow, frozen, kernels on cob, unprepared",,,VEGETABLE,98.0,3.28,23.5,0.78,,USDA_FDC_SR_LEGACY,11180,2018-04,True,
"Corn, sweet, yellow, frozen, kernels, cut off cob, boiled, drained, with salt",,,VEGETABLE,79.0,2.55,18.71,0.67,,USDA_FDC_SR_LEGACY,11774,2018-04,True,
"Corn, sweet, yellow, raw",,,VEGETABLE,86.0,3.27,18.7,1.35,,USDA_FDC_SR_LEGACY,11167,2018-04,True,
"Corn, yellow, whole kernel, frozen, microwaved",,,VEGETABLE,113.0,3.62,25.87,1.42,,USDA_FDC_SR_LEGACY,11182,2018-04,True,
"Cornsalad, raw",,,VEGETABLE,21.0,2.0,3.6,0.4,,USDA_FDC_SR_LEGACY,11190,2018-04,True,
"Cowpeas (blackeyes), immature seeds, cooked, boiled, drained, with salt",,,VEGETABLE,94.0,3.17,19.73,0.38,,USDA_FDC_SR_LEGACY,11777,2018-04,True,
"Cowpeas (blackeyes), immature seeds, cooked, boiled, drained, without salt",,,VEGETABLE,97.0,3.17,20.32,0.38,,USDA_FDC_SR_LEGACY,11192,2018-04,True,
"Cowpeas (blackeyes), immature seeds, frozen, cooked, boiled, drained, with salt",,,VEGETABLE,131.0,8.49,23.5,0.66,,USDA_FDC_SR_LEGACY,11778,2018-04,True,
"Cowpeas (blackeyes), immature seeds, frozen, cooked, boiled, drained, without salt",,,VEGETABLE,132.0,8.49,23.76,0.66,,USDA_FDC_SR_LEGACY,11196,2018-04,True,
"Cowpeas (blackeyes), immature seeds, frozen, unprepared",,,VEGETABLE,139.0,8.98,25.13,0.7,,USDA_FDC_SR_LEGACY,11195,2018-04,True,
"Cowpeas (blackeyes), immature seeds, raw",,,VEGETABLE,90.0,2.95,18.83,0.35,,USDA_FDC_SR_LEGACY,11191,2018-04,True,
"Cowpeas, leafy tips, cooked, boiled, drained, with salt",,,VEGETABLE,22.0,4.67,2.8,0.1,,USDA_FDC_SR_LEGACY,11780,2018-04,True,
"Cowpeas, leafy tips, cooked, boiled, drained, without salt",,,VEGETABLE,22.0,4.67,2.8,0.1,,USDA_FDC_SR_LEGACY,11202,2018-04,True,
"Cowpeas, leafy tips, raw",,,VEGETABLE,29.0,4.1,4.82,0.25,,USDA_FDC_SR_LEGACY,11201,2018-04,True,
"Cowpeas, young pods with seeds, cooked, boiled, drained, with salt",,,VEGETABLE,34.0,2.6,7.0,0.3,,USDA_FDC_SR_LEGACY,11779,2018-04,True,
"Cowpeas, young pods with seeds, cooked, boiled, drained, without salt",,,VEGETABLE,34.0,2.6,7.0,0.3,,USDA_FDC_SR_LEGACY,11198,2018-04,True,
"Cowpeas, young pods with seeds, raw",,,VEGETABLE,44.0,3.3,9.5,0.3,,USDA_FDC_SR_LEGACY,11197,2018-04,True,
"Cress, garden, cooked, boiled, drained, with salt",,,VEGETABLE,23.0,1.9,3.8,0.6,,USDA_FDC_SR_LEGACY,11781,2018-04,True,
"Cress, garden, cooked, boiled, drained, without salt",,,VEGETABLE,23.0,1.9,3.8,0.6,,USDA_FDC_SR_LEGACY,11204,2018-04,True,
"Cress, garden, raw",,,VEGETABLE,32.0,2.6,5.5,0.7,,USDA_FDC_SR_LEGACY,11203,2018-04,True,
"Cucumber, peeled, raw",,,VEGETABLE,10.0,0.59,2.16,0.16,,USDA_FDC_SR_LEGACY,11206,2018-04,True,
"Cucumber, with peel, raw",,,VEGETABLE,13.93,0.62,2.95,0.18,,USDA_FDC_FOUNDATION,11205,2026-04-30,True,
"Dandelion greens, cooked, boiled, drained, with salt",,,VEGETABLE,33.0,2.0,6.4,0.6,,USDA_FDC_SR_LEGACY,11782,2018-04,True,
"Dandelion greens, cooked, boiled, drained, without salt",,,VEGETABLE,33.0,2.0,6.4,0.6,,USDA_FDC_SR_LEGACY,11208,2018-04,True,
"Dandelion greens, raw",,,VEGETABLE,45.0,2.7,9.2,0.7,,USDA_FDC_SR_LEGACY,11207,2018-04,True,
"Dock, cooked, boiled, drained, with salt",,,VEGETABLE,20.0,1.83,2.93,0.64,,USDA_FDC_SR_LEGACY,11925,2018-04,True,
"Dock, cooked, boiled, drained, without salt",,,VEGETABLE,20.0,1.83,2.93,0.64,,USDA_FDC_SR_LEGACY,11617,2018-04,True,
"Dock, raw",,,VEGETABLE,22.0,2.0,3.2,0.7,,USDA_FDC_SR_LEGACY,11616,2018-04,True,
"Drumstick leaves, cooked, boiled, drained, with salt",,,VEGETABLE,60.0,5.27,11.15,0.93,,USDA_FDC_SR_LEGACY,11786,2018-04,True,
"Drumstick leaves, cooked, boiled, drained, without salt",,,VEGETABLE,60.0,5.27,11.15,0.93,,USDA_FDC_SR_LEGACY,11223,2018-04,True,
"Drumstick leaves, raw",,,VEGETABLE,64.0,9.4,8.28,1.4,,USDA_FDC_SR_LEGACY,11222,2018-04,True,
"Drumstick pods, cooked, boiled, drained, with salt",,,VEGETABLE,36.0,2.09,8.18,0.19,,USDA_FDC_SR_LEGACY,11787,2018-04,True,
"Drumstick pods, cooked, boiled, drained, without salt",,,VEGETABLE,36.0,2.09,8.18,0.19,,USDA_FDC_SR_LEGACY,11621,2018-04,True,
"Drumstick pods, raw",,,VEGETABLE,37.0,2.1,8.53,0.2,,USDA_FDC_SR_LEGACY,11620,2018-04,True,
"Edamame, frozen, prepared",,,VEGETABLE,121.0,11.91,8.91,5.2,,USDA_FDC_SR_LEGACY,11212,2018-04,True,
"Edamame, frozen, unprepared",,,VEGETABLE,109.0,11.22,7.61,4.73,,USDA_FDC_SR_LEGACY,11211,2018-04,True,
"Eggplant, cooked, boiled, drained, with salt",,,VEGETABLE,33.0,0.83,8.14,0.23,,USDA_FDC_SR_LEGACY,11783,2018-04,True,
"Eggplant, cooked, boiled, drained, without salt",,,VEGETABLE,35.0,0.83,8.73,0.23,,USDA_FDC_SR_LEGACY,11210,2018-04,True,
"Eggplant, pickled",,,VEGETABLE,49.0,0.9,9.77,0.7,,USDA_FDC_SR_LEGACY,43146,2018-04,True,
"Eggplant, raw",,,VEGETABLE,22.36,0.85,5.4,0.12,,USDA_FDC_FOUNDATION,11209,2026-04-30,True,
"Endive, raw",,,VEGETABLE,17.0,1.25,3.35,0.2,,USDA_FDC_SR_LEGACY,11213,2018-04,True,
"Epazote, raw",,,VEGETABLE,32.0,0.33,7.44,0.52,,USDA_FDC_SR_LEGACY,11984,2018-04,True,
"Eppaw, raw",,,VEGETABLE,150.0,4.6,31.68,1.8,,USDA_FDC_SR_LEGACY,11618,2018-04,True,
"Escarole, cooked, boiled, drained, no salt added",,,VEGETABLE,15.0,1.15,3.07,0.18,,USDA_FDC_SR_LEGACY,11214,2018-04,True,
"Fennel, bulb, raw",,,VEGETABLE,26.89,0.92,5.49,0.14,,USDA_FDC_FOUNDATION,11957,2026-04-30,True,
"Fiddlehead ferns, frozen, unprepared",,,VEGETABLE,34.0,4.31,5.74,0.35,,USDA_FDC_SR_LEGACY,11996,2018-04,True,
"Fiddlehead ferns, raw",,,VEGETABLE,34.0,4.55,5.54,0.4,,USDA_FDC_SR_LEGACY,11995,2018-04,True,
"Fireweed, leaves, raw",,,VEGETABLE,103.0,4.71,19.22,2.75,,USDA_FDC_SR_LEGACY,11985,2018-04,True,
"Flour, cassava",,,VEGETABLE,358.56,0.92,87.31,0.49,,USDA_FDC_FOUNDATION,100291,2026-04-30,True,
"Flour, potato",,,VEGETABLE,352.68,8.11,79.94,0.95,,USDA_FDC_FOUNDATION,11413,2026-04-30,True,
"Fungi, Cloud ears, dried",,,VEGETABLE,284.0,9.25,73.01,0.73,,USDA_FDC_SR_LEGACY,11988,2018-04,True,
"Garlic, raw",,,VEGETABLE,130.0,6.62,28.2,0.38,,USDA_FDC_FOUNDATION,11215,2026-04-30,True,
"Ginger root, pickled, canned, with artificial sweetener",,,VEGETABLE,20.0,0.33,4.83,0.1,,USDA_FDC_SR_LEGACY,31033,2018-04,True,
"Ginger root, raw",,,VEGETABLE,80.0,1.82,17.77,0.75,,USDA_FDC_SR_LEGACY,11216,2018-04,True,
"Gourd, dishcloth (towelgourd), cooked, boiled, drained, with salt",,,VEGETABLE,54.0,0.66,13.75,0.34,,USDA_FDC_SR_LEGACY,11785,2018-04,True,
"Gourd, dishcloth (towelgourd), cooked, boiled, drained, without salt",,,VEGETABLE,56.0,0.66,14.34,0.34,,USDA_FDC_SR_LEGACY,11221,2018-04,True,
"Gourd, dishcloth (towelgourd), raw",,,VEGETABLE,20.0,1.2,4.35,0.2,,USDA_FDC_SR_LEGACY,11220,2018-04,True,
"Gourd, white-flowered (calabash), cooked, boiled, drained, with salt",,,VEGETABLE,13.0,0.6,3.1,0.02,,USDA_FDC_SR_LEGACY,11784,2018-04,True,
"Gourd, white-flowered (calabash), cooked, boiled, drained, without salt",,,VEGETABLE,15.0,0.6,3.69,0.02,,USDA_FDC_SR_LEGACY,11219,2018-04,True,
"Gourd, white-flowered (calabash), raw",,,VEGETABLE,14.0,0.62,3.39,0.02,,USDA_FDC_SR_LEGACY,11218,2018-04,True,
"Grape leaves, canned",,,VEGETABLE,69.0,4.27,11.71,1.97,,USDA_FDC_SR_LEGACY,11975,2018-04,True,
"Grape leaves, raw",,,VEGETABLE,93.0,5.6,17.31,2.12,,USDA_FDC_SR_LEGACY,11974,2018-04,True,
"Hearts of palm, canned",,,VEGETABLE,28.0,2.52,4.62,0.62,,USDA_FDC_SR_LEGACY,11961,2018-04,True,
"Hearts of palm, raw",,,VEGETABLE,115.0,2.7,25.61,0.2,,USDA_FDC_SR_LEGACY,43392,2018-04,True,
"Hyacinth-beans, immature seeds, cooked, boiled, drained, with salt",,,VEGETABLE,50.0,2.95,9.2,0.27,,USDA_FDC_SR_LEGACY,11788,2018-04,True,
"Hyacinth-beans, immature seeds, cooked, boiled, drained, without salt",,,VEGETABLE,50.0,2.95,9.2,0.27,,USDA_FDC_SR_LEGACY,11225,2018-04,True,
"Hyacinth-beans, immature seeds, raw",,,VEGETABLE,46.0,2.1,9.19,0.2,,USDA_FDC_SR_LEGACY,11224,2018-04,True,
"Jerusalem-artichokes, raw",,,VEGETABLE,73.0,2.0,17.44,0.01,,USDA_FDC_SR_LEGACY,11226,2018-04,True,
"Jew's ear, (pepeao), raw",,,VEGETABLE,25.0,0.48,6.75,0.04,,USDA_FDC_SR_LEGACY,11228,2018-04,True,
"Jute, potherb, cooked, boiled, drained, with salt",,,VEGETABLE,37.0,3.68,7.29,0.2,,USDA_FDC_SR_LEGACY,11789,2018-04,True,
"Jute, potherb, cooked, boiled, drained, without salt",,,VEGETABLE,37.0,3.68,7.29,0.2,,USDA_FDC_SR_LEGACY,11232,2018-04,True,
"Jute, potherb, raw",,,VEGETABLE,34.0,4.65,5.8,0.25,,USDA_FDC_SR_LEGACY,11231,2018-04,True,
"Kale, cooked, boiled, drained, with salt",,,VEGETABLE,44.0,2.94,5.3,1.21,,USDA_FDC_SR_LEGACY,11790,2018-04,True,
"Kale, cooked, boiled, drained, without salt",,,VEGETABLE,36.0,2.94,5.3,1.21,,USDA_FDC_SR_LEGACY,11234,2018-04,True,
"Kale, frozen, cooked, boiled, drained, with salt",,,VEGETABLE,36.0,2.94,5.3,1.21,,USDA_FDC_SR_LEGACY,11791,2018-04,True,
"Kale, frozen, cooked, boiled, drained, without salt",,,VEGETABLE,36.0,2.94,5.3,1.21,,USDA_FDC_FOUNDATION,11236,2026-04-30,True,
"Kale, frozen, unprepared",,,VEGETABLE,28.0,2.66,4.88,0.46,,USDA_FDC_SR_LEGACY,11235,2018-04,True,
"Kale, raw",,,VEGETABLE,35.0,2.92,4.42,1.49,,USDA_FDC_FOUNDATION,11233,2026-04-30,True,
"Kanpyo, (dried gourd strips)",,,VEGETABLE,258.0,8.58,65.03,0.56,,USDA_FDC_SR_LEGACY,11237,2018-04,True,
"Ketchup, restaurant",,,VEGETABLE,103.0,1.11,26.8,0.55,,USDA_FDC_FOUNDATION,11966,2026-04-30,True,
"Kohlrabi, cooked, boiled, drained, with salt",,,VEGETABLE,29.0,1.8,6.69,0.11,,USDA_FDC_SR_LEGACY,11793,2018-04,True,
"Kohlrabi, cooked, boiled, drained, without salt",,,VEGETABLE,29.0,1.8,6.69,0.11,,USDA_FDC_SR_LEGACY,11242,2018-04,True,
"Kohlrabi, raw",,,VEGETABLE,27.0,1.7,6.2,0.1,,USDA_FDC_SR_LEGACY,11241,2018-04,True,
"Lambsquarters, cooked, boiled, drained, with salt",,,VEGETABLE,32.0,3.2,5.0,0.7,,USDA_FDC_SR_LEGACY,11794,2018-04,True,
"Lambsquarters, cooked, boiled, drained, without salt",,,VEGETABLE,32.0,3.2,5.0,0.7,,USDA_FDC_SR_LEGACY,11245,2018-04,True,
"Lambsquarters, raw",,,VEGETABLE,43.0,4.2,7.3,0.8,,USDA_FDC_SR_LEGACY,11244,2018-04,True,
"Leeks, (bulb and lower leaf-portion), cooked, boiled, drained, with salt",,,VEGETABLE,31.0,0.81,7.62,0.2,,USDA_FDC_SR_LEGACY,11795,2018-04,True,
"Leeks, (bulb and lower leaf-portion), cooked, boiled, drained, without salt",,,VEGETABLE,31.0,0.81,7.62,0.2,,USDA_FDC_SR_LEGACY,11247,2018-04,True,
"Leeks, (bulb and lower leaf-portion), raw",,,VEGETABLE,61.0,1.5,14.15,0.3,,USDA_FDC_SR_LEGACY,11246,2018-04,True,
"Leeks, (bulb and lower-leaf portion), freeze-dried",,,VEGETABLE,321.0,15.2,74.65,2.1,,USDA_FDC_SR_LEGACY,11624,2018-04,True,
"Lemon grass (citronella), raw",,,VEGETABLE,99.0,1.82,25.31,0.49,,USDA_FDC_SR_LEGACY,11972,2018-04,True,
"Lentils, sprouted, cooked, stir-fried, with salt",,,VEGETABLE,101.0,8.8,21.25,0.45,,USDA_FDC_SR_LEGACY,11926,2018-04,True,
"Lentils, sprouted, cooked, stir-fried, without salt",,,VEGETABLE,101.0,8.8,21.25,0.45,,USDA_FDC_SR_LEGACY,11249,2018-04,True,
"Lentils, sprouted, raw",,,VEGETABLE,106.0,8.96,22.14,0.55,,USDA_FDC_SR_LEGACY,11248,2018-04,True,
"Lettuce, butterhead (includes boston and bibb types), raw",,,VEGETABLE,13.0,1.35,2.23,0.22,,USDA_FDC_SR_LEGACY,11250,2018-04,True,
"Lettuce, cos or romaine, raw",,,VEGETABLE,17.0,1.24,3.24,0.26,,USDA_FDC_FOUNDATION,11251,2026-04-30,True,
"Lettuce, green leaf, raw",,,VEGETABLE,15.0,1.36,2.87,0.15,,USDA_FDC_SR_LEGACY,11253,2018-04,True,
"Lettuce, iceberg (includes crisphead types), raw",,,VEGETABLE,14.0,0.9,2.97,0.14,,USDA_FDC_SR_LEGACY,11252,2018-04,True,
"Lettuce, iceberg, raw",,,VEGETABLE,14.46,0.74,3.37,0.07,,USDA_FDC_FOUNDATION,11252,2026-04-30,True,
"Lettuce, leaf, green, raw",,,VEGETABLE,18.49,1.09,4.07,0.16,,USDA_FDC_FOUNDATION,11253,2026-04-30,True,
"Lettuce, leaf, red, raw",,,VEGETABLE,14.68,0.88,3.26,0.11,,USDA_FDC_FOUNDATION,11257,2026-04-30,True,
"Lettuce, red leaf, raw",,,VEGETABLE,13.0,1.33,2.26,0.22,,USDA_FDC_SR_LEGACY,11257,2018-04,True,
"Lettuce, romaine, green, raw",,,VEGETABLE,17.46,0.98,4.06,0.07,,USDA_FDC_FOUNDATION,100281,2026-04-30,True,
"Lima beans, immature seeds, canned, no salt added, solids and liquids",,,VEGETABLE,71.0,4.07,13.33,0.29,,USDA_FDC_SR_LEGACY,11715,2018-04,True,
"Lima beans, immature seeds, canned, regular pack, solids and liquids",,,VEGETABLE,71.0,4.07,13.33,0.29,,USDA_FDC_SR_LEGACY,11033,2018-04,True,
"Lima beans, immature seeds, cooked, boiled, drained, with salt",,,VEGETABLE,123.0,6.81,23.64,0.32,,USDA_FDC_SR_LEGACY,11714,2018-04,True,
"Lima beans, immature seeds, cooked, boiled, drained, without salt",,,VEGETABLE,123.0,6.81,23.64,0.32,,USDA_FDC_SR_LEGACY,11032,2018-04,True,
"Lima beans, immature seeds, frozen, baby, cooked, boiled, drained, with salt",,,VEGETABLE,105.0,6.65,19.45,0.3,,USDA_FDC_SR_LEGACY,11716,2018-04,True,
"Lima beans, immature seeds, frozen, baby, cooked, boiled, drained, without salt",,,VEGETABLE,105.0,6.65,19.45,0.3,,USDA_FDC_SR_LEGACY,11040,2018-04,True,
"Lima beans, immature seeds, frozen, baby, unprepared",,,VEGETABLE,132.0,7.59,25.14,0.44,,USDA_FDC_SR_LEGACY,11039,2018-04,True,
"Lima beans, immature seeds, frozen, fordhook, cooked, boiled, drained, with salt",,,VEGETABLE,103.0,6.07,19.32,0.34,,USDA_FDC_SR_LEGACY,11717,2018-04,True,
"Lima beans, immature seeds, frozen, fordhook, cooked, boiled, drained, without salt",,,VEGETABLE,103.0,6.07,19.32,0.34,,USDA_FDC_SR_LEGACY,11038,2018-04,True,
"Lima beans, immature seeds, frozen, fordhook, unprepared",,,VEGETABLE,106.0,6.4,19.83,0.35,,USDA_FDC_SR_LEGACY,11037,2018-04,True,
"Lima beans, immature seeds, raw",,,VEGETABLE,113.0,6.84,20.17,0.86,,USDA_FDC_SR_LEGACY,11031,2018-04,True,
"Lotus root, cooked, boiled, drained, with salt",,,VEGETABLE,66.0,1.58,16.02,0.07,,USDA_FDC_SR_LEGACY,11796,2018-04,True,
"Lotus root, cooked, boiled, drained, without salt",,,VEGETABLE,66.0,1.58,16.02,0.07,,USDA_FDC_SR_LEGACY,11255,2018-04,True,
"Lotus root, raw",,,VEGETABLE,74.0,2.6,17.23,0.1,,USDA_FDC_SR_LEGACY,11254,2018-04,True,
"Malabar spinach, cooked",,,VEGETABLE,23.0,2.98,2.71,0.78,,USDA_FDC_SR_LEGACY,11986,2018-04,True,
"Mountain yam, hawaii, cooked, steamed, with salt",,,VEGETABLE,82.0,1.73,19.99,0.08,,USDA_FDC_SR_LEGACY,11927,2018-04,True,
"Mountain yam, hawaii, cooked, steamed, without salt",,,VEGETABLE,82.0,1.73,20.0,0.08,,USDA_FDC_SR_LEGACY,11259,2018-04,True,
"Mountain yam, hawaii, raw",,,VEGETABLE,67.0,1.34,16.3,0.1,,USDA_FDC_SR_LEGACY,11258,2018-04,True,
"Mung beans, mature seeds, sprouted, cooked, boiled, drained, with salt",,,VEGETABLE,19.0,2.03,3.6,0.09,,USDA_FDC_SR_LEGACY,11718,2018-04,True,
"Mung beans, mature seeds, sprouted, cooked, boiled, drained, without salt",,,VEGETABLE,21.0,2.03,4.19,0.09,,USDA_FDC_SR_LEGACY,11044,2018-04,True,
"Mung beans, mature seeds, sprouted, cooked, stir-fried",,,VEGETABLE,50.0,4.3,10.59,0.21,,USDA_FDC_SR_LEGACY,11045,2018-04,True,
"Mung beans, mature seeds, sprouted, raw",,,VEGETABLE,30.0,3.04,5.94,0.18,,USDA_FDC_SR_LEGACY,11043,2018-04,True,
"Mushroom, beech",,,VEGETABLE,33.0,2.18,6.76,0.45,,USDA_FDC_FOUNDATION,100264,2026-04-30,True,
"Mushroom, crimini",,,VEGETABLE,23.72,3.09,4.01,0.2,,USDA_FDC_FOUNDATION,11266,2026-04-30,True,
"Mushroom, enoki",,,VEGETABLE,36.72,2.42,8.14,0.24,,USDA_FDC_FOUNDATION,11950,2026-04-30,True,
"Mushroom, king oyster",,,VEGETABLE,38.46,2.41,8.5,0.31,,USDA_FDC_FOUNDATION,100263,2026-04-30,True,
"Mushroom, lion's mane",,,VEGETABLE,35.11,2.5,7.59,0.26,,USDA_FDC_FOUNDATION,100259,2026-04-30,True,
"Mushroom, maitake",,,VEGETABLE,30.97,2.2,6.6,0.26,,USDA_FDC_FOUNDATION,11993,2026-04-30,True,
"Mushroom, oyster",,,VEGETABLE,33.32,2.9,6.94,0.19,,USDA_FDC_FOUNDATION,11987,2026-04-30,True,
"Mushroom, pioppini",,,VEGETABLE,31.24,3.5,5.76,0.24,,USDA_FDC_FOUNDATION,100265,2026-04-30,True,
"Mushroom, portabella",,,VEGETABLE,26.02,2.75,4.66,0.31,,USDA_FDC_FOUNDATION,11243,2026-04-30,True,
"Mushroom, white, exposed to ultraviolet light, raw",,,VEGETABLE,22.0,3.09,3.26,0.34,,USDA_FDC_SR_LEGACY,11938,2018-04,True,
"Mushrooms, Chanterelle, raw",,,VEGETABLE,32.0,1.49,6.86,0.53,,USDA_FDC_SR_LEGACY,11239,2018-04,True,
"Mushrooms, brown, italian, or crimini, exposed to ultraviolet light, raw",,,VEGETABLE,22.0,2.5,4.3,0.1,,USDA_FDC_SR_LEGACY,11936,2018-04,True,
"Mushrooms, brown, italian, or crimini, raw",,,VEGETABLE,22.0,2.5,4.3,0.1,,USDA_FDC_SR_LEGACY,11266,2018-04,True,
"Mushrooms, canned, drained solids",,,VEGETABLE,25.0,1.87,5.09,0.29,,USDA_FDC_SR_LEGACY,11264,2018-04,True,
"Mushrooms, enoki, raw",,,VEGETABLE,37.0,2.66,7.81,0.29,,USDA_FDC_SR_LEGACY,11950,2018-04,True,
"Mushrooms, maitake, raw",,,VEGETABLE,31.0,1.94,6.97,0.19,,USDA_FDC_SR_LEGACY,11993,2018-04,True,
"Mushrooms, morel, raw",,,VEGETABLE,31.0,3.12,5.1,0.57,,USDA_FDC_SR_LEGACY,11240,2018-04,True,
"Mushrooms, oyster, raw",,,VEGETABLE,33.0,3.31,6.09,0.41,,USDA_FDC_SR_LEGACY,11987,2018-04,True,
"Mushrooms, portabella, exposed to ultraviolet light, grilled",,,VEGETABLE,29.0,3.28,4.44,0.58,,USDA_FDC_SR_LEGACY,11939,2018-04,True,
"Mushrooms, portabella, exposed to ultraviolet light, raw",,,VEGETABLE,22.0,2.11,3.87,0.35,,USDA_FDC_SR_LEGACY,11998,2018-04,True,
"Mushrooms, portabella, grilled",,,VEGETABLE,29.0,3.28,4.44,0.58,,USDA_FDC_SR_LEGACY,11243,2018-04,True,
"Mushrooms, portabella, raw",,,VEGETABLE,22.0,2.11,3.87,0.35,,USDA_FDC_SR_LEGACY,11265,2018-04,True,
"Mushrooms, shiitake",,,VEGETABLE,36.39,2.41,8.17,0.2,,USDA_FDC_FOUNDATION,11238,2026-04-30,True,
"Mushrooms, shiitake, cooked, with salt",,,VEGETABLE,56.0,1.56,14.39,0.22,,USDA_FDC_SR_LEGACY,11798,2018-04,True,
"Mushrooms, shiitake, cooked, without salt",,,VEGETABLE,56.0,1.56,14.39,0.22,,USDA_FDC_SR_LEGACY,11269,2018-04,True,
"Mushrooms, shiitake, dried",,,VEGETABLE,296.0,9.58,75.37,0.99,,USDA_FDC_SR_LEGACY,11268,2018-04,True,
"Mushrooms, shiitake, raw",,,VEGETABLE,34.0,2.24,6.79,0.49,,USDA_FDC_SR_LEGACY,11238,2018-04,True,
"Mushrooms, shiitake, stir-fried",,,VEGETABLE,39.0,3.45,7.68,0.35,,USDA_FDC_SR_LEGACY,11267,2018-04,True,
"Mushrooms, straw, canned, drained solids",,,VEGETABLE,32.0,3.83,4.64,0.68,,USDA_FDC_SR_LEGACY,11989,2018-04,True,
"Mushrooms, white button",,,VEGETABLE,24.87,2.89,4.08,0.37,,USDA_FDC_FOUNDATION,11260,2026-04-30,True,
"Mushrooms, white, cooked, boiled, drained, with salt",,,VEGETABLE,28.0,2.17,5.29,0.47,,USDA_FDC_SR_LEGACY,11797,2018-04,True,
"Mushrooms, white, cooked, boiled, drained, without salt",,,VEGETABLE,28.0,2.17,5.29,0.47,,USDA_FDC_SR_LEGACY,11261,2018-04,True,
"Mushrooms, white, microwaved",,,VEGETABLE,35.0,3.91,6.04,0.46,,USDA_FDC_SR_LEGACY,11992,2018-04,True,
"Mushrooms, white, raw",,,VEGETABLE,22.0,3.09,3.26,0.34,,USDA_FDC_SR_LEGACY,11260,2018-04,True,
"Mushrooms, white, stir-fried",,,VEGETABLE,26.0,3.58,4.04,0.33,,USDA_FDC_SR_LEGACY,11263,2018-04,True,
"Mustard greens, cooked, boiled, drained, with salt",,,VEGETABLE,26.0,2.56,4.51,0.47,,USDA_FDC_SR_LEGACY,11799,2018-04,True,
"Mustard greens, cooked, boiled, drained, without salt",,,VEGETABLE,26.0,2.56,4.51,0.47,,USDA_FDC_SR_LEGACY,11271,2018-04,True,
"Mustard greens, frozen, cooked, boiled, drained, with salt",,,VEGETABLE,19.0,2.27,3.11,0.25,,USDA_FDC_SR_LEGACY,11800,2018-04,True,
"Mustard greens, frozen, cooked, boiled, drained, without salt",,,VEGETABLE,19.0,2.27,3.11,0.25,,USDA_FDC_SR_LEGACY,11273,2018-04,True,
"Mustard greens, frozen, unprepared",,,VEGETABLE,20.0,2.49,3.41,0.27,,USDA_FDC_SR_LEGACY,11272,2018-04,True,
"Mustard greens, raw",,,VEGETABLE,27.0,2.86,4.67,0.42,,USDA_FDC_SR_LEGACY,11270,2018-04,True,
"Mustard spinach, (tendergreen), cooked, boiled, drained, with salt",,,VEGETABLE,16.0,1.7,2.8,0.2,,USDA_FDC_SR_LEGACY,11801,2018-04,True,
"Mustard spinach, (tendergreen), cooked, boiled, drained, without salt",,,VEGETABLE,16.0,1.7,2.8,0.2,,USDA_FDC_SR_LEGACY,11275,2018-04,True,
"Mustard spinach, (tendergreen), raw",,,VEGETABLE,22.0,2.2,3.9,0.3,,USDA_FDC_SR_LEGACY,11274,2018-04,True,
"New Zealand spinach, cooked, boiled, drained, without salt",,,VEGETABLE,12.0,1.3,2.13,0.17,,USDA_FDC_SR_LEGACY,11277,2018-04,True,
"New Zealand spinach, raw",,,VEGETABLE,14.0,1.5,2.5,0.2,,USDA_FDC_SR_LEGACY,11276,2018-04,True,
"New zealand spinach, cooked, boiled, drained, with salt",,,VEGETABLE,12.0,1.3,2.13,0.17,,USDA_FDC_SR_LEGACY,11802,2018-04,True,
"Nopales, cooked, without salt",,,VEGETABLE,15.0,1.35,3.28,0.05,,USDA_FDC_SR_LEGACY,11964,2018-04,True,
"Nopales, raw",,,VEGETABLE,16.0,1.32,3.33,0.09,,USDA_FDC_SR_LEGACY,11963,2018-04,True,
"Okra, cooked, boiled, drained, with salt",,,VEGETABLE,22.0,1.87,4.51,0.21,,USDA_FDC_SR_LEGACY,11803,2018-04,True,
"Okra, cooked, boiled, drained, without salt",,,VEGETABLE,22.0,1.87,4.51,0.21,,USDA_FDC_SR_LEGACY,11279,2018-04,True,
"Okra, frozen, cooked, boiled, drained, with salt",,,VEGETABLE,29.0,1.63,6.41,0.24,,USDA_FDC_SR_LEGACY,11804,2018-04,True,
"Okra, frozen, cooked, boiled, drained, without salt",,,VEGETABLE,29.0,1.63,6.41,0.24,,USDA_FDC_SR_LEGACY,11281,2018-04,True,
"Okra, frozen, unprepared",,,VEGETABLE,30.0,1.69,6.63,0.25,,USDA_FDC_SR_LEGACY,11280,2018-04,True,
"Okra, raw",,,VEGETABLE,33.0,1.93,7.45,0.19,,USDA_FDC_SR_LEGACY,11278,2018-04,True,
"Onion rings, breaded, par fried, frozen, prepared, heated in oven",,,VEGETABLE,289.0,4.52,36.3,14.4,,USDA_FDC_FOUNDATION,11296,2026-04-30,True,
"Onion rings, breaded, par fried, frozen, unprepared",,,VEGETABLE,258.0,3.15,30.53,14.1,,USDA_FDC_SR_LEGACY,11295,2018-04,True,
"Onions, canned, solids and liquids",,,VEGETABLE,19.0,0.85,4.02,0.09,,USDA_FDC_SR_LEGACY,11285,2018-04,True,
"Onions, cooked, boiled, drained, with salt",,,VEGETABLE,42.0,1.36,9.56,0.19,,USDA_FDC_SR_LEGACY,11805,2018-04,True,
"Onions, cooked, boiled, drained, without salt",,,VEGETABLE,44.0,1.36,10.15,0.19,,USDA_FDC_SR_LEGACY,11283,2018-04,True,
"Onions, dehydrated flakes",,,VEGETABLE,349.0,8.95,83.28,0.46,,USDA_FDC_SR_LEGACY,11284,2018-04,True,
"Onions, frozen, chopped, cooked, boiled, drained, with salt",,,VEGETABLE,26.0,0.77,6.0,0.1,,USDA_FDC_SR_LEGACY,11806,2018-04,True,
"Onions, frozen, chopped, cooked, boiled, drained, without salt",,,VEGETABLE,28.0,0.77,6.59,0.1,,USDA_FDC_SR_LEGACY,11288,2018-04,True,
"Onions, frozen, chopped, unprepared",,,VEGETABLE,29.0,0.79,6.82,0.1,,USDA_FDC_SR_LEGACY,11287,2018-04,True,
"Onions, frozen, whole, cooked, boiled, drained, with salt",,,VEGETABLE,26.0,0.71,6.11,0.05,,USDA_FDC_SR_LEGACY,11807,2018-04,True,
"Onions, frozen, whole, cooked, boiled, drained, without salt",,,VEGETABLE,28.0,0.71,6.7,0.05,,USDA_FDC_SR_LEGACY,11290,2018-04,True,
"Onions, frozen, whole, unprepared",,,VEGETABLE,35.0,0.89,8.45,0.06,,USDA_FDC_SR_LEGACY,11289,2018-04,True,
"Onions, raw",,,VEGETABLE,40.0,1.1,9.34,0.1,,USDA_FDC_SR_LEGACY,11282,2018-04,True,
"Onions, red, raw",,,VEGETABLE,42.0,0.94,9.93,0.1,,USDA_FDC_FOUNDATION,100252,2026-04-30,True,
"Onions, spring or scallions (includes tops and bulb), raw",,,VEGETABLE,32.0,1.83,7.34,0.19,,USDA_FDC_SR_LEGACY,11291,2018-04,True,
"Onions, sweet, raw",,,VEGETABLE,32.0,0.8,7.55,0.08,,USDA_FDC_SR_LEGACY,11294,2018-04,True,
"Onions, welsh, raw",,,VEGETABLE,34.0,1.9,6.5,0.4,,USDA_FDC_SR_LEGACY,11293,2018-04,True,
"Onions, white, raw",,,VEGETABLE,33.0,0.89,7.68,0.13,,USDA_FDC_FOUNDATION,100255,2026-04-30,True,
"Onions, yellow, raw",,,VEGETABLE,36.0,0.83,8.61,0.05,,USDA_FDC_FOUNDATION,100253,2026-04-30,True,
"Onions, yellow, sauteed",,,VEGETABLE,123.0,0.95,7.86,10.8,,USDA_FDC_SR_LEGACY,11286,2018-04,True,
"Onions, young green, tops only",,,VEGETABLE,27.0,0.97,5.74,0.47,,USDA_FDC_SR_LEGACY,11292,2018-04,True,
"Parsley, freeze-dried",,,VEGETABLE,271.0,31.3,42.38,5.2,,USDA_FDC_SR_LEGACY,11625,2018-04,True,
"Parsley, fresh",,,VEGETABLE,36.0,2.97,6.33,0.79,,USDA_FDC_SR_LEGACY,11297,2018-04,True,
"Parsnips, cooked, boiled, drained, with salt",,,VEGETABLE,71.0,1.32,17.01,0.3,,USDA_FDC_SR_LEGACY,11808,2018-04,True,
"Parsnips, cooked, boiled, drained, without salt",,,VEGETABLE,71.0,1.32,17.01,0.3,,USDA_FDC_SR_LEGACY,11299,2018-04,True,
"Parsnips, raw",,,VEGETABLE,87.07,1.27,19.29,0.54,,USDA_FDC_FOUNDATION,11298,2026-04-30,True,
"Peas and carrots, canned, no salt added, solids and liquids",,,VEGETABLE,38.0,2.17,8.48,0.27,,USDA_FDC_SR_LEGACY,11816,2018-04,True,
"Peas and carrots, canned, regular pack, solids and liquids",,,VEGETABLE,38.0,2.17,8.48,0.27,,USDA_FDC_SR_LEGACY,11318,2018-04,True,
"Peas and carrots, frozen, cooked, boiled, drained, with salt",,,VEGETABLE,48.0,3.09,10.12,0.42,,USDA_FDC_SR_LEGACY,11817,2018-04,True,
"Peas and carrots, frozen, cooked, boiled, drained, without salt",,,VEGETABLE,48.0,3.09,10.12,0.42,,USDA_FDC_SR_LEGACY,11323,2018-04,True,
"Peas and carrots, frozen, unprepared",,,VEGETABLE,53.0,3.4,11.15,0.47,,USDA_FDC_SR_LEGACY,11322,2018-04,True,
"Peas and onions, canned, solids and liquids",,,VEGETABLE,51.0,3.28,8.57,0.38,,USDA_FDC_SR_LEGACY,11324,2018-04,True,
"Peas and onions, frozen, cooked, boiled, drained, with salt",,,VEGETABLE,45.0,2.54,8.63,0.2,,USDA_FDC_SR_LEGACY,11818,2018-04,True,
"Peas and onions, frozen, cooked, boiled, drained, without salt",,,VEGETABLE,45.0,2.54,8.63,0.2,,USDA_FDC_SR_LEGACY,11327,2018-04,True,
"Peas and onions, frozen, unprepared",,,VEGETABLE,70.0,3.98,13.51,0.32,,USDA_FDC_SR_LEGACY,11326,2018-04,True,
"Peas, edible-podded, boiled, drained, without salt",,,VEGETABLE,42.0,3.27,7.05,0.23,,USDA_FDC_SR_LEGACY,11301,2018-04,True,
"Peas, edible-podded, cooked, boiled, drained, with salt",,,VEGETABLE,40.0,3.27,6.46,0.23,,USDA_FDC_SR_LEGACY,11809,2018-04,True,
"Peas, edible-podded, frozen, cooked, boiled, drained, with salt",,,VEGETABLE,50.0,3.5,8.43,0.38,,USDA_FDC_SR_LEGACY,11810,2018-04,True,
"Peas, edible-podded, frozen, cooked, boiled, drained, without salt",,,VEGETABLE,52.0,3.5,9.02,0.38,,USDA_FDC_SR_LEGACY,11303,2018-04,True,
"Peas, edible-podded, frozen, unprepared",,,VEGETABLE,42.0,2.8,7.2,0.3,,USDA_FDC_SR_LEGACY,11302,2018-04,True,
"Peas, edible-podded, raw",,,VEGETABLE,42.0,2.8,7.55,0.2,,USDA_FDC_SR_LEGACY,11300,2018-04,True,
"Peas, green (includes baby and lesuer types), canned, drained solids, unprepared",,,VEGETABLE,68.0,4.47,11.36,0.8,,USDA_FDC_SR_LEGACY,11308,2018-04,True,
"Peas, green, canned, drained solids, rinsed in tap water",,,VEGETABLE,71.0,4.33,11.82,0.95,,USDA_FDC_SR_LEGACY,11311,2018-04,True,
"Peas, green, canned, no salt added, drained solids",,,VEGETABLE,69.0,4.42,12.58,0.35,,USDA_FDC_SR_LEGACY,11813,2018-04,True,
"Peas, green, canned, no salt added, solids and liquids",,,VEGETABLE,53.0,3.19,9.75,0.3,,USDA_FDC_SR_LEGACY,11812,2018-04,True,
"Peas, green, canned, regular pack, solids and liquids",,,VEGETABLE,58.0,3.01,10.6,0.48,,USDA_FDC_SR_LEGACY,11306,2018-04,True,
"Peas, green, canned, seasoned, solids and liquids",,,VEGETABLE,50.0,3.09,9.25,0.27,,USDA_FDC_SR_LEGACY,11310,2018-04,True,
"Peas, green, cooked, boiled, drained, with salt",,,VEGETABLE,84.0,5.36,15.63,0.22,,USDA_FDC_SR_LEGACY,11811,2018-04,True,
"Peas, green, cooked, boiled, drained, without salt",,,VEGETABLE,84.0,5.36,15.63,0.22,,USDA_FDC_SR_LEGACY,11305,2018-04,True,
"Peas, green, frozen, cooked, boiled, drained, with salt",,,VEGETABLE,78.0,5.15,14.26,0.27,,USDA_FDC_SR_LEGACY,11814,2018-04,True,
"Peas, green, frozen, cooked, boiled, drained, without salt",,,VEGETABLE,78.0,5.15,14.26,0.27,,USDA_FDC_SR_LEGACY,11313,2018-04,True,
"Peas, green, frozen, unprepared (Includes foods for USDA's Food Distribution Program)",,,VEGETABLE,77.0,5.22,13.62,0.4,,USDA_FDC_SR_LEGACY,11312,2018-04,True,
"Peas, green, raw",,,VEGETABLE,81.0,5.42,14.45,0.4,,USDA_FDC_SR_LEGACY,11304,2018-04,True,
"Peas, green, sweet, canned, sodium added, sugar added, drained and rinsed",,,VEGETABLE,77.8,4.73,12.71,1.15,,USDA_FDC_FOUNDATION,100320,2026-04-30,True,
"Peas, mature seeds, sprouted, cooked, boiled, drained, with salt",,,VEGETABLE,98.0,7.05,17.08,0.51,,USDA_FDC_SR_LEGACY,11815,2018-04,True,
"Peas, mature seeds, sprouted, cooked, boiled, drained, without salt",,,VEGETABLE,98.0,7.05,17.08,0.51,,USDA_FDC_SR_LEGACY,11317,2018-04,True,
"Peas, mature seeds, sprouted, raw",,,VEGETABLE,124.0,8.8,27.11,0.68,,USDA_FDC_SR_LEGACY,11316,2018-04,True,
"Pepeao, dried",,,VEGETABLE,298.0,4.82,81.03,0.44,,USDA_FDC_SR_LEGACY,11230,2018-04,True,
"Pepper, banana, raw",,,VEGETABLE,27.0,1.66,5.35,0.45,,USDA_FDC_SR_LEGACY,11976,2018-04,True,
"Peppers, ancho, dried",,,VEGETABLE,281.0,11.86,51.42,8.2,,USDA_FDC_SR_LEGACY,11978,2018-04,True,
"Peppers, banana or Hungarian wax, seeded, raw",,,VEGETABLE,23.94,0.72,4.97,0.13,,USDA_FDC_FOUNDATION,100396,2026-04-30,True,
"Peppers, bell, green, raw",,,VEGETABLE,19.69,0.72,4.78,0.11,,USDA_FDC_FOUNDATION,11333,2026-04-30,True,
"Peppers, bell, orange, raw",,,VEGETABLE,27.38,0.88,6.7,0.16,,USDA_FDC_FOUNDATION,100278,2026-04-30,True,
"Peppers, bell, red, raw",,,VEGETABLE,26.99,0.9,6.65,0.13,,USDA_FDC_FOUNDATION,11821,2026-04-30,True,
"Peppers, bell, yellow, raw",,,VEGETABLE,26.58,0.82,6.6,0.12,,USDA_FDC_FOUNDATION,11951,2026-04-30,True,
"Peppers, chili, green, canned",,,VEGETABLE,21.0,0.72,4.6,0.27,,USDA_FDC_SR_LEGACY,11980,2018-04,True,
"Peppers, hot chile, sun-dried",,,VEGETABLE,324.0,10.58,69.86,5.81,,USDA_FDC_SR_LEGACY,11962,2018-04,True,
"Peppers, hot chili, green, canned, pods, excluding seeds, solids and liquids",,,VEGETABLE,21.0,0.9,5.1,0.1,,USDA_FDC_SR_LEGACY,11329,2018-04,True,
"Peppers, hot chili, green, raw",,,VEGETABLE,40.0,2.0,9.46,0.2,,USDA_FDC_SR_LEGACY,11670,2018-04,True,
"Peppers, hot chili, red, canned, excluding seeds, solids and liquids",,,VEGETABLE,21.0,0.9,5.1,0.1,,USDA_FDC_SR_LEGACY,11820,2018-04,True,
"Peppers, hot chili, red, raw",,,VEGETABLE,40.0,1.87,8.81,0.44,,USDA_FDC_SR_LEGACY,11819,2018-04,True,
"Peppers, hot pickled, canned",,,VEGETABLE,22.0,0.8,4.56,0.4,,USDA_FDC_SR_LEGACY,31034,2018-04,True,
"Peppers, hungarian, raw",,,VEGETABLE,29.0,0.8,6.7,0.41,,USDA_FDC_SR_LEGACY,11981,2018-04,True,
"Peppers, jalapeno, canned, solids and liquids",,,VEGETABLE,27.0,0.92,4.74,0.94,,USDA_FDC_SR_LEGACY,11632,2018-04,True,
"Peppers, jalapeno, raw",,,VEGETABLE,29.0,0.91,6.5,0.37,,USDA_FDC_SR_LEGACY,11979,2018-04,True,
"Peppers, jalapeno, seeded, raw",,,VEGETABLE,24.13,0.62,5.08,0.15,,USDA_FDC_FOUNDATION,100397,2026-04-30,True,
"Peppers, pasilla, dried",,,VEGETABLE,345.0,12.35,51.13,15.85,,USDA_FDC_SR_LEGACY,11982,2018-04,True,
"Peppers, poblano, seeded, raw",,,VEGETABLE,27.99,1.43,5.14,0.19,,USDA_FDC_FOUNDATION,100398,2026-04-30,True,
"Peppers, serrano, raw",,,VEGETABLE,32.0,1.74,6.7,0.44,,USDA_FDC_SR_LEGACY,11977,2018-04,True,
"Peppers, serrano, seeded, raw",,,VEGETABLE,29.23,0.86,6.14,0.14,,USDA_FDC_FOUNDATION,100399,2026-04-30,True,
"Peppers, sweet, green, canned, solids and liquids",,,VEGETABLE,18.0,0.8,3.9,0.3,,USDA_FDC_SR_LEGACY,11335,2018-04,True,
"Peppers, sweet, green, cooked, boiled, drained, with salt",,,VEGETABLE,26.0,0.92,6.11,0.2,,USDA_FDC_SR_LEGACY,11822,2018-04,True,
"Peppers, sweet, green, cooked, boiled, drained, without salt",,,VEGETABLE,28.0,0.92,6.7,0.2,,USDA_FDC_SR_LEGACY,11334,2018-04,True,
"Peppers, sweet, green, frozen, chopped, boiled, drained, without salt",,,VEGETABLE,18.0,0.95,3.9,0.18,,USDA_FDC_SR_LEGACY,11338,2018-04,True,
"Peppers, sweet, green, frozen, chopped, cooked, boiled, drained, with salt",,,VEGETABLE,16.0,0.95,3.31,0.18,,USDA_FDC_SR_LEGACY,11825,2018-04,True,
"Peppers, sweet, green, frozen, chopped, unprepared",,,VEGETABLE,20.0,1.08,4.45,0.21,,USDA_FDC_SR_LEGACY,11337,2018-04,True,
"Peppers, sweet, green, raw",,,VEGETABLE,20.0,0.86,4.64,0.17,,USDA_FDC_SR_LEGACY,11333,2018-04,True,
"Peppers, sweet, green, sauteed",,,VEGETABLE,116.0,0.78,4.22,11.85,,USDA_FDC_SR_LEGACY,11339,2018-04,True,
"Peppers, sweet, red, canned, solids and liquids",,,VEGETABLE,18.0,0.8,3.9,0.3,,USDA_FDC_SR_LEGACY,11916,2018-04,True,
"Peppers, sweet, red, cooked, boiled, drained, with salt",,,VEGETABLE,26.0,0.92,6.11,0.2,,USDA_FDC_SR_LEGACY,11824,2018-04,True,
"Peppers, sweet, red, cooked, boiled, drained, without salt",,,VEGETABLE,28.0,0.92,6.7,0.2,,USDA_FDC_SR_LEGACY,11823,2018-04,True,
"Peppers, sweet, red, freeze-dried",,,VEGETABLE,314.0,17.9,68.7,3.0,,USDA_FDC_SR_LEGACY,11931,2018-04,True,
"Peppers, sweet, red, frozen, chopped, boiled, drained, with salt",,,VEGETABLE,16.0,0.95,3.31,0.18,,USDA_FDC_SR_LEGACY,11919,2018-04,True,
"Peppers, sweet, red, frozen, chopped, boiled, drained, without salt",,,VEGETABLE,16.0,0.95,3.31,0.18,,USDA_FDC_SR_LEGACY,11918,2018-04,True,
"Peppers, sweet, red, frozen, chopped, unprepared",,,VEGETABLE,20.0,1.08,4.45,0.21,,USDA_FDC_SR_LEGACY,11917,2018-04,True,
"Peppers, sweet, red, raw",,,VEGETABLE,26.0,0.99,6.03,0.3,,USDA_FDC_SR_LEGACY,11821,2018-04,True,
"Peppers, sweet, red, sauteed",,,VEGETABLE,133.0,1.04,6.57,12.75,,USDA_FDC_SR_LEGACY,11921,2018-04,True,
"Peppers, sweet, yellow, raw",,,VEGETABLE,27.0,1.0,6.32,0.21,,USDA_FDC_SR_LEGACY,11951,2018-04,True,
"Pickle relish, hamburger",,,VEGETABLE,129.0,0.63,34.48,0.54,,USDA_FDC_SR_LEGACY,11958,2018-04,True,
"Pickle relish, hot dog",,,VEGETABLE,91.0,1.5,23.35,0.46,,USDA_FDC_SR_LEGACY,11944,2018-04,True,
"Pickle relish, sweet",,,VEGETABLE,130.0,0.37,35.06,0.47,,USDA_FDC_SR_LEGACY,11945,2018-04,True,
"Pickles, chowchow, with cauliflower onion mustard, sweet",,,VEGETABLE,121.0,1.5,26.64,0.9,,USDA_FDC_SR_LEGACY,11983,2018-04,True,
"Pickles, cucumber, dill or kosher dill",,,VEGETABLE,12.0,0.48,1.99,0.43,,USDA_FDC_FOUNDATION,11937,2026-04-30,True,
"Pickles, cucumber, dill, reduced sodium",,,VEGETABLE,12.0,0.5,2.41,0.3,,USDA_FDC_SR_LEGACY,11947,2018-04,True,
"Pickles, cucumber, sour",,,VEGETABLE,11.0,0.33,2.26,0.2,,USDA_FDC_SR_LEGACY,11941,2018-04,True,
"Pickles, cucumber, sour, low sodium",,,VEGETABLE,11.0,0.33,2.26,0.2,,USDA_FDC_SR_LEGACY,11946,2018-04,True,
"Pickles, cucumber, sweet (includes bread and butter pickles)",,,VEGETABLE,91.0,0.58,21.15,0.41,,USDA_FDC_SR_LEGACY,11940,2018-04,True,
"Pickles, cucumber, sweet, low sodium (includes bread and butter pickles)",,,VEGETABLE,122.0,0.37,33.73,0.26,,USDA_FDC_SR_LEGACY,11948,2018-04,True,
"Pigeonpeas, immature seeds, cooked, boiled, drained, with salt",,,VEGETABLE,111.0,5.96,19.49,1.36,,USDA_FDC_SR_LEGACY,11826,2018-04,True,
"Pigeonpeas, immature seeds, cooked, boiled, drained, without salt",,,VEGETABLE,111.0,5.96,19.49,1.36,,USDA_FDC_SR_LEGACY,11345,2018-04,True,
"Pigeonpeas, immature seeds, raw",,,VEGETABLE,136.0,7.2,23.88,1.64,,USDA_FDC_SR_LEGACY,11344,2018-04,True,
"Pimento, canned",,,VEGETABLE,23.0,1.1,5.1,0.3,,USDA_FDC_SR_LEGACY,11943,2018-04,True,
Poi,,,VEGETABLE,112.0,0.38,27.23,0.14,,USDA_FDC_SR_LEGACY,11349,2018-04,True,
"Pokeberry shoots, (poke), cooked, boiled, drained, with salt",,,VEGETABLE,20.0,2.3,3.1,0.4,,USDA_FDC_SR_LEGACY,11827,2018-04,True,
"Pokeberry shoots, (poke), cooked, boiled, drained, without salt",,,VEGETABLE,20.0,2.3,3.1,0.4,,USDA_FDC_SR_LEGACY,11351,2018-04,True,
"Pokeberry shoots, (poke), raw",,,VEGETABLE,23.0,2.6,3.7,0.4,,USDA_FDC_SR_LEGACY,11350,2018-04,True,
Potato flour,,,VEGETABLE,357.0,6.9,83.1,0.34,,USDA_FDC_SR_LEGACY,11413,2018-04,True,
Potato pancakes,,,VEGETABLE,268.0,6.08,27.81,14.76,,USDA_FDC_SR_LEGACY,11672,2018-04,True,
"Potato puffs, frozen, oven-heated",,,VEGETABLE,192.0,2.13,27.29,9.05,,USDA_FDC_SR_LEGACY,11399,2018-04,True,
"Potato puffs, frozen, unprepared",,,VEGETABLE,178.0,1.93,24.8,8.71,,USDA_FDC_SR_LEGACY,11398,2018-04,True,
"Potato salad, home-prepared",,,VEGETABLE,143.0,2.68,11.17,8.2,,USDA_FDC_SR_LEGACY,11414,2018-04,True,
"Potato wedges, frozen (Includes foods for USDA's Food Distribution Program)",,,VEGETABLE,129.0,2.7,25.46,2.2,,USDA_FDC_SR_LEGACY,11410,2018-04,True,
"Potatoes, Russet, flesh and skin, baked",,,VEGETABLE,95.0,2.63,21.44,0.13,,USDA_FDC_SR_LEGACY,11356,2018-04,True,
"Potatoes, au gratin, dry mix, prepared with water, whole milk and butter",,,VEGETABLE,93.0,2.3,12.84,4.12,,USDA_FDC_SR_LEGACY,11385,2018-04,True,
"Potatoes, au gratin, dry mix, unprepared",,,VEGETABLE,314.0,8.9,74.31,3.7,,USDA_FDC_SR_LEGACY,11384,2018-04,True,
"Potatoes, au gratin, home-prepared from recipe using butter",,,VEGETABLE,134.0,5.06,11.26,7.59,,USDA_FDC_SR_LEGACY,11373,2018-04,True,
"Potatoes, au gratin, home-prepared from recipe using margarine",,,VEGETABLE,132.0,5.06,11.27,7.59,,USDA_FDC_SR_LEGACY,11843,2018-04,True,
"Potatoes, baked, flesh and skin, with salt",,,VEGETABLE,93.0,2.5,21.15,0.13,,USDA_FDC_SR_LEGACY,11828,2018-04,True,
"Potatoes, baked, flesh and skin, without salt",,,VEGETABLE,93.0,2.5,21.15,0.13,,USDA_FDC_SR_LEGACY,11674,2018-04,True,
"Potatoes, baked, flesh, with salt",,,VEGETABLE,93.0,1.96,21.55,0.1,,USDA_FDC_SR_LEGACY,11829,2018-04,True,
"Potatoes, baked, flesh, without salt",,,VEGETABLE,93.0,1.96,21.55,0.1,,USDA_FDC_SR_LEGACY,11363,2018-04,True,
"Potatoes, baked, skin only, with salt",,,VEGETABLE,198.0,4.29,46.06,0.1,,USDA_FDC_SR_LEGACY,11830,2018-04,True,
"Potatoes, baked, skin, without salt",,,VEGETABLE,198.0,4.29,46.06,0.1,,USDA_FDC_SR_LEGACY,11364,2018-04,True,
"Potatoes, boiled, cooked in skin, flesh, with salt",,,VEGETABLE,87.0,1.87,20.13,0.1,,USDA_FDC_SR_LEGACY,11831,2018-04,True,
"Potatoes, boiled, cooked in skin, flesh, without salt",,,VEGETABLE,87.0,1.87,20.13,0.1,,USDA_FDC_SR_LEGACY,11365,2018-04,True,
"Potatoes, boiled, cooked in skin, skin, with salt",,,VEGETABLE,78.0,2.86,17.2,0.1,,USDA_FDC_SR_LEGACY,11832,2018-04,True,
"Potatoes, boiled, cooked in skin, skin, without salt",,,VEGETABLE,78.0,2.86,17.21,0.1,,USDA_FDC_SR_LEGACY,11366,2018-04,True,
"Potatoes, boiled, cooked without skin, flesh, with salt",,,VEGETABLE,86.0,1.71,20.01,0.1,,USDA_FDC_SR_LEGACY,11833,2018-04,True,
"Potatoes, boiled, cooked without skin, flesh, without salt",,,VEGETABLE,86.0,1.71,20.01,0.1,,USDA_FDC_SR_LEGACY,11367,2018-04,True,
"Potatoes, canned, drained solids",,,VEGETABLE,60.0,1.41,13.61,0.21,,USDA_FDC_SR_LEGACY,11376,2018-04,True,
"Potatoes, canned, drained solids, no salt added",,,VEGETABLE,60.0,1.4,13.6,0.2,,USDA_FDC_SR_LEGACY,43311,2018-04,True,
"Potatoes, canned, solids and liquids",,,VEGETABLE,44.0,1.2,9.89,0.11,,USDA_FDC_SR_LEGACY,11374,2018-04,True,
"Potatoes, flesh and skin, raw",,,VEGETABLE,77.0,2.05,17.49,0.09,,USDA_FDC_SR_LEGACY,11352,2018-04,True,
"Potatoes, french fried, all types, salt added in processing, frozen, home-prepared, oven heated",,,VEGETABLE,158.0,2.75,25.55,5.48,,USDA_FDC_SR_LEGACY,11403,2018-04,True,
"Potatoes, french fried, all types, salt added in processing, frozen, unprepared",,,VEGETABLE,147.0,2.24,24.81,4.66,,USDA_FDC_SR_LEGACY,11402,2018-04,True,
"Potatoes, french fried, all types, salt not added in processing, frozen, as purchased",,,VEGETABLE,147.0,2.24,24.81,4.66,,USDA_FDC_SR_LEGACY,11842,2018-04,True,
"Potatoes, french fried, all types, salt not added in processing, frozen, oven-heated",,,VEGETABLE,168.0,2.66,28.71,5.22,,USDA_FDC_SR_LEGACY,11841,2018-04,True,
"Potatoes, french fried, cottage-cut, salt not added in processing, frozen, as purchased",,,VEGETABLE,153.0,2.42,23.98,5.78,,USDA_FDC_SR_LEGACY,11406,2018-04,True,
"Potatoes, french fried, cottage-cut, salt not added in processing, frozen, oven-heated",,,VEGETABLE,218.0,3.44,34.03,8.2,,USDA_FDC_SR_LEGACY,11407,2018-04,True,
"Potatoes, french fried, crinkle or regular cut, salt added in processing, frozen, as purchased",,,VEGETABLE,146.0,2.34,23.96,4.99,,USDA_FDC_SR_LEGACY,11359,2018-04,True,
"Potatoes, french fried, crinkle or regular cut, salt added in processing, frozen, oven-heated",,,VEGETABLE,161.0,2.51,27.5,5.13,,USDA_FDC_SR_LEGACY,11360,2018-04,True,
"Potatoes, french fried, cross cut, frozen, unprepared",,,VEGETABLE,187.0,2.7,22.95,10.0,,USDA_FDC_SR_LEGACY,31031,2018-04,True,
"Potatoes, french fried, shoestring, salt added in processing, frozen, as purchased",,,VEGETABLE,163.0,2.16,25.59,6.24,,USDA_FDC_SR_LEGACY,11394,2018-04,True,
"Potatoes, french fried, shoestring, salt added in processing, frozen, oven-heated",,,VEGETABLE,194.0,2.9,31.66,6.76,,USDA_FDC_SR_LEGACY,11395,2018-04,True,
"Potatoes, french fried, steak cut, salt not added in processing, frozen, unprepared",,,VEGETABLE,134.0,2.4,24.31,3.42,,USDA_FDC_SR_LEGACY,31030,2018-04,True,
"Potatoes, french fried, steak fries, salt added in processing, frozen, as purchased",,,VEGETABLE,130.0,2.19,23.51,3.39,,USDA_FDC_SR_LEGACY,11411,2018-04,True,
"Potatoes, french fried, steak fries, salt added in processing, frozen, oven-heated",,,VEGETABLE,148.0,2.57,26.98,3.76,,USDA_FDC_SR_LEGACY,11412,2018-04,True,
"Potatoes, french fried, wedge cut, frozen, unprepared",,,VEGETABLE,162.0,2.56,22.22,7.47,,USDA_FDC_SR_LEGACY,31029,2018-04,True,
"Potatoes, frozen, french fried, par fried, cottage-cut, prepared, heated in oven, with salt",,,VEGETABLE,218.0,3.44,34.03,8.2,,USDA_FDC_SR_LEGACY,11840,2018-04,True,
"Potatoes, frozen, french fried, par fried, extruded, prepared, heated in oven, without salt",,,VEGETABLE,333.0,3.55,39.68,18.71,,USDA_FDC_SR_LEGACY,11409,2018-04,True,
"Potatoes, frozen, french fried, par fried, extruded, unprepared",,,VEGETABLE,260.0,2.83,30.15,14.95,,USDA_FDC_SR_LEGACY,11408,2018-04,True,
"Potatoes, frozen, whole, cooked, boiled, drained, with salt",,,VEGETABLE,63.0,1.98,13.93,0.13,,USDA_FDC_SR_LEGACY,11837,2018-04,True,
"Potatoes, frozen, whole, cooked, boiled, drained, without salt",,,VEGETABLE,65.0,1.98,14.52,0.13,,USDA_FDC_SR_LEGACY,11401,2018-04,True,
"Potatoes, gold, without skin, raw",,,VEGETABLE,71.58,1.81,15.96,0.26,,USDA_FDC_FOUNDATION,100285,2026-04-30,True,
"Potatoes, hash brown, frozen, plain, prepared, pan fried in canola oil",,,VEGETABLE,219.0,2.65,28.51,11.59,,USDA_FDC_SR_LEGACY,11391,2018-04,True,
"Potatoes, hash brown, frozen, plain, unprepared",,,VEGETABLE,82.0,2.06,17.72,0.62,,USDA_FDC_SR_LEGACY,11390,2018-04,True,
"Potatoes, hash brown, frozen, with butter sauce, prepared",,,VEGETABLE,178.0,2.46,24.13,8.79,,USDA_FDC_SR_LEGACY,11393,2018-04,True,
"Potatoes, hash brown, frozen, with butter sauce, unprepared",,,VEGETABLE,135.0,1.87,18.28,6.66,,USDA_FDC_SR_LEGACY,11392,2018-04,True,
"Potatoes, hash brown, home-prepared",,,VEGETABLE,265.0,3.0,35.11,12.52,,USDA_FDC_SR_LEGACY,11370,2018-04,True,
"Potatoes, hash brown, refrigerated, prepared, pan-fried in canola oil",,,VEGETABLE,242.0,3.24,33.99,10.3,,USDA_FDC_SR_LEGACY,31022,2018-04,True,
"Potatoes, hash brown, refrigerated, unprepared",,,VEGETABLE,84.0,1.75,19.16,0.08,,USDA_FDC_SR_LEGACY,31021,2018-04,True,
"Potatoes, mashed, dehydrated, flakes without milk, dry form",,,VEGETABLE,354.0,8.34,81.17,0.41,,USDA_FDC_SR_LEGACY,11378,2018-04,True,
"Potatoes, mashed, dehydrated, granules with milk, dry form",,,VEGETABLE,357.0,10.9,77.7,1.1,,USDA_FDC_SR_LEGACY,11382,2018-04,True,
"Potatoes, mashed, dehydrated, granules without milk, dry form",,,VEGETABLE,372.0,8.22,85.51,0.54,,USDA_FDC_SR_LEGACY,11380,2018-04,True,
"Potatoes, mashed, dehydrated, prepared from flakes without milk, whole milk and butter added",,,VEGETABLE,97.0,1.77,10.87,5.13,,USDA_FDC_SR_LEGACY,11379,2018-04,True,
"Potatoes, mashed, dehydrated, prepared from flakes without milk, whole milk and margarine added",,,VEGETABLE,113.0,1.9,15.02,5.6,,USDA_FDC_SR_LEGACY,11930,2018-04,True,
"Potatoes, mashed, dehydrated, prepared from granules with milk, water and margarine added",,,VEGETABLE,116.0,2.13,16.13,4.8,,USDA_FDC_SR_LEGACY,11383,2018-04,True,
"Potatoes, mashed, dehydrated, prepared from granules without milk, whole milk and butter added",,,VEGETABLE,108.0,2.05,14.36,4.96,,USDA_FDC_SR_LEGACY,11381,2018-04,True,
"Potatoes, mashed, home-prepared, whole milk added",,,VEGETABLE,83.0,1.91,17.57,0.57,,USDA_FDC_SR_LEGACY,11657,2018-04,True,
"Potatoes, mashed, home-prepared, whole milk and butter added",,,VEGETABLE,113.0,1.86,16.81,4.22,,USDA_FDC_SR_LEGACY,11934,2018-04,True,
"Potatoes, mashed, home-prepared, whole milk and margarine added",,,VEGETABLE,113.0,1.96,16.94,4.2,,USDA_FDC_SR_LEGACY,11371,2018-04,True,
"Potatoes, mashed, prepared from granules, without milk, whole milk and margarine",,,VEGETABLE,108.0,2.05,14.4,4.93,,USDA_FDC_SR_LEGACY,11929,2018-04,True,
"Potatoes, mashed, ready-to-eat",,,VEGETABLE,106.0,1.97,13.29,5.01,,USDA_FDC_SR_LEGACY,31036,2018-04,True,
"Potatoes, microwaved, cooked in skin, flesh and skin, without salt",,,VEGETABLE,105.0,2.44,24.24,0.1,,USDA_FDC_SR_LEGACY,11675,2018-04,True,
"Potatoes, microwaved, cooked in skin, flesh, with salt",,,VEGETABLE,100.0,2.1,23.28,0.1,,USDA_FDC_SR_LEGACY,11835,2018-04,True,
"Potatoes, microwaved, cooked in skin, flesh, without salt",,,VEGETABLE,100.0,2.1,23.28,0.1,,USDA_FDC_SR_LEGACY,11368,2018-04,True,
"Potatoes, microwaved, cooked in skin, skin, without salt",,,VEGETABLE,132.0,4.39,29.63,0.1,,USDA_FDC_SR_LEGACY,11369,2018-04,True,
"Potatoes, microwaved, cooked, in skin, flesh and skin, with salt",,,VEGETABLE,105.0,2.44,24.24,0.1,,USDA_FDC_SR_LEGACY,11834,2018-04,True,
"Potatoes, microwaved, cooked, in skin, skin with salt",,,VEGETABLE,132.0,4.39,29.63,0.1,,USDA_FDC_SR_LEGACY,11836,2018-04,True,
"Potatoes, o'brien, frozen, prepared",,,VEGETABLE,204.0,2.22,21.86,13.21,,USDA_FDC_SR_LEGACY,11397,2018-04,True,
"Potatoes, o'brien, frozen, unprepared",,,VEGETABLE,76.0,1.83,17.47,0.14,,USDA_FDC_SR_LEGACY,11396,2018-04,True,
"Potatoes, o'brien, home-prepared",,,VEGETABLE,81.0,2.35,15.47,1.28,,USDA_FDC_SR_LEGACY,11671,2018-04,True,
"Potatoes, raw, skin",,,VEGETABLE,58.0,2.57,12.44,0.1,,USDA_FDC_SR_LEGACY,11362,2018-04,True,
"Potatoes, red, flesh and skin, baked",,,VEGETABLE,87.0,2.3,19.59,0.15,,USDA_FDC_SR_LEGACY,11358,2018-04,True,
"Potatoes, red, flesh and skin, raw",,,VEGETABLE,70.0,1.89,15.9,0.14,,USDA_FDC_SR_LEGACY,11355,2018-04,True,
"Potatoes, red, without skin, raw",,,VEGETABLE,73.37,2.06,16.27,0.25,,USDA_FDC_FOUNDATION,100284,2026-04-30,True,
"Potatoes, roasted, salt added in processing, frozen, unprepared",,,VEGETABLE,127.0,2.22,26.15,1.81,,USDA_FDC_SR_LEGACY,11361,2018-04,True,
"Potatoes, russet, flesh and skin, raw (Includes foods for USDA's Food Distribution Program)",,,VEGETABLE,79.0,2.14,18.07,0.08,,USDA_FDC_SR_LEGACY,11353,2018-04,True,
"Potatoes, russet, without skin, raw",,,VEGETABLE,80.95,2.27,17.77,0.36,,USDA_FDC_FOUNDATION,100283,2026-04-30,True,
"Potatoes, scalloped, dry mix, prepared with water, whole milk and butter",,,VEGETABLE,93.0,2.12,12.77,4.3,,USDA_FDC_SR_LEGACY,11387,2018-04,True,
"Potatoes, scalloped, dry mix, unprepared",,,VEGETABLE,358.0,7.77,73.93,4.59,,USDA_FDC_SR_LEGACY,11386,2018-04,True,
"Potatoes, scalloped, home-prepared with butter",,,VEGETABLE,88.0,2.87,10.78,3.68,,USDA_FDC_SR_LEGACY,11372,2018-04,True,
"Potatoes, scalloped, home-prepared with margarine",,,VEGETABLE,88.0,2.87,10.78,3.68,,USDA_FDC_SR_LEGACY,11844,2018-04,True,
"Potatoes, white, flesh and skin, baked",,,VEGETABLE,92.0,2.1,21.08,0.15,,USDA_FDC_SR_LEGACY,11357,2018-04,True,
"Potatoes, white, flesh and skin, raw",,,VEGETABLE,69.0,1.68,15.71,0.1,,USDA_FDC_SR_LEGACY,11354,2018-04,True,
"Potatoes, yellow fleshed, french fried, frozen, unprepared",,,VEGETABLE,162.0,2.47,25.01,5.84,,USDA_FDC_SR_LEGACY,31027,2018-04,True,
"Potatoes, yellow fleshed, hash brown, shredded, salt added in processing, frozen, unprepared",,,VEGETABLE,81.0,2.04,17.98,0.07,,USDA_FDC_SR_LEGACY,31028,2018-04,True,
"Potatoes, yellow fleshed, roasted, salt added in processing, frozen, unprepared",,,VEGETABLE,119.0,1.99,23.44,1.85,,USDA_FDC_SR_LEGACY,31026,2018-04,True,
"Pumpkin flowers, cooked, boiled, drained, without salt",,,VEGETABLE,15.0,1.09,3.3,0.08,,USDA_FDC_SR_LEGACY,11417,2018-04,True,
"Pumpkin flowers, raw",,,VEGETABLE,15.0,1.03,3.28,0.07,,USDA_FDC_SR_LEGACY,11416,2018-04,True,
"Pumpkin leaves, cooked, boiled, drained, with salt",,,VEGETABLE,21.0,2.72,3.39,0.22,,USDA_FDC_SR_LEGACY,11848,2018-04,True,
"Pumpkin leaves, cooked, boiled, drained, without salt",,,VEGETABLE,21.0,2.72,3.39,0.22,,USDA_FDC_SR_LEGACY,11419,2018-04,True,
"Pumpkin leaves, raw",,,VEGETABLE,19.0,3.15,2.33,0.4,,USDA_FDC_SR_LEGACY,11418,2018-04,True,
"Pumpkin pie mix, canned",,,VEGETABLE,104.0,1.09,26.39,0.13,,USDA_FDC_SR_LEGACY,11426,2018-04,True,
"Pumpkin, canned, with salt",,,VEGETABLE,34.0,1.1,8.09,0.28,,USDA_FDC_SR_LEGACY,11846,2018-04,True,
"Pumpkin, canned, without salt",,,VEGETABLE,34.0,1.1,8.09,0.28,,USDA_FDC_SR_LEGACY,11424,2018-04,True,
"Pumpkin, cooked, boiled, drained, with salt",,,VEGETABLE,18.0,0.72,4.31,0.07,,USDA_FDC_SR_LEGACY,11845,2018-04,True,
"Pumpkin, cooked, boiled, drained, without salt",,,VEGETABLE,20.0,0.72,4.9,0.07,,USDA_FDC_SR_LEGACY,11423,2018-04,True,
"Pumpkin, flowers, cooked, boiled, drained, with salt",,,VEGETABLE,15.0,1.09,3.18,0.08,,USDA_FDC_SR_LEGACY,11847,2018-04,True,
"Pumpkin, raw",,,VEGETABLE,26.0,1.0,6.5,0.1,,USDA_FDC_SR_LEGACY,11422,2018-04,True,
"Purslane, cooked, boiled, drained, with salt",,,VEGETABLE,18.0,1.49,3.55,0.19,,USDA_FDC_SR_LEGACY,11849,2018-04,True,
"Purslane, cooked, boiled, drained, without salt",,,VEGETABLE,18.0,1.49,3.55,0.19,,USDA_FDC_SR_LEGACY,11428,2018-04,True,
"Purslane, raw",,,VEGETABLE,20.0,2.03,3.39,0.36,,USDA_FDC_SR_LEGACY,11427,2018-04,True,
"Radicchio, raw",,,VEGETABLE,26.37,1.31,4.96,0.14,,USDA_FDC_FOUNDATION,11952,2026-04-30,True,
"Radish seeds, sprouted, raw",,,VEGETABLE,43.0,3.81,3.6,2.53,,USDA_FDC_SR_LEGACY,11676,2018-04,True,
"Radishes, hawaiian style, pickled",,,VEGETABLE,28.0,1.1,5.2,0.3,,USDA_FDC_SR_LEGACY,43142,2018-04,True,
"Radishes, oriental, cooked, boiled, drained, with salt",,,VEGETABLE,17.0,0.67,3.43,0.24,,USDA_FDC_SR_LEGACY,11850,2018-04,True,
"Radishes, oriental, cooked, boiled, drained, without salt",,,VEGETABLE,17.0,0.67,3.43,0.24,,USDA_FDC_SR_LEGACY,11431,2018-04,True,
"Radishes, oriental, dried",,,VEGETABLE,271.0,7.9,63.37,0.72,,USDA_FDC_SR_LEGACY,11432,2018-04,True,
"Radishes, oriental, raw",,,VEGETABLE,18.0,0.6,4.1,0.1,,USDA_FDC_SR_LEGACY,11430,2018-04,True,
"Radishes, raw",,,VEGETABLE,16.0,0.68,3.4,0.1,,USDA_FDC_SR_LEGACY,11429,2018-04,True,
"Radishes, red, raw",,,VEGETABLE,19.6,0.66,4.06,0.08,,USDA_FDC_FOUNDATION,100400,2026-04-30,True,
"Radishes, white icicle, raw",,,VEGETABLE,14.0,1.1,2.63,0.1,,USDA_FDC_SR_LEGACY,11637,2018-04,True,
"Rutabagas, cooked, boiled, drained, with salt",,,VEGETABLE,30.0,0.93,6.84,0.18,,USDA_FDC_SR_LEGACY,11851,2018-04,True,
"Rutabagas, cooked, boiled, drained, without salt",,,VEGETABLE,30.0,0.93,6.84,0.18,,USDA_FDC_SR_LEGACY,11436,2018-04,True,
"Rutabagas, raw",,,VEGETABLE,37.0,1.08,8.62,0.16,,USDA_FDC_SR_LEGACY,11435,2018-04,True,
"Salsify, (vegetable oyster), raw",,,VEGETABLE,82.0,3.3,18.6,0.2,,USDA_FDC_SR_LEGACY,11437,2018-04,True,
"Salsify, cooked, boiled, drained, with salt",,,VEGETABLE,68.0,2.73,15.36,0.17,,USDA_FDC_SR_LEGACY,11852,2018-04,True,
"Salsify, cooked, boiled, drained, without salt",,,VEGETABLE,68.0,2.73,15.36,0.17,,USDA_FDC_SR_LEGACY,11438,2018-04,True,
"Sauerkraut, canned, solids and liquids",,,VEGETABLE,19.0,0.91,4.28,0.14,,USDA_FDC_SR_LEGACY,11439,2018-04,True,
"Seaweed, Canadian Cultivated EMI-TSUNOMATA, dry",,,VEGETABLE,259.0,15.34,46.24,1.39,,USDA_FDC_SR_LEGACY,31019,2018-04,True,
"Seaweed, Canadian Cultivated EMI-TSUNOMATA, rehydrated",,,VEGETABLE,31.0,1.86,5.62,0.17,,USDA_FDC_SR_LEGACY,31020,2018-04,True,
"Seaweed, agar, dried",,,VEGETABLE,306.0,6.21,80.88,0.3,,USDA_FDC_SR_LEGACY,11663,2018-04,True,
"Seaweed, agar, raw",,,VEGETABLE,26.0,0.54,6.75,0.03,,USDA_FDC_SR_LEGACY,11442,2018-04,True,
"Seaweed, irishmoss, raw",,,VEGETABLE,49.0,1.51,12.29,0.16,,USDA_FDC_SR_LEGACY,11444,2018-04,True,
"Seaweed, kelp, raw",,,VEGETABLE,43.0,1.68,9.57,0.56,,USDA_FDC_SR_LEGACY,11445,2018-04,True,
"Seaweed, laver, raw",,,VEGETABLE,35.0,5.81,5.11,0.28,,USDA_FDC_SR_LEGACY,11446,2018-04,True,
"Seaweed, spirulina, dried",,,VEGETABLE,290.0,57.47,23.9,7.72,,USDA_FDC_SR_LEGACY,11667,2018-04,True,
"Seaweed, spirulina, raw",,,VEGETABLE,26.0,5.92,2.42,0.39,,USDA_FDC_SR_LEGACY,11666,2018-04,True,
"Seaweed, wakame, raw",,,VEGETABLE,45.0,3.03,9.14,0.64,,USDA_FDC_SR_LEGACY,11669,2018-04,True,
"Sesbania flower, cooked, steamed, with salt",,,VEGETABLE,21.0,1.14,5.1,0.05,,USDA_FDC_SR_LEGACY,11922,2018-04,True,
"Sesbania flower, cooked, steamed, without salt",,,VEGETABLE,22.0,1.14,5.23,0.05,,USDA_FDC_SR_LEGACY,11448,2018-04,True,
"Sesbania flower, raw",,,VEGETABLE,27.0,1.28,6.73,0.04,,USDA_FDC_SR_LEGACY,11447,2018-04,True,
"Shallots, freeze-dried",,,VEGETABLE,348.0,12.3,80.7,0.5,,USDA_FDC_SR_LEGACY,11640,2018-04,True,
"Shallots, raw",,,VEGETABLE,72.0,2.5,16.8,0.1,,USDA_FDC_SR_LEGACY,11677,2018-04,True,
"Soybeans, green, cooked, boiled, drained, with salt",,,VEGETABLE,141.0,12.35,11.05,6.4,,USDA_FDC_SR_LEGACY,11853,2018-04,True,
"Soybeans, green, cooked, boiled, drained, without salt",,,VEGETABLE,141.0,12.35,11.05,6.4,,USDA_FDC_SR_LEGACY,11451,2018-04,True,
"Soybeans, green, raw",,,VEGETABLE,147.0,12.95,11.05,6.8,,USDA_FDC_SR_LEGACY,11450,2018-04,True,
"Soybeans, mature seeds, sprouted, cooked, steamed",,,VEGETABLE,81.0,8.47,6.53,4.45,,USDA_FDC_SR_LEGACY,11453,2018-04,True,
"Soybeans, mature seeds, sprouted, cooked, steamed, with salt",,,VEGETABLE,81.0,8.47,6.53,4.45,,USDA_FDC_SR_LEGACY,11923,2018-04,True,
"Soybeans, mature seeds, sprouted, cooked, stir-fried",,,VEGETABLE,125.0,13.1,9.4,7.1,,USDA_FDC_SR_LEGACY,11454,2018-04,True,
"Soybeans, mature seeds, sprouted, cooked, stir-fried, with salt",,,VEGETABLE,125.0,13.1,9.4,7.1,,USDA_FDC_SR_LEGACY,11924,2018-04,True,
"Soybeans, mature seeds, sprouted, raw",,,VEGETABLE,122.0,13.09,9.57,6.7,,USDA_FDC_SR_LEGACY,11452,2018-04,True,
Spinach souffle,,,VEGETABLE,172.0,7.89,5.9,12.95,,USDA_FDC_SR_LEGACY,11658,2018-04,True,
"Spinach, baby",,,VEGETABLE,20.73,2.85,2.41,0.62,,USDA_FDC_FOUNDATION,100260,2026-04-30,True,
"Spinach, canned, no salt added, solids and liquids",,,VEGETABLE,19.0,2.11,2.92,0.37,,USDA_FDC_SR_LEGACY,11855,2018-04,True,
"Spinach, canned, regular pack, drained solids",,,VEGETABLE,23.0,2.81,3.4,0.5,,USDA_FDC_SR_LEGACY,11461,2018-04,True,
"Spinach, canned, regular pack, solids and liquids",,,VEGETABLE,19.0,2.11,2.92,0.37,,USDA_FDC_SR_LEGACY,11459,2018-04,True,
"Spinach, cooked, boiled, drained, with salt",,,VEGETABLE,23.0,2.97,3.75,0.26,,USDA_FDC_SR_LEGACY,11854,2018-04,True,
"Spinach, cooked, boiled, drained, without salt",,,VEGETABLE,23.0,2.97,3.75,0.26,,USDA_FDC_SR_LEGACY,11458,2018-04,True,
"Spinach, frozen, chopped or leaf, cooked, boiled, drained, with salt",,,VEGETABLE,34.0,4.01,4.8,0.87,,USDA_FDC_SR_LEGACY,11856,2018-04,True,
"Spinach, frozen, chopped or leaf, cooked, boiled, drained, without salt",,,VEGETABLE,34.0,4.01,4.8,0.87,,USDA_FDC_SR_LEGACY,11464,2018-04,True,
"Spinach, frozen, chopped or leaf, unprepared (Includes foods for USDA's Food Distribution Program)",,,VEGETABLE,29.0,3.63,4.21,0.57,,USDA_FDC_SR_LEGACY,11463,2018-04,True,
"Spinach, mature",,,VEGETABLE,21.58,2.91,2.64,0.6,,USDA_FDC_FOUNDATION,11457,2026-04-30,True,
"Spinach, raw",,,VEGETABLE,23.0,2.86,3.63,0.39,,USDA_FDC_SR_LEGACY,11457,2018-04,True,
"Squash, summer, all varieties, cooked, boiled, drained, with salt",,,VEGETABLE,20.0,0.91,4.31,0.31,,USDA_FDC_SR_LEGACY,11857,2018-04,True,
"Squash, summer, all varieties, cooked, boiled, drained, without salt",,,VEGETABLE,20.0,0.91,4.31,0.31,,USDA_FDC_SR_LEGACY,11642,2018-04,True,
"Squash, summer, all varieties, raw",,,VEGETABLE,16.0,1.21,3.35,0.18,,USDA_FDC_SR_LEGACY,11641,2018-04,True,
"Squash, summer, crookneck and straightneck, canned, drained, solid, without salt",,,VEGETABLE,13.0,0.61,2.96,0.07,,USDA_FDC_SR_LEGACY,11471,2018-04,True,
"Squash, summer, crookneck and straightneck, cooked, boiled, drained, with salt",,,VEGETABLE,19.0,1.04,3.79,0.39,,USDA_FDC_SR_LEGACY,11858,2018-04,True,
"Squash, summer, crookneck and straightneck, cooked, boiled, drained, without salt",,,VEGETABLE,19.0,1.04,3.79,0.39,,USDA_FDC_SR_LEGACY,11468,2018-04,True,
"Squash, summer, crookneck and straightneck, frozen, cooked, boiled, drained, with salt",,,VEGETABLE,25.0,1.28,5.54,0.2,,USDA_FDC_SR_LEGACY,11859,2018-04,True,
"Squash, summer, crookneck and straightneck, frozen, cooked, boiled, drained, without salt",,,VEGETABLE,25.0,1.28,5.54,0.2,,USDA_FDC_SR_LEGACY,11474,2018-04,True,
"Squash, summer, crookneck and straightneck, frozen, unprepared",,,VEGETABLE,20.0,0.83,4.8,0.14,,USDA_FDC_SR_LEGACY,11473,2018-04,True,
"Squash, summer, crookneck and straightneck, raw",,,VEGETABLE,19.0,1.01,3.88,0.27,,USDA_FDC_SR_LEGACY,11467,2018-04,True,
"Squash, summer, green, zucchini, includes skin, raw",,,VEGETABLE,16.0,0.98,3.27,0.2,,USDA_FDC_FOUNDATION,100331,2026-04-30,True,
"Squash, summer, scallop, cooked, boiled, drained, with salt",,,VEGETABLE,16.0,1.03,3.3,0.17,,USDA_FDC_SR_LEGACY,11860,2018-04,True,
"Squash, summer, scallop, cooked, boiled, drained, without salt",,,VEGETABLE,16.0,1.03,3.3,0.17,,USDA_FDC_SR_LEGACY,11476,2018-04,True,
"Squash, summer, scallop, raw",,,VEGETABLE,18.0,1.2,3.84,0.2,,USDA_FDC_SR_LEGACY,11475,2018-04,True,
"Squash, summer, yellow, includes skin, raw",,,VEGETABLE,19.0,0.89,4.39,0.14,,USDA_FDC_FOUNDATION,100332,2026-04-30,True,
"Squash, summer, zucchini, includes skin, cooked, boiled, drained, with salt",,,VEGETABLE,15.0,1.14,2.69,0.36,,USDA_FDC_SR_LEGACY,11861,2018-04,True,
"Squash, summer, zucchini, includes skin, cooked, boiled, drained, without salt",,,VEGETABLE,15.0,1.14,2.69,0.36,,USDA_FDC_SR_LEGACY,11478,2018-04,True,
"Squash, summer, zucchini, includes skin, frozen, cooked, boiled, drained, with salt",,,VEGETABLE,14.0,1.15,2.97,0.13,,USDA_FDC_SR_LEGACY,11862,2018-04,True,
"Squash, summer, zucchini, includes skin, frozen, cooked, boiled, drained, without salt",,,VEGETABLE,17.0,1.15,3.56,0.13,,USDA_FDC_SR_LEGACY,11480,2018-04,True,
"Squash, summer, zucchini, includes skin, frozen, unprepared",,,VEGETABLE,17.0,1.16,3.58,0.13,,USDA_FDC_SR_LEGACY,11479,2018-04,True,
"Squash, summer, zucchini, includes skin, raw",,,VEGETABLE,17.0,1.21,3.11,0.32,,USDA_FDC_SR_LEGACY,11477,2018-04,True,
"Squash, summer, zucchini, italian style, canned",,,VEGETABLE,29.0,1.03,6.85,0.11,,USDA_FDC_SR_LEGACY,11481,2018-04,True,
"Squash, winter, acorn, cooked, baked, with salt",,,VEGETABLE,56.0,1.12,14.58,0.14,,USDA_FDC_SR_LEGACY,11864,2018-04,True,
"Squash, winter, acorn, cooked, baked, without salt",,,VEGETABLE,56.0,1.12,14.58,0.14,,USDA_FDC_SR_LEGACY,11483,2018-04,True,
"Squash, winter, acorn, cooked, boiled, mashed, with salt",,,VEGETABLE,34.0,0.67,8.79,0.08,,USDA_FDC_SR_LEGACY,11865,2018-04,True,
"Squash, winter, acorn, cooked, boiled, mashed, without salt",,,VEGETABLE,34.0,0.67,8.79,0.08,,USDA_FDC_SR_LEGACY,11484,2018-04,True,
"Squash, winter, acorn, raw",,,VEGETABLE,41.99,1.25,10.48,0.18,,USDA_FDC_FOUNDATION,11482,2026-04-30,True,
"Squash, winter, all varieties, cooked, baked, with salt",,,VEGETABLE,37.0,0.89,8.85,0.35,,USDA_FDC_SR_LEGACY,11863,2018-04,True,
"Squash, winter, all varieties, cooked, baked, without salt",,,VEGETABLE,37.0,0.89,8.85,0.35,,USDA_FDC_SR_LEGACY,11644,2018-04,True,
"Squash, winter, all varieties, raw",,,VEGETABLE,34.0,0.95,8.59,0.13,,USDA_FDC_SR_LEGACY,11643,2018-04,True,
"Squash, winter, butternut, cooked, baked, with salt",,,VEGETABLE,40.0,0.9,10.49,0.09,,USDA_FDC_SR_LEGACY,11866,2018-04,True,
"Squash, winter, butternut, cooked, baked, without salt",,,VEGETABLE,40.0,0.9,10.49,0.09,,USDA_FDC_SR_LEGACY,11486,2018-04,True,
"Squash, winter, butternut, frozen, cooked, boiled, with salt",,,VEGETABLE,39.0,1.23,10.04,0.07,,USDA_FDC_SR_LEGACY,11867,2018-04,True,
"Squash, winter, butternut, frozen, cooked, boiled, without salt",,,VEGETABLE,39.0,1.23,10.05,0.07,,USDA_FDC_SR_LEGACY,11488,2018-04,True,
"Squash, winter, butternut, frozen, unprepared",,,VEGETABLE,57.0,1.76,14.41,0.1,,USDA_FDC_SR_LEGACY,11487,2018-04,True,
"Squash, winter, butternut, raw",,,VEGETABLE,41.72,1.15,10.51,0.17,,USDA_FDC_FOUNDATION,11485,2026-04-30,True,
"Squash, winter, hubbard, baked, with salt",,,VEGETABLE,50.0,2.48,10.81,0.62,,USDA_FDC_SR_LEGACY,11868,2018-04,True,
"Squash, winter, hubbard, baked, without salt",,,VEGETABLE,50.0,2.48,10.81,0.62,,USDA_FDC_SR_LEGACY,11490,2018-04,True,
"Squash, winter, hubbard, cooked, boiled, mashed, with salt",,,VEGETABLE,30.0,1.48,6.46,0.37,,USDA_FDC_SR_LEGACY,11869,2018-04,True,
"Squash, winter, hubbard, cooked, boiled, mashed, without salt",,,VEGETABLE,30.0,1.48,6.46,0.37,,USDA_FDC_SR_LEGACY,11491,2018-04,True,
"Squash, winter, hubbard, raw",,,VEGETABLE,40.0,2.0,8.7,0.5,,USDA_FDC_SR_LEGACY,11489,2018-04,True,
"Squash, winter, spaghetti, cooked, boiled, drained, or baked, with salt",,,VEGETABLE,27.0,0.66,6.46,0.26,,USDA_FDC_SR_LEGACY,11870,2018-04,True,
"Squash, winter, spaghetti, cooked, boiled, drained, or baked, without salt",,,VEGETABLE,27.0,0.66,6.46,0.26,,USDA_FDC_SR_LEGACY,11493,2018-04,True,
"Squash, winter, spaghetti, raw",,,VEGETABLE,31.0,0.64,6.91,0.57,,USDA_FDC_SR_LEGACY,11492,2018-04,True,
"Squash, zucchini, baby, raw",,,VEGETABLE,21.0,2.71,3.11,0.4,,USDA_FDC_SR_LEGACY,11953,2018-04,True,
"Succotash, (corn and limas), canned, with cream style corn",,,VEGETABLE,77.0,2.64,17.61,0.54,,USDA_FDC_SR_LEGACY,11497,2018-04,True,
"Succotash, (corn and limas), canned, with whole kernel corn, solids and liquids",,,VEGETABLE,63.0,2.6,13.98,0.49,,USDA_FDC_SR_LEGACY,11499,2018-04,True,
"Succotash, (corn and limas), cooked, boiled, drained, with salt",,,VEGETABLE,111.0,5.07,24.37,0.8,,USDA_FDC_SR_LEGACY,11871,2018-04,True,
"Succotash, (corn and limas), cooked, boiled, drained, without salt",,,VEGETABLE,115.0,5.07,24.38,0.8,,USDA_FDC_SR_LEGACY,11496,2018-04,True,
"Succotash, (corn and limas), frozen, cooked, boiled, drained, with salt",,,VEGETABLE,93.0,4.31,19.95,0.89,,USDA_FDC_SR_LEGACY,11872,2018-04,True,
"Succotash, (corn and limas), frozen, cooked, boiled, drained, without salt",,,VEGETABLE,93.0,4.31,19.95,0.89,,USDA_FDC_SR_LEGACY,11502,2018-04,True,
"Succotash, (corn and limas), frozen, unprepared",,,VEGETABLE,93.0,4.31,19.94,0.89,,USDA_FDC_SR_LEGACY,11501,2018-04,True,
"Succotash, (corn and limas), raw",,,VEGETABLE,99.0,5.03,19.59,1.02,,USDA_FDC_SR_LEGACY,11495,2018-04,True,
"Sweet Potato puffs, frozen, unprepared",,,VEGETABLE,161.0,1.36,30.72,3.58,,USDA_FDC_SR_LEGACY,31025,2018-04,True,
"Sweet Potatoes, french fried, crosscut, frozen, unprepared",,,VEGETABLE,209.0,1.7,25.52,11.1,,USDA_FDC_SR_LEGACY,31024,2018-04,True,
"Sweet Potatoes, french fried, frozen as packaged, salt added in processing",,,VEGETABLE,182.0,2.16,35.58,8.92,,USDA_FDC_SR_LEGACY,31023,2018-04,True,
"Sweet potato leaves, cooked, steamed, with salt",,,VEGETABLE,35.0,2.18,7.38,0.34,,USDA_FDC_SR_LEGACY,11874,2018-04,True,
"Sweet potato leaves, cooked, steamed, without salt",,,VEGETABLE,35.0,2.18,7.38,0.34,,USDA_FDC_SR_LEGACY,11506,2018-04,True,
"Sweet potato leaves, raw",,,VEGETABLE,42.0,2.49,8.82,0.51,,USDA_FDC_SR_LEGACY,11505,2018-04,True,
"Sweet potato, canned, mashed",,,VEGETABLE,101.0,1.98,23.19,0.2,,USDA_FDC_SR_LEGACY,11514,2018-04,True,
"Sweet potato, canned, syrup pack, drained solids",,,VEGETABLE,108.0,1.28,25.36,0.32,,USDA_FDC_SR_LEGACY,11647,2018-04,True,
"Sweet potato, canned, syrup pack, solids and liquids",,,VEGETABLE,89.0,0.98,20.93,0.2,,USDA_FDC_SR_LEGACY,11645,2018-04,True,
"Sweet potato, canned, vacuum pack",,,VEGETABLE,91.0,1.65,21.12,0.2,,USDA_FDC_SR_LEGACY,11512,2018-04,True,
"Sweet potato, cooked, baked in skin, flesh, with salt",,,VEGETABLE,90.0,2.01,20.71,0.15,,USDA_FDC_SR_LEGACY,11875,2018-04,True,
"Sweet potato, cooked, baked in skin, flesh, without salt",,,VEGETABLE,90.0,2.01,20.71,0.15,,USDA_FDC_SR_LEGACY,11508,2018-04,True,
"Sweet potato, cooked, boiled, without skin",,,VEGETABLE,76.0,1.37,17.72,0.14,,USDA_FDC_SR_LEGACY,11510,2018-04,True,
"Sweet potato, cooked, boiled, without skin, with salt",,,VEGETABLE,76.0,1.37,17.72,0.14,,USDA_FDC_SR_LEGACY,11876,2018-04,True,
"Sweet potato, cooked, candied, home-prepared",,,VEGETABLE,164.0,0.89,32.12,3.54,,USDA_FDC_SR_LEGACY,11659,2018-04,True,
"Sweet potato, frozen, cooked, baked, with salt",,,VEGETABLE,100.0,1.71,23.4,0.12,,USDA_FDC_SR_LEGACY,11877,2018-04,True,
"Sweet potato, frozen, cooked, baked, without salt",,,VEGETABLE,100.0,1.71,23.4,0.12,,USDA_FDC_SR_LEGACY,11517,2018-04,True,
"Sweet potato, frozen, unprepared (Includes foods for USDA's Food Distribution Program)",,,VEGETABLE,96.0,1.71,22.22,0.18,,USDA_FDC_SR_LEGACY,11516,2018-04,True,
"Sweet potato, raw, unprepared (Includes foods for USDA's Food Distribution Program)",,,VEGETABLE,86.0,1.57,20.12,0.05,,USDA_FDC_SR_LEGACY,11507,2018-04,True,
"Sweet potatoes, orange flesh, without skin, raw",,,VEGETABLE,77.36,1.58,17.33,0.38,,USDA_FDC_FOUNDATION,100286,2026-04-30,True,
"Taro leaves, cooked, steamed, without salt",,,VEGETABLE,24.0,2.72,4.02,0.41,,USDA_FDC_SR_LEGACY,11521,2018-04,True,
"Taro leaves, raw",,,VEGETABLE,42.0,4.98,6.7,0.74,,USDA_FDC_SR_LEGACY,11520,2018-04,True,
"Taro shoots, cooked, without salt",,,VEGETABLE,14.0,0.73,3.2,0.08,,USDA_FDC_SR_LEGACY,11523,2018-04,True,
"Taro shoots, raw",,,VEGETABLE,11.0,0.92,2.32,0.09,,USDA_FDC_SR_LEGACY,11522,2018-04,True,
"Taro, cooked, with salt",,,VEGETABLE,142.0,0.52,34.6,0.11,,USDA_FDC_SR_LEGACY,11878,2018-04,True,
"Taro, cooked, without salt",,,VEGETABLE,142.0,0.52,34.6,0.11,,USDA_FDC_SR_LEGACY,11519,2018-04,True,
"Taro, leaves, cooked, steamed, with salt",,,VEGETABLE,24.0,2.72,3.89,0.41,,USDA_FDC_SR_LEGACY,11879,2018-04,True,
"Taro, raw",,,VEGETABLE,112.0,1.5,26.46,0.2,,USDA_FDC_SR_LEGACY,11518,2018-04,True,
"Taro, shoots, cooked, with salt",,,VEGETABLE,14.0,0.73,3.19,0.08,,USDA_FDC_SR_LEGACY,11880,2018-04,True,
"Taro, tahitian, cooked, with salt",,,VEGETABLE,44.0,4.16,6.85,0.68,,USDA_FDC_SR_LEGACY,11881,2018-04,True,
"Taro, tahitian, cooked, without salt",,,VEGETABLE,44.0,4.16,6.85,0.68,,USDA_FDC_SR_LEGACY,11526,2018-04,True,
"Taro, tahitian, raw",,,VEGETABLE,44.0,2.79,6.91,0.97,,USDA_FDC_SR_LEGACY,11525,2018-04,True,
"Tomatillos, raw",,,VEGETABLE,32.0,0.96,5.84,1.02,,USDA_FDC_SR_LEGACY,11954,2018-04,True,
"Tomato and vegetable juice, low sodium",,,VEGETABLE,22.0,0.6,4.59,0.1,,USDA_FDC_SR_LEGACY,43365,2018-04,True,
"Tomato juice, canned, with salt added",,,VEGETABLE,17.0,0.85,3.53,0.29,,USDA_FDC_SR_LEGACY,11540,2018-04,True,
"Tomato juice, canned, without salt added",,,VEGETABLE,17.0,0.85,3.53,0.29,,USDA_FDC_SR_LEGACY,11886,2018-04,True,
"Tomato juice, with added ingredients, from concentrate, shelf stable",,,VEGETABLE,19.93,0.86,4.32,0.29,,USDA_FDC_FOUNDATION,11540,2026-04-30,True,
Tomato powder,,,VEGETABLE,302.0,12.91,74.68,0.44,,USDA_FDC_SR_LEGACY,11548,2018-04,True,
"Tomato products, canned, paste, without salt added (Includes foods for USDA's Food Distribution Program)",,,VEGETABLE,82.0,4.32,18.91,0.47,,USDA_FDC_SR_LEGACY,11546,2018-04,True,
"Tomato products, canned, puree, with salt added",,,VEGETABLE,38.0,1.65,8.98,0.21,,USDA_FDC_SR_LEGACY,11888,2018-04,True,
"Tomato products, canned, puree, without salt added",,,VEGETABLE,38.0,1.65,8.98,0.21,,USDA_FDC_SR_LEGACY,11547,2018-04,True,
"Tomato products, canned, sauce",,,VEGETABLE,24.0,1.2,5.31,0.3,,USDA_FDC_SR_LEGACY,11549,2018-04,True,
"Tomato products, canned, sauce, spanish style",,,VEGETABLE,33.0,1.44,7.24,0.27,,USDA_FDC_SR_LEGACY,11649,2018-04,True,
"Tomato products, canned, sauce, with herbs and cheese",,,VEGETABLE,59.0,2.13,10.24,1.93,,USDA_FDC_SR_LEGACY,11555,2018-04,True,
"Tomato products, canned, sauce, with mushrooms",,,VEGETABLE,35.0,1.45,8.43,0.13,,USDA_FDC_SR_LEGACY,11551,2018-04,True,
"Tomato products, canned, sauce, with onions",,,VEGETABLE,42.0,1.56,9.94,0.19,,USDA_FDC_SR_LEGACY,11553,2018-04,True,
"Tomato products, canned, sauce, with onions, green peppers, and celery",,,VEGETABLE,41.0,0.94,8.77,0.74,,USDA_FDC_SR_LEGACY,11557,2018-04,True,
"Tomato products, canned, sauce, with tomato tidbits",,,VEGETABLE,32.0,1.32,7.09,0.39,,USDA_FDC_SR_LEGACY,11559,2018-04,True,
"Tomato sauce, canned, no salt added",,,VEGETABLE,24.0,1.2,5.31,0.3,,USDA_FDC_SR_LEGACY,43217,2018-04,True,
"Tomato, paste, canned, without salt added",,,VEGETABLE,88.53,4.23,20.19,0.73,,USDA_FDC_FOUNDATION,11546,2026-04-30,True,
"Tomato, puree, canned",,,VEGETABLE,34.76,1.58,8.04,0.26,,USDA_FDC_FOUNDATION,100345,2026-04-30,True,
"Tomato, roma",,,VEGETABLE,18.95,0.7,3.84,0.42,,USDA_FDC_FOUNDATION,100261,2026-04-30,True,
"Tomato, sauce, canned, with salt added",,,VEGETABLE,29.1,1.35,6.33,0.38,,USDA_FDC_FOUNDATION,100342,2026-04-30,True,
"Tomatoes, canned, red, ripe, diced",,,VEGETABLE,18.0,0.84,3.32,0.5,,USDA_FDC_FOUNDATION,100193,2026-04-30,True,
"Tomatoes, crushed, canned",,,VEGETABLE,32.31,1.44,7.14,0.4,,USDA_FDC_FOUNDATION,11693,2026-04-30,True,
"Tomatoes, grape, raw",,,VEGETABLE,27.0,0.83,5.51,0.63,,USDA_FDC_FOUNDATION,100147,2026-04-30,True,
"Tomatoes, green, raw",,,VEGETABLE,23.0,1.2,5.1,0.2,,USDA_FDC_SR_LEGACY,11527,2018-04,True,
"Tomatoes, orange, raw",,,VEGETABLE,16.0,1.16,3.18,0.19,,USDA_FDC_SR_LEGACY,11695,2018-04,True,
"Tomatoes, red, ripe, canned, packed in tomato juice",,,VEGETABLE,16.0,0.79,3.47,0.25,,USDA_FDC_SR_LEGACY,11531,2018-04,True,
"Tomatoes, red, ripe, canned, packed in tomato juice, no salt added",,,VEGETABLE,16.0,0.79,3.47,0.25,,USDA_FDC_SR_LEGACY,11885,2018-04,True,
"Tomatoes, red, ripe, canned, stewed",,,VEGETABLE,26.0,0.91,6.19,0.19,,USDA_FDC_SR_LEGACY,11533,2018-04,True,
"Tomatoes, red, ripe, canned, with green chilies",,,VEGETABLE,15.0,0.69,3.62,0.08,,USDA_FDC_SR_LEGACY,11537,2018-04,True,
"Tomatoes, red, ripe, cooked",,,VEGETABLE,18.0,0.95,4.01,0.11,,USDA_FDC_SR_LEGACY,11530,2018-04,True,
"Tomatoes, red, ripe, cooked, stewed",,,VEGETABLE,79.0,1.96,13.05,2.68,,USDA_FDC_SR_LEGACY,11660,2018-04,True,
"Tomatoes, red, ripe, cooked, with salt",,,VEGETABLE,18.0,0.95,4.01,0.11,,USDA_FDC_SR_LEGACY,11884,2018-04,True,
"Tomatoes, red, ripe, raw, year round average",,,VEGETABLE,18.0,0.88,3.89,0.2,,USDA_FDC_SR_LEGACY,11529,2018-04,True,
"Tomatoes, sun-dried",,,VEGETABLE,258.0,14.11,55.76,2.97,,USDA_FDC_SR_LEGACY,11955,2018-04,True,
"Tomatoes, sun-dried, packed in oil, drained",,,VEGETABLE,213.0,5.06,23.33,14.08,,USDA_FDC_SR_LEGACY,11956,2018-04,True,
"Tomatoes, whole, canned, solids and liquids, with salt added",,,VEGETABLE,19.15,0.87,4.29,0.21,,USDA_FDC_FOUNDATION,100341,2026-04-30,True,
"Tomatoes, yellow, raw",,,VEGETABLE,15.0,0.98,2.98,0.26,,USDA_FDC_SR_LEGACY,11696,2018-04,True,
"Tree fern, cooked, with salt",,,VEGETABLE,40.0,0.29,10.78,0.07,,USDA_FDC_SR_LEGACY,11928,2018-04,True,
"Tree fern, cooked, without salt",,,VEGETABLE,40.0,0.29,10.98,0.07,,USDA_FDC_SR_LEGACY,11563,2018-04,True,
"Turnip greens and turnips, frozen, cooked, boiled, drained, with salt",,,VEGETABLE,34.0,2.99,4.74,0.38,,USDA_FDC_SR_LEGACY,11893,2018-04,True,
"Turnip greens and turnips, frozen, cooked, boiled, drained, without salt",,,VEGETABLE,35.0,2.99,4.85,0.38,,USDA_FDC_SR_LEGACY,11577,2018-04,True,
"Turnip greens and turnips, frozen, unprepared",,,VEGETABLE,21.0,2.46,3.39,0.19,,USDA_FDC_SR_LEGACY,11576,2018-04,True,
"Turnip greens, canned, no salt added",,,VEGETABLE,19.0,1.36,2.81,0.3,,USDA_FDC_SR_LEGACY,43387,2018-04,True,
"Turnip greens, canned, solids and liquids",,,VEGETABLE,14.0,1.36,2.42,0.3,,USDA_FDC_SR_LEGACY,11570,2018-04,True,
"Turnip greens, cooked, boiled, drained, with salt",,,VEGETABLE,20.0,1.14,4.36,0.23,,USDA_FDC_SR_LEGACY,11891,2018-04,True,
"Turnip greens, cooked, boiled, drained, without salt",,,VEGETABLE,20.0,1.14,4.36,0.23,,USDA_FDC_SR_LEGACY,11569,2018-04,True,
"Turnip greens, frozen, cooked, boiled, drained, with salt",,,VEGETABLE,29.0,3.35,4.98,0.42,,USDA_FDC_SR_LEGACY,11892,2018-04,True,
"Turnip greens, frozen, cooked, boiled, drained, without salt",,,VEGETABLE,29.0,3.35,4.98,0.42,,USDA_FDC_SR_LEGACY,11575,2018-04,True,
"Turnip greens, frozen, unprepared",,,VEGETABLE,22.0,2.47,3.67,0.31,,USDA_FDC_SR_LEGACY,11574,2018-04,True,
"Turnip greens, raw",,,VEGETABLE,32.0,1.5,7.13,0.3,,USDA_FDC_SR_LEGACY,11568,2018-04,True,
"Turnips, cooked, boiled, drained, with salt",,,VEGETABLE,22.0,0.71,5.06,0.08,,USDA_FDC_SR_LEGACY,11889,2018-04,True,
"Turnips, cooked, boiled, drained, without salt",,,VEGETABLE,22.0,0.71,5.06,0.08,,USDA_FDC_SR_LEGACY,11565,2018-04,True,
"Turnips, frozen, cooked, boiled, drained, with salt",,,VEGETABLE,21.0,1.53,3.73,0.24,,USDA_FDC_SR_LEGACY,11890,2018-04,True,
"Turnips, frozen, cooked, boiled, drained, without salt",,,VEGETABLE,23.0,1.53,4.35,0.24,,USDA_FDC_SR_LEGACY,11567,2018-04,True,
"Turnips, frozen, unprepared",,,VEGETABLE,16.0,1.04,2.94,0.16,,USDA_FDC_SR_LEGACY,11566,2018-04,True,
"Turnips, raw",,,VEGETABLE,33.98,0.95,7.27,0.12,,USDA_FDC_FOUNDATION,11564,2026-04-30,True,
"Vegetable juice cocktail, canned",,,VEGETABLE,22.0,0.93,3.87,0.31,,USDA_FDC_SR_LEGACY,11578,2018-04,True,
"Vegetable juice cocktail, low sodium, canned",,,VEGETABLE,19.0,0.91,3.83,0.32,,USDA_FDC_SR_LEGACY,11585,2018-04,True,
"Vegetable juice, BOLTHOUSE FARMS, DAILY GREENS",,,VEGETABLE,31.0,0.49,8.13,0.04,,USDA_FDC_SR_LEGACY,31035,2018-04,True,
"Vegetables, mixed (corn, lima beans, peas, green beans, carrots) canned, no salt added",,,VEGETABLE,37.0,1.4,7.31,0.2,,USDA_FDC_SR_LEGACY,43312,2018-04,True,
"Vegetables, mixed, canned, drained solids",,,VEGETABLE,49.0,2.59,9.26,0.25,,USDA_FDC_SR_LEGACY,11581,2018-04,True,
"Vegetables, mixed, canned, solids and liquids",,,VEGETABLE,36.0,1.42,7.13,0.25,,USDA_FDC_SR_LEGACY,11579,2018-04,True,
"Vegetables, mixed, frozen, cooked, boiled, drained, with salt",,,VEGETABLE,60.0,2.86,13.09,0.15,,USDA_FDC_SR_LEGACY,11894,2018-04,True,
"Vegetables, mixed, frozen, cooked, boiled, drained, without salt",,,VEGETABLE,65.0,2.86,13.09,0.15,,USDA_FDC_SR_LEGACY,11584,2018-04,True,
"Vegetables, mixed, frozen, unprepared",,,VEGETABLE,72.0,3.33,13.47,0.52,,USDA_FDC_SR_LEGACY,11583,2018-04,True,
"Vinespinach, (basella), raw",,,VEGETABLE,19.0,1.8,3.4,0.3,,USDA_FDC_SR_LEGACY,11587,2018-04,True,
"Wasabi, root, raw",,,VEGETABLE,109.0,4.8,23.54,0.63,,USDA_FDC_SR_LEGACY,11990,2018-04,True,
"Water convolvulus, cooked, boiled, drained, with salt",,,VEGETABLE,20.0,2.08,3.7,0.24,,USDA_FDC_SR_LEGACY,11873,2018-04,True,
"Water convolvulus, cooked, boiled, drained, without salt",,,VEGETABLE,20.0,2.08,3.7,0.24,,USDA_FDC_SR_LEGACY,11504,2018-04,True,
"Water convolvulus,raw",,,VEGETABLE,19.0,2.6,3.13,0.2,,USDA_FDC_SR_LEGACY,11503,2018-04,True,
"Waterchestnuts, chinese, (matai), raw",,,VEGETABLE,97.0,1.4,23.94,0.1,,USDA_FDC_SR_LEGACY,11588,2018-04,True,
"Waterchestnuts, chinese, canned, solids and liquids",,,VEGETABLE,50.0,0.88,12.3,0.06,,USDA_FDC_SR_LEGACY,11590,2018-04,True,
"Watercress, raw",,,VEGETABLE,11.0,2.3,1.29,0.1,,USDA_FDC_SR_LEGACY,11591,2018-04,True,
"Waxgourd, (chinese preserving melon), cooked, boiled, drained, with salt",,,VEGETABLE,11.0,0.4,2.45,0.2,,USDA_FDC_SR_LEGACY,11895,2018-04,True,
"Waxgourd, (chinese preserving melon), cooked, boiled, drained, without salt",,,VEGETABLE,14.0,0.4,3.04,0.2,,USDA_FDC_SR_LEGACY,11594,2018-04,True,
"Waxgourd, (chinese preserving melon), raw",,,VEGETABLE,13.0,0.4,3.0,0.2,,USDA_FDC_SR_LEGACY,11593,2018-04,True,
"Winged bean leaves, raw",,,VEGETABLE,74.0,5.85,14.1,1.1,,USDA_FDC_SR_LEGACY,11597,2018-04,True,
"Winged bean tuber, raw",,,VEGETABLE,148.0,11.6,28.1,0.9,,USDA_FDC_SR_LEGACY,11599,2018-04,True,
"Winged bean, immature seeds, cooked, boiled, drained, with salt",,,VEGETABLE,37.0,5.31,3.21,0.66,,USDA_FDC_SR_LEGACY,11896,2018-04,True,
"Winged beans, immature seeds, cooked, boiled, drained, without salt",,,VEGETABLE,38.0,5.31,3.21,0.66,,USDA_FDC_SR_LEGACY,11596,2018-04,True,
"Winged beans, immature seeds, raw",,,VEGETABLE,49.0,6.95,4.31,0.87,,USDA_FDC_SR_LEGACY,11595,2018-04,True,
"Yam, cooked, boiled, drained, or baked, with salt",,,VEGETABLE,114.0,1.49,26.99,0.14,,USDA_FDC_SR_LEGACY,11897,2018-04,True,
"Yam, cooked, boiled, drained, or baked, without salt",,,VEGETABLE,116.0,1.49,27.48,0.14,,USDA_FDC_SR_LEGACY,11602,2018-04,True,
"Yam, raw",,,VEGETABLE,118.0,1.53,27.88,0.17,,USDA_FDC_SR_LEGACY,11601,2018-04,True,
"Yambean (jicama), cooked, boiled, drained, with salt",,,VEGETABLE,36.0,0.72,8.23,0.09,,USDA_FDC_SR_LEGACY,11898,2018-04,True,
"Yambean (jicama), cooked, boiled, drained, without salt",,,VEGETABLE,38.0,0.72,8.82,0.09,,USDA_FDC_SR_LEGACY,11604,2018-04,True,
"Yambean (jicama), raw",,,VEGETABLE,38.0,0.72,8.82,0.09,,USDA_FDC_SR_LEGACY,11603,2018-04,True,
"Yardlong bean, cooked, boiled, drained, with salt",,,VEGETABLE,47.0,2.53,9.17,0.1,,USDA_FDC_SR_LEGACY,11899,2018-04,True,
"Yardlong bean, cooked, boiled, drained, without salt",,,VEGETABLE,47.0,2.53,9.18,0.1,,USDA_FDC_SR_LEGACY,11200,2018-04,True,
"Yardlong bean, raw",,,VEGETABLE,47.0,2.8,8.35,0.4,,USDA_FDC_SR_LEGACY,11199,2018-04,True,
"Yautia (tannier), raw",,,VEGETABLE,98.0,1.46,23.63,0.4,,USDA_FDC_SR_LEGACY,11991,2018-04,True,
Yeast extract spread,,,VEGETABLE,185.0,23.88,20.42,0.9,,USDA_FDC_SR_LEGACY,43406,2018-04,True,
